date,game_id,home_team,away_team,favorite_team,underdog_team,spread,model_name,pick_side,pick_team,pick_line,result
2025-10-23,2025-10-23_OklaCity_Indiana,Indiana,Okla City,Okla City,Indiana,8.5,Logistic,NO BET,,,NO BET
2025-10-23,2025-10-23_OklaCity_Indiana,Indiana,Okla City,Okla City,Indiana,8.5,Linear,UNDERDOG,Indiana,8.5,WIN
2025-10-23,2025-10-23_OklaCity_Indiana,Indiana,Okla City,Okla City,Indiana,8.5,Random Forest,UNDERDOG,Indiana,8.5,WIN
2025-10-23,2025-10-23_OklaCity_Indiana,Indiana,Okla City,Okla City,Indiana,8.5,Decision Tree,UNDERDOG,Indiana,8.5,WIN
2025-10-23,2025-10-23_GoldenState_Denver,Golden State,Denver,Golden State,Denver,2.5,Logistic,NO BET,,,NO BET
2025-10-23,2025-10-23_GoldenState_Denver,Golden State,Denver,Golden State,Denver,2.5,Linear,FAVORITE,Golden State,-2.5,WIN
2025-10-23,2025-10-23_GoldenState_Denver,Golden State,Denver,Golden State,Denver,2.5,Random Forest,UNDERDOG,Denver,2.5,LOSS
2025-10-23,2025-10-23_GoldenState_Denver,Golden State,Denver,Golden State,Denver,2.5,Decision Tree,UNDERDOG,Denver,2.5,LOSS
2025-10-24,2025-10-24_Toronto_Milwaukee,Toronto,Milwaukee,Toronto,Milwaukee,1.5,Logistic,FAVORITE,Toronto,-1.5,LOSS
2025-10-24,2025-10-24_Toronto_Milwaukee,Toronto,Milwaukee,Toronto,Milwaukee,1.5,Linear,FAVORITE,Toronto,-1.5,LOSS
2025-10-24,2025-10-24_Toronto_Milwaukee,Toronto,Milwaukee,Toronto,Milwaukee,1.5,Random Forest,UNDERDOG,Milwaukee,1.5,WIN
2025-10-24,2025-10-24_Toronto_Milwaukee,Toronto,Milwaukee,Toronto,Milwaukee,1.5,Decision Tree,FAVORITE,Toronto,-1.5,LOSS
2025-10-24,2025-10-24_Orlando_Atlanta,Orlando,Atlanta,Orlando,Atlanta,4.5,Logistic,FAVORITE,Orlando,-4.5,LOSS
2025-10-24,2025-10-24_Orlando_Atlanta,Orlando,Atlanta,Orlando,Atlanta,4.5,Linear,FAVORITE,Orlando,-4.5,LOSS
2025-10-24,2025-10-24_Orlando_Atlanta,Orlando,Atlanta,Orlando,Atlanta,4.5,Random Forest,FAVORITE,Orlando,-4.5,LOSS
2025-10-24,2025-10-24_Orlando_Atlanta,Orlando,Atlanta,Orlando,Atlanta,4.5,Decision Tree,FAVORITE,Orlando,-4.5,LOSS
2025-10-24,2025-10-24_Cleveland_Brooklyn,Brooklyn,Cleveland,Cleveland,Brooklyn,11.5,Logistic,UNDERDOG,Brooklyn,11.5,WIN
2025-10-24,2025-10-24_Cleveland_Brooklyn,Brooklyn,Cleveland,Cleveland,Brooklyn,11.5,Linear,FAVORITE,Cleveland,-11.5,LOSS
2025-10-24,2025-10-24_Cleveland_Brooklyn,Brooklyn,Cleveland,Cleveland,Brooklyn,11.5,Random Forest,NO BET,,,NO BET
2025-10-24,2025-10-24_Cleveland_Brooklyn,Brooklyn,Cleveland,Cleveland,Brooklyn,11.5,Decision Tree,UNDERDOG,Brooklyn,11.5,WIN
2025-10-24,2025-10-24_NewYork_Boston,New York,Boston,New York,Boston,3.5,Logistic,FAVORITE,New York,-3.5,WIN
2025-10-24,2025-10-24_NewYork_Boston,New York,Boston,New York,Boston,3.5,Linear,FAVORITE,New York,-3.5,WIN
2025-10-24,2025-10-24_NewYork_Boston,New York,Boston,New York,Boston,3.5,Random Forest,UNDERDOG,Boston,3.5,LOSS
2025-10-24,2025-10-24_NewYork_Boston,New York,Boston,New York,Boston,3.5,Decision Tree,UNDERDOG,Boston,3.5,LOSS
2025-10-24,2025-10-24_Houston_Detroit,Houston,Detroit,Houston,Detroit,6.5,Logistic,FAVORITE,Houston,-6.5,LOSS
2025-10-24,2025-10-24_Houston_Detroit,Houston,Detroit,Houston,Detroit,6.5,Linear,FAVORITE,Houston,-6.5,LOSS
2025-10-24,2025-10-24_Houston_Detroit,Houston,Detroit,Houston,Detroit,6.5,Random Forest,UNDERDOG,Detroit,6.5,WIN
2025-10-24,2025-10-24_Houston_Detroit,Houston,Detroit,Houston,Detroit,6.5,Decision Tree,UNDERDOG,Detroit,6.5,WIN
2025-10-24,2025-10-24_Memphis_Miami,Memphis,Miami,Memphis,Miami,2.5,Logistic,UNDERDOG,Miami,2.5,WIN
2025-10-24,2025-10-24_Memphis_Miami,Memphis,Miami,Memphis,Miami,2.5,Linear,UNDERDOG,Miami,2.5,WIN
2025-10-24,2025-10-24_Memphis_Miami,Memphis,Miami,Memphis,Miami,2.5,Random Forest,UNDERDOG,Miami,2.5,WIN
2025-10-24,2025-10-24_Memphis_Miami,Memphis,Miami,Memphis,Miami,2.5,Decision Tree,FAVORITE,Memphis,-2.5,LOSS
2025-10-24,2025-10-24_SanAntonio_NewOrleans,New Orleans,San Antonio,San Antonio,New Orleans,4.5,Logistic,UNDERDOG,New Orleans,4.5,WIN
2025-10-24,2025-10-24_SanAntonio_NewOrleans,New Orleans,San Antonio,San Antonio,New Orleans,4.5,Linear,UNDERDOG,New Orleans,4.5,WIN
2025-10-24,2025-10-24_SanAntonio_NewOrleans,New Orleans,San Antonio,San Antonio,New Orleans,4.5,Random Forest,FAVORITE,San Antonio,-4.5,LOSS
2025-10-24,2025-10-24_SanAntonio_NewOrleans,New Orleans,San Antonio,San Antonio,New Orleans,4.5,Decision Tree,UNDERDOG,New Orleans,4.5,WIN
2025-10-24,2025-10-24_Dallas_Washington,Dallas,Washington,Dallas,Washington,9.5,Logistic,UNDERDOG,Washington,9.5,WIN
2025-10-24,2025-10-24_Dallas_Washington,Dallas,Washington,Dallas,Washington,9.5,Linear,UNDERDOG,Washington,9.5,WIN
2025-10-24,2025-10-24_Dallas_Washington,Dallas,Washington,Dallas,Washington,9.5,Random Forest,UNDERDOG,Washington,9.5,WIN
2025-10-24,2025-10-24_Dallas_Washington,Dallas,Washington,Dallas,Washington,9.5,Decision Tree,FAVORITE,Dallas,-9.5,LOSS
2025-10-24,2025-10-24_Minnesota_LaLakers,La Lakers,Minnesota,Minnesota,La Lakers,2.5,Logistic,UNDERDOG,La Lakers,2.5,WIN
2025-10-24,2025-10-24_Minnesota_LaLakers,La Lakers,Minnesota,Minnesota,La Lakers,2.5,Linear,UNDERDOG,La Lakers,2.5,WIN
2025-10-24,2025-10-24_Minnesota_LaLakers,La Lakers,Minnesota,Minnesota,La Lakers,2.5,Random Forest,FAVORITE,Minnesota,-2.5,LOSS
2025-10-24,2025-10-24_Minnesota_LaLakers,La Lakers,Minnesota,Minnesota,La Lakers,2.5,Decision Tree,FAVORITE,Minnesota,-2.5,LOSS
2025-10-24,2025-10-24_GoldenState_Portland,Portland,Golden State,Golden State,Portland,2.5,Logistic,UNDERDOG,Portland,2.5,WIN
2025-10-24,2025-10-24_GoldenState_Portland,Portland,Golden State,Golden State,Portland,2.5,Linear,UNDERDOG,Portland,2.5,WIN
2025-10-24,2025-10-24_GoldenState_Portland,Portland,Golden State,Golden State,Portland,2.5,Random Forest,NO BET,,,NO BET
2025-10-24,2025-10-24_GoldenState_Portland,Portland,Golden State,Golden State,Portland,2.5,Decision Tree,FAVORITE,Golden State,-2.5,LOSS
2025-10-24,2025-10-24_Sacramento_Utah,Sacramento,Utah,Sacramento,Utah,5.5,Logistic,NO BET,,,NO BET
2025-10-24,2025-10-24_Sacramento_Utah,Sacramento,Utah,Sacramento,Utah,5.5,Linear,UNDERDOG,Utah,5.5,WIN
2025-10-24,2025-10-24_Sacramento_Utah,Sacramento,Utah,Sacramento,Utah,5.5,Random Forest,UNDERDOG,Utah,5.5,WIN
2025-10-24,2025-10-24_Sacramento_Utah,Sacramento,Utah,Sacramento,Utah,5.5,Decision Tree,UNDERDOG,Utah,5.5,WIN
2025-10-24,2025-10-24_LaClippers_Phoenix,La Clippers,Phoenix,La Clippers,Phoenix,9.5,Logistic,UNDERDOG,Phoenix,9.5,LOSS
2025-10-24,2025-10-24_LaClippers_Phoenix,La Clippers,Phoenix,La Clippers,Phoenix,9.5,Linear,UNDERDOG,Phoenix,9.5,LOSS
2025-10-24,2025-10-24_LaClippers_Phoenix,La Clippers,Phoenix,La Clippers,Phoenix,9.5,Random Forest,UNDERDOG,Phoenix,9.5,LOSS
2025-10-24,2025-10-24_LaClippers_Phoenix,La Clippers,Phoenix,La Clippers,Phoenix,9.5,Decision Tree,UNDERDOG,Phoenix,9.5,LOSS
2025-10-25,2025-10-25_Orlando_Chicago,Orlando,Chicago,Orlando,Chicago,6.5,Logistic,UNDERDOG,Chicago,6.5,LOSS
2025-10-25,2025-10-25_Orlando_Chicago,Orlando,Chicago,Orlando,Chicago,6.5,Linear,UNDERDOG,Chicago,6.5,LOSS
2025-10-25,2025-10-25_Orlando_Chicago,Orlando,Chicago,Orlando,Chicago,6.5,Random Forest,UNDERDOG,Chicago,6.5,LOSS
2025-10-25,2025-10-25_Orlando_Chicago,Orlando,Chicago,Orlando,Chicago,6.5,Decision Tree,UNDERDOG,Chicago,6.5,LOSS
2025-10-25,2025-10-25_OklaCity_Atlanta,Atlanta,Okla City,Okla City,Atlanta,6.5,Logistic,UNDERDOG,Atlanta,6.5,LOSS
2025-10-25,2025-10-25_OklaCity_Atlanta,Atlanta,Okla City,Okla City,Atlanta,6.5,Linear,UNDERDOG,Atlanta,6.5,LOSS
2025-10-25,2025-10-25_OklaCity_Atlanta,Atlanta,Okla City,Okla City,Atlanta,6.5,Random Forest,UNDERDOG,Atlanta,6.5,LOSS
2025-10-25,2025-10-25_OklaCity_Atlanta,Atlanta,Okla City,Okla City,Atlanta,6.5,Decision Tree,FAVORITE,Okla City,-6.5,WIN
2025-10-25,2025-10-25_Philadelphia_Charlotte,Philadelphia,Charlotte,Philadelphia,Charlotte,4.5,Logistic,UNDERDOG,Charlotte,4.5,WIN
2025-10-25,2025-10-25_Philadelphia_Charlotte,Philadelphia,Charlotte,Philadelphia,Charlotte,4.5,Linear,UNDERDOG,Charlotte,4.5,WIN
2025-10-25,2025-10-25_Philadelphia_Charlotte,Philadelphia,Charlotte,Philadelphia,Charlotte,4.5,Random Forest,UNDERDOG,Charlotte,4.5,WIN
2025-10-25,2025-10-25_Philadelphia_Charlotte,Philadelphia,Charlotte,Philadelphia,Charlotte,4.5,Decision Tree,FAVORITE,Philadelphia,-4.5,LOSS
2025-10-25,2025-10-25_Memphis_Indiana,Memphis,Indiana,Memphis,Indiana,1.5,Logistic,UNDERDOG,Indiana,1.5,LOSS
2025-10-25,2025-10-25_Memphis_Indiana,Memphis,Indiana,Memphis,Indiana,1.5,Linear,UNDERDOG,Indiana,1.5,LOSS
2025-10-25,2025-10-25_Memphis_Indiana,Memphis,Indiana,Memphis,Indiana,1.5,Random Forest,UNDERDOG,Indiana,1.5,LOSS
2025-10-25,2025-10-25_Memphis_Indiana,Memphis,Indiana,Memphis,Indiana,1.5,Decision Tree,UNDERDOG,Indiana,1.5,LOSS
2025-10-25,2025-10-25_Denver_Phoenix,Denver,Phoenix,Denver,Phoenix,13.5,Logistic,FAVORITE,Denver,-13.5,WIN
2025-10-25,2025-10-25_Denver_Phoenix,Denver,Phoenix,Denver,Phoenix,13.5,Linear,FAVORITE,Denver,-13.5,WIN
2025-10-25,2025-10-25_Denver_Phoenix,Denver,Phoenix,Denver,Phoenix,13.5,Random Forest,FAVORITE,Denver,-13.5,WIN
2025-10-25,2025-10-25_Denver_Phoenix,Denver,Phoenix,Denver,Phoenix,13.5,Decision Tree,FAVORITE,Denver,-13.5,WIN
2025-10-26,2025-10-26_SanAntonio_Brooklyn,Brooklyn,San Antonio,San Antonio,Brooklyn,10.5,Logistic,UNDERDOG,Brooklyn,10.5,WIN
2025-10-26,2025-10-26_SanAntonio_Brooklyn,Brooklyn,San Antonio,San Antonio,Brooklyn,10.5,Linear,UNDERDOG,Brooklyn,10.5,WIN
2025-10-26,2025-10-26_SanAntonio_Brooklyn,Brooklyn,San Antonio,San Antonio,Brooklyn,10.5,Random Forest,UNDERDOG,Brooklyn,10.5,WIN
2025-10-26,2025-10-26_SanAntonio_Brooklyn,Brooklyn,San Antonio,San Antonio,Brooklyn,10.5,Decision Tree,UNDERDOG,Brooklyn,10.5,WIN
2025-10-26,2025-10-26_Detroit_Boston,Detroit,Boston,Detroit,Boston,3.5,Logistic,UNDERDOG,Boston,3.5,LOSS
2025-10-26,2025-10-26_Detroit_Boston,Detroit,Boston,Detroit,Boston,3.5,Linear,UNDERDOG,Boston,3.5,LOSS
2025-10-26,2025-10-26_Detroit_Boston,Detroit,Boston,Detroit,Boston,3.5,Random Forest,UNDERDOG,Boston,3.5,LOSS
2025-10-26,2025-10-26_Detroit_Boston,Detroit,Boston,Detroit,Boston,3.5,Decision Tree,FAVORITE,Detroit,-3.5,WIN
2025-10-26,2025-10-26_Cleveland_Milwaukee,Cleveland,Milwaukee,Cleveland,Milwaukee,6.5,Logistic,FAVORITE,Cleveland,-6.5,LOSS
2025-10-26,2025-10-26_Cleveland_Milwaukee,Cleveland,Milwaukee,Cleveland,Milwaukee,6.5,Linear,FAVORITE,Cleveland,-6.5,LOSS
2025-10-26,2025-10-26_Cleveland_Milwaukee,Cleveland,Milwaukee,Cleveland,Milwaukee,6.5,Random Forest,FAVORITE,Cleveland,-6.5,LOSS
2025-10-26,2025-10-26_Cleveland_Milwaukee,Cleveland,Milwaukee,Cleveland,Milwaukee,6.5,Decision Tree,FAVORITE,Cleveland,-6.5,LOSS
2025-10-26,2025-10-26_NewYork_Miami,Miami,New York,New York,Miami,2.5,Logistic,FAVORITE,New York,-2.5,LOSS
2025-10-26,2025-10-26_NewYork_Miami,Miami,New York,New York,Miami,2.5,Linear,FAVORITE,New York,-2.5,LOSS
2025-10-26,2025-10-26_NewYork_Miami,Miami,New York,New York,Miami,2.5,Random Forest,UNDERDOG,Miami,2.5,WIN
2025-10-26,2025-10-26_NewYork_Miami,Miami,New York,New York,Miami,2.5,Decision Tree,FAVORITE,New York,-2.5,LOSS
2025-10-26,2025-10-26_Washington_Charlotte,Washington,Charlotte,Washington,Charlotte,2.5,Logistic,FAVORITE,Washington,-2.5,LOSS
2025-10-26,2025-10-26_Washington_Charlotte,Washington,Charlotte,Washington,Charlotte,2.5,Linear,FAVORITE,Washington,-2.5,LOSS
2025-10-26,2025-10-26_Washington_Charlotte,Washington,Charlotte,Washington,Charlotte,2.5,Random Forest,FAVORITE,Washington,-2.5,LOSS
2025-10-26,2025-10-26_Washington_Charlotte,Washington,Charlotte,Washington,Charlotte,2.5,Decision Tree,FAVORITE,Washington,-2.5,LOSS
2025-10-26,2025-10-26_Minnesota_Indiana,Minnesota,Indiana,Minnesota,Indiana,12.5,Logistic,UNDERDOG,Indiana,12.5,WIN
2025-10-26,2025-10-26_Minnesota_Indiana,Minnesota,Indiana,Minnesota,Indiana,12.5,Linear,UNDERDOG,Indiana,12.5,WIN
2025-10-26,2025-10-26_Minnesota_Indiana,Minnesota,Indiana,Minnesota,Indiana,12.5,Random Forest,FAVORITE,Minnesota,-12.5,LOSS
2025-10-26,2025-10-26_Minnesota_Indiana,Minnesota,Indiana,Minnesota,Indiana,12.5,Decision Tree,UNDERDOG,Indiana,12.5,WIN
2025-10-26,2025-10-26_Dallas_Toronto,Dallas,Toronto,Dallas,Toronto,1.5,Logistic,UNDERDOG,Toronto,1.5,LOSS
2025-10-26,2025-10-26_Dallas_Toronto,Dallas,Toronto,Dallas,Toronto,1.5,Linear,UNDERDOG,Toronto,1.5,LOSS
2025-10-26,2025-10-26_Dallas_Toronto,Dallas,Toronto,Dallas,Toronto,1.5,Random Forest,UNDERDOG,Toronto,1.5,LOSS
2025-10-26,2025-10-26_Dallas_Toronto,Dallas,Toronto,Dallas,Toronto,1.5,Decision Tree,FAVORITE,Dallas,-1.5,WIN
2025-10-26,2025-10-26_LaClippers_Portland,La Clippers,Portland,La Clippers,Portland,8.5,Logistic,FAVORITE,La Clippers,-8.5,LOSS
2025-10-26,2025-10-26_LaClippers_Portland,La Clippers,Portland,La Clippers,Portland,8.5,Linear,FAVORITE,La Clippers,-8.5,LOSS
2025-10-26,2025-10-26_LaClippers_Portland,La Clippers,Portland,La Clippers,Portland,8.5,Random Forest,FAVORITE,La Clippers,-8.5,LOSS
2025-10-26,2025-10-26_LaClippers_Portland,La Clippers,Portland,La Clippers,Portland,8.5,Decision Tree,UNDERDOG,Portland,8.5,WIN
2025-10-26,2025-10-26_LaLakers_Sacramento,Sacramento,La Lakers,La Lakers,Sacramento,2.5,Logistic,UNDERDOG,Sacramento,2.5,LOSS
2025-10-26,2025-10-26_LaLakers_Sacramento,Sacramento,La Lakers,La Lakers,Sacramento,2.5,Linear,UNDERDOG,Sacramento,2.5,LOSS
2025-10-26,2025-10-26_LaLakers_Sacramento,Sacramento,La Lakers,La Lakers,Sacramento,2.5,Random Forest,UNDERDOG,Sacramento,2.5,LOSS
2025-10-26,2025-10-26_LaLakers_Sacramento,Sacramento,La Lakers,La Lakers,Sacramento,2.5,Decision Tree,UNDERDOG,Sacramento,2.5,LOSS
2025-10-27,2025-10-27_Cleveland_Detroit,Detroit,Cleveland,Cleveland,Detroit,2.5,Logistic,FAVORITE,Cleveland,-2.5,WIN
2025-10-27,2025-10-27_Cleveland_Detroit,Detroit,Cleveland,Cleveland,Detroit,2.5,Linear,FAVORITE,Cleveland,-2.5,WIN
2025-10-27,2025-10-27_Cleveland_Detroit,Detroit,Cleveland,Cleveland,Detroit,2.5,Random Forest,FAVORITE,Cleveland,-2.5,WIN
2025-10-27,2025-10-27_Cleveland_Detroit,Detroit,Cleveland,Cleveland,Detroit,2.5,Decision Tree,UNDERDOG,Detroit,2.5,LOSS
2025-10-27,2025-10-27_Orlando_Philadelphia,Philadelphia,Orlando,Orlando,Philadelphia,5.5,Logistic,UNDERDOG,Philadelphia,5.5,WIN
2025-10-27,2025-10-27_Orlando_Philadelphia,Philadelphia,Orlando,Orlando,Philadelphia,5.5,Linear,UNDERDOG,Philadelphia,5.5,WIN
2025-10-27,2025-10-27_Orlando_Philadelphia,Philadelphia,Orlando,Orlando,Philadelphia,5.5,Random Forest,UNDERDOG,Philadelphia,5.5,WIN
2025-10-27,2025-10-27_Orlando_Philadelphia,Philadelphia,Orlando,Orlando,Philadelphia,5.5,Decision Tree,UNDERDOG,Philadelphia,5.5,WIN
2025-10-27,2025-10-27_Atlanta_Chicago,Chicago,Atlanta,Atlanta,Chicago,2.5,Logistic,UNDERDOG,Chicago,2.5,WIN
2025-10-27,2025-10-27_Atlanta_Chicago,Chicago,Atlanta,Atlanta,Chicago,2.5,Linear,UNDERDOG,Chicago,2.5,WIN
2025-10-27,2025-10-27_Atlanta_Chicago,Chicago,Atlanta,Atlanta,Chicago,2.5,Random Forest,UNDERDOG,Chicago,2.5,WIN
2025-10-27,2025-10-27_Atlanta_Chicago,Chicago,Atlanta,Atlanta,Chicago,2.5,Decision Tree,UNDERDOG,Chicago,2.5,WIN
2025-10-27,2025-10-27_Houston_Brooklyn,Houston,Brooklyn,Houston,Brooklyn,15.5,Logistic,FAVORITE,Houston,-15.5,WIN
2025-10-27,2025-10-27_Houston_Brooklyn,Houston,Brooklyn,Houston,Brooklyn,15.5,Linear,FAVORITE,Houston,-15.5,WIN
2025-10-27,2025-10-27_Houston_Brooklyn,Houston,Brooklyn,Houston,Brooklyn,15.5,Random Forest,FAVORITE,Houston,-15.5,WIN
2025-10-27,2025-10-27_Houston_Brooklyn,Houston,Brooklyn,Houston,Brooklyn,15.5,Decision Tree,UNDERDOG,Brooklyn,15.5,LOSS
2025-10-27,2025-10-27_NewOrleans_Boston,New Orleans,Boston,New Orleans,Boston,1.5,Logistic,FAVORITE,New Orleans,-1.5,LOSS
2025-10-27,2025-10-27_NewOrleans_Boston,New Orleans,Boston,New Orleans,Boston,1.5,Linear,FAVORITE,New Orleans,-1.5,LOSS
2025-10-27,2025-10-27_NewOrleans_Boston,New Orleans,Boston,New Orleans,Boston,1.5,Random Forest,NO BET,,,NO BET
2025-10-27,2025-10-27_NewOrleans_Boston,New Orleans,Boston,New Orleans,Boston,1.5,Decision Tree,UNDERDOG,Boston,1.5,WIN
2025-10-27,2025-10-27_SanAntonio_Toronto,Toronto,San Antonio,San Antonio,Toronto,4.5,Logistic,UNDERDOG,Toronto,4.5,WIN
2025-10-27,2025-10-27_SanAntonio_Toronto,Toronto,San Antonio,San Antonio,Toronto,4.5,Linear,UNDERDOG,Toronto,4.5,WIN
2025-10-27,2025-10-27_SanAntonio_Toronto,Toronto,San Antonio,San Antonio,Toronto,4.5,Random Forest,UNDERDOG,Toronto,4.5,WIN
2025-10-27,2025-10-27_SanAntonio_Toronto,Toronto,San Antonio,San Antonio,Toronto,4.5,Decision Tree,UNDERDOG,Toronto,4.5,WIN
2025-10-27,2025-10-27_OklaCity_Dallas,Dallas,Okla City,Okla City,Dallas,8.5,Logistic,FAVORITE,Okla City,-8.5,LOSS
2025-10-27,2025-10-27_OklaCity_Dallas,Dallas,Okla City,Okla City,Dallas,8.5,Linear,FAVORITE,Okla City,-8.5,LOSS
2025-10-27,2025-10-27_OklaCity_Dallas,Dallas,Okla City,Okla City,Dallas,8.5,Random Forest,UNDERDOG,Dallas,8.5,WIN
2025-10-27,2025-10-27_OklaCity_Dallas,Dallas,Okla City,Okla City,Dallas,8.5,Decision Tree,UNDERDOG,Dallas,8.5,WIN
2025-10-27,2025-10-27_Utah_Phoenix,Utah,Phoenix,Utah,Phoenix,1.5,Logistic,FAVORITE,Utah,-1.5,WIN
2025-10-27,2025-10-27_Utah_Phoenix,Utah,Phoenix,Utah,Phoenix,1.5,Linear,FAVORITE,Utah,-1.5,WIN
2025-10-27,2025-10-27_Utah_Phoenix,Utah,Phoenix,Utah,Phoenix,1.5,Random Forest,FAVORITE,Utah,-1.5,WIN
2025-10-27,2025-10-27_Utah_Phoenix,Utah,Phoenix,Utah,Phoenix,1.5,Decision Tree,FAVORITE,Utah,-1.5,WIN
2025-10-27,2025-10-27_Denver_Minnesota,Minnesota,Denver,Denver,Minnesota,6.5,Logistic,FAVORITE,Denver,-6.5,WIN
2025-10-27,2025-10-27_Denver_Minnesota,Minnesota,Denver,Denver,Minnesota,6.5,Linear,FAVORITE,Denver,-6.5,WIN
2025-10-27,2025-10-27_Denver_Minnesota,Minnesota,Denver,Denver,Minnesota,6.5,Random Forest,FAVORITE,Denver,-6.5,WIN
2025-10-27,2025-10-27_Denver_Minnesota,Minnesota,Denver,Denver,Minnesota,6.5,Decision Tree,FAVORITE,Denver,-6.5,WIN
2025-10-27,2025-10-27_GoldenState_Memphis,Memphis,Golden State,Golden State,Memphis,7.5,Logistic,UNDERDOG,Memphis,7.5,WIN
2025-10-27,2025-10-27_GoldenState_Memphis,Memphis,Golden State,Golden State,Memphis,7.5,Linear,UNDERDOG,Memphis,7.5,WIN
2025-10-27,2025-10-27_GoldenState_Memphis,Memphis,Golden State,Golden State,Memphis,7.5,Random Forest,FAVORITE,Golden State,-7.5,LOSS
2025-10-27,2025-10-27_GoldenState_Memphis,Memphis,Golden State,Golden State,Memphis,7.5,Decision Tree,UNDERDOG,Memphis,7.5,WIN
2025-10-27,2025-10-27_Portland_LaLakers,La Lakers,Portland,Portland,La Lakers,2.5,Logistic,FAVORITE,Portland,-2.5,WIN
2025-10-27,2025-10-27_Portland_LaLakers,La Lakers,Portland,Portland,La Lakers,2.5,Linear,FAVORITE,Portland,-2.5,WIN
2025-10-27,2025-10-27_Portland_LaLakers,La Lakers,Portland,Portland,La Lakers,2.5,Random Forest,FAVORITE,Portland,-2.5,WIN
2025-10-27,2025-10-27_Portland_LaLakers,La Lakers,Portland,Portland,La Lakers,2.5,Decision Tree,UNDERDOG,La Lakers,2.5,LOSS
2025-10-28,2025-10-28_Philadelphia_Washington,Washington,Philadelphia,Philadelphia,Washington,4.5,Logistic,FAVORITE,Philadelphia,-4.5,WIN
2025-10-28,2025-10-28_Philadelphia_Washington,Washington,Philadelphia,Philadelphia,Washington,4.5,Linear,FAVORITE,Philadelphia,-4.5,WIN
2025-10-28,2025-10-28_Philadelphia_Washington,Washington,Philadelphia,Philadelphia,Washington,4.5,Random Forest,FAVORITE,Philadelphia,-4.5,WIN
2025-10-28,2025-10-28_Philadelphia_Washington,Washington,Philadelphia,Philadelphia,Washington,4.5,Decision Tree,FAVORITE,Philadelphia,-4.5,WIN
2025-10-28,2025-10-28_Miami_Charlotte,Miami,Charlotte,Miami,Charlotte,6.5,Logistic,FAVORITE,Miami,-6.5,WIN
2025-10-28,2025-10-28_Miami_Charlotte,Miami,Charlotte,Miami,Charlotte,6.5,Linear,FAVORITE,Miami,-6.5,WIN
2025-10-28,2025-10-28_Miami_Charlotte,Miami,Charlotte,Miami,Charlotte,6.5,Random Forest,FAVORITE,Miami,-6.5,WIN
2025-10-28,2025-10-28_Miami_Charlotte,Miami,Charlotte,Miami,Charlotte,6.5,Decision Tree,FAVORITE,Miami,-6.5,WIN
2025-10-28,2025-10-28_NewYork_Milwaukee,Milwaukee,New York,New York,Milwaukee,1.5,Logistic,FAVORITE,New York,-1.5,LOSS
2025-10-28,2025-10-28_NewYork_Milwaukee,Milwaukee,New York,New York,Milwaukee,1.5,Linear,FAVORITE,New York,-1.5,LOSS
2025-10-28,2025-10-28_NewYork_Milwaukee,Milwaukee,New York,New York,Milwaukee,1.5,Random Forest,UNDERDOG,Milwaukee,1.5,WIN
2025-10-28,2025-10-28_NewYork_Milwaukee,Milwaukee,New York,New York,Milwaukee,1.5,Decision Tree,FAVORITE,New York,-1.5,LOSS
2025-10-28,2025-10-28_OklaCity_Sacramento,Okla City,Sacramento,Okla City,Sacramento,10.5,Logistic,UNDERDOG,Sacramento,10.5,WIN
2025-10-28,2025-10-28_OklaCity_Sacramento,Okla City,Sacramento,Okla City,Sacramento,10.5,Linear,UNDERDOG,Sacramento,10.5,WIN
2025-10-28,2025-10-28_OklaCity_Sacramento,Okla City,Sacramento,Okla City,Sacramento,10.5,Random Forest,UNDERDOG,Sacramento,10.5,WIN
2025-10-28,2025-10-28_OklaCity_Sacramento,Okla City,Sacramento,Okla City,Sacramento,10.5,Decision Tree,UNDERDOG,Sacramento,10.5,WIN
2025-10-28,2025-10-28_LaClippers_GoldenState,Golden State,La Clippers,La Clippers,Golden State,1.5,Logistic,NO BET,,,NO BET
2025-10-28,2025-10-28_LaClippers_GoldenState,Golden State,La Clippers,La Clippers,Golden State,1.5,Linear,FAVORITE,La Clippers,-1.5,LOSS
2025-10-28,2025-10-28_LaClippers_GoldenState,Golden State,La Clippers,La Clippers,Golden State,1.5,Random Forest,FAVORITE,La Clippers,-1.5,LOSS
2025-10-28,2025-10-28_LaClippers_GoldenState,Golden State,La Clippers,La Clippers,Golden State,1.5,Decision Tree,FAVORITE,La Clippers,-1.5,LOSS
2025-10-29,2025-10-29_Houston_Toronto,Toronto,Houston,Houston,Toronto,5.5,Logistic,UNDERDOG,Toronto,5.5,LOSS
2025-10-29,2025-10-29_Houston_Toronto,Toronto,Houston,Houston,Toronto,5.5,Linear,UNDERDOG,Toronto,5.5,LOSS
2025-10-29,2025-10-29_Houston_Toronto,Toronto,Houston,Houston,Toronto,5.5,Random Forest,UNDERDOG,Toronto,5.5,LOSS
2025-10-29,2025-10-29_Houston_Toronto,Toronto,Houston,Houston,Toronto,5.5,Decision Tree,UNDERDOG,Toronto,5.5,LOSS
2025-10-29,2025-10-29_Cleveland_Boston,Boston,Cleveland,Cleveland,Boston,3.5,Logistic,UNDERDOG,Boston,3.5,WIN
2025-10-29,2025-10-29_Cleveland_Boston,Boston,Cleveland,Cleveland,Boston,3.5,Linear,FAVORITE,Cleveland,-3.5,LOSS
2025-10-29,2025-10-29_Cleveland_Boston,Boston,Cleveland,Cleveland,Boston,3.5,Random Forest,FAVORITE,Cleveland,-3.5,LOSS
2025-10-29,2025-10-29_Cleveland_Boston,Boston,Cleveland,Cleveland,Boston,3.5,Decision Tree,UNDERDOG,Boston,3.5,WIN
2025-10-29,2025-10-29_Orlando_Detroit,Detroit,Orlando,Orlando,Detroit,1.5,Logistic,FAVORITE,Orlando,-1.5,LOSS
2025-10-29,2025-10-29_Orlando_Detroit,Detroit,Orlando,Orlando,Detroit,1.5,Linear,FAVORITE,Orlando,-1.5,LOSS
2025-10-29,2025-10-29_Orlando_Detroit,Detroit,Orlando,Orlando,Detroit,1.5,Random Forest,FAVORITE,Orlando,-1.5,LOSS
2025-10-29,2025-10-29_Orlando_Detroit,Detroit,Orlando,Orlando,Detroit,1.5,Decision Tree,FAVORITE,Orlando,-1.5,LOSS
2025-10-29,2025-10-29_Atlanta_Brooklyn,Brooklyn,Atlanta,Atlanta,Brooklyn,8.5,Logistic,UNDERDOG,Brooklyn,8.5,WIN
2025-10-29,2025-10-29_Atlanta_Brooklyn,Brooklyn,Atlanta,Atlanta,Brooklyn,8.5,Linear,UNDERDOG,Brooklyn,8.5,WIN
2025-10-29,2025-10-29_Atlanta_Brooklyn,Brooklyn,Atlanta,Atlanta,Brooklyn,8.5,Random Forest,FAVORITE,Atlanta,-8.5,LOSS
2025-10-29,2025-10-29_Atlanta_Brooklyn,Brooklyn,Atlanta,Atlanta,Brooklyn,8.5,Decision Tree,FAVORITE,Atlanta,-8.5,LOSS
2025-10-29,2025-10-29_Chicago_Sacramento,Chicago,Sacramento,Chicago,Sacramento,4.5,Logistic,UNDERDOG,Sacramento,4.5,LOSS
2025-10-29,2025-10-29_Chicago_Sacramento,Chicago,Sacramento,Chicago,Sacramento,4.5,Linear,UNDERDOG,Sacramento,4.5,LOSS
2025-10-29,2025-10-29_Chicago_Sacramento,Chicago,Sacramento,Chicago,Sacramento,4.5,Random Forest,UNDERDOG,Sacramento,4.5,LOSS
2025-10-29,2025-10-29_Chicago_Sacramento,Chicago,Sacramento,Chicago,Sacramento,4.5,Decision Tree,FAVORITE,Chicago,-4.5,WIN
2025-10-29,2025-10-29_Dallas_Indiana,Dallas,Indiana,Dallas,Indiana,5.5,Logistic,UNDERDOG,Indiana,5.5,WIN
2025-10-29,2025-10-29_Dallas_Indiana,Dallas,Indiana,Dallas,Indiana,5.5,Linear,UNDERDOG,Indiana,5.5,WIN
2025-10-29,2025-10-29_Dallas_Indiana,Dallas,Indiana,Dallas,Indiana,5.5,Random Forest,UNDERDOG,Indiana,5.5,WIN
2025-10-29,2025-10-29_Dallas_Indiana,Dallas,Indiana,Dallas,Indiana,5.5,Decision Tree,UNDERDOG,Indiana,5.5,WIN
2025-10-29,2025-10-29_Denver_NewOrleans,Denver,New Orleans,Denver,New Orleans,12.5,Logistic,FAVORITE,Denver,-12.5,WIN
2025-10-29,2025-10-29_Denver_NewOrleans,Denver,New Orleans,Denver,New Orleans,12.5,Linear,FAVORITE,Denver,-12.5,WIN
2025-10-29,2025-10-29_Denver_NewOrleans,Denver,New Orleans,Denver,New Orleans,12.5,Random Forest,FAVORITE,Denver,-12.5,WIN
2025-10-29,2025-10-29_Denver_NewOrleans,Denver,New Orleans,Denver,New Orleans,12.5,Decision Tree,UNDERDOG,New Orleans,12.5,LOSS
2025-10-29,2025-10-29_Portland_Utah,Utah,Portland,Portland,Utah,3.5,Logistic,FAVORITE,Portland,-3.5,LOSS
2025-10-29,2025-10-29_Portland_Utah,Utah,Portland,Portland,Utah,3.5,Linear,FAVORITE,Portland,-3.5,LOSS
2025-10-29,2025-10-29_Portland_Utah,Utah,Portland,Portland,Utah,3.5,Random Forest,FAVORITE,Portland,-3.5,LOSS
2025-10-29,2025-10-29_Portland_Utah,Utah,Portland,Portland,Utah,3.5,Decision Tree,FAVORITE,Portland,-3.5,LOSS
2025-10-29,2025-10-29_Minnesota_LaLakers,Minnesota,La Lakers,Minnesota,La Lakers,7.5,Logistic,UNDERDOG,La Lakers,7.5,WIN
2025-10-29,2025-10-29_Minnesota_LaLakers,Minnesota,La Lakers,Minnesota,La Lakers,7.5,Linear,UNDERDOG,La Lakers,7.5,WIN
2025-10-29,2025-10-29_Minnesota_LaLakers,Minnesota,La Lakers,Minnesota,La Lakers,7.5,Random Forest,UNDERDOG,La Lakers,7.5,WIN
2025-10-29,2025-10-29_Minnesota_LaLakers,Minnesota,La Lakers,Minnesota,La Lakers,7.5,Decision Tree,UNDERDOG,La Lakers,7.5,WIN
2025-10-29,2025-10-29_Memphis_Phoenix,Phoenix,Memphis,Memphis,Phoenix,1.5,Logistic,UNDERDOG,Phoenix,1.5,WIN
2025-10-29,2025-10-29_Memphis_Phoenix,Phoenix,Memphis,Memphis,Phoenix,1.5,Linear,UNDERDOG,Phoenix,1.5,WIN
2025-10-29,2025-10-29_Memphis_Phoenix,Phoenix,Memphis,Memphis,Phoenix,1.5,Random Forest,NO BET,,,NO BET
2025-10-29,2025-10-29_Memphis_Phoenix,Phoenix,Memphis,Memphis,Phoenix,1.5,Decision Tree,FAVORITE,Memphis,-1.5,LOSS
2025-10-30,2025-10-30_Orlando_Charlotte,Charlotte,Orlando,Orlando,Charlotte,1.5,Logistic,FAVORITE,Orlando,-1.5,WIN
2025-10-30,2025-10-30_Orlando_Charlotte,Charlotte,Orlando,Orlando,Charlotte,1.5,Linear,FAVORITE,Orlando,-1.5,WIN
2025-10-30,2025-10-30_Orlando_Charlotte,Charlotte,Orlando,Orlando,Charlotte,1.5,Random Forest,FAVORITE,Orlando,-1.5,WIN
2025-10-30,2025-10-30_Orlando_Charlotte,Charlotte,Orlando,Orlando,Charlotte,1.5,Decision Tree,FAVORITE,Orlando,-1.5,WIN
2025-10-30,2025-10-30_GoldenState_Milwaukee,Milwaukee,Golden State,Golden State,Milwaukee,3.5,Logistic,UNDERDOG,Milwaukee,3.5,WIN
2025-10-30,2025-10-30_GoldenState_Milwaukee,Milwaukee,Golden State,Golden State,Milwaukee,3.5,Linear,UNDERDOG,Milwaukee,3.5,WIN
2025-10-30,2025-10-30_GoldenState_Milwaukee,Milwaukee,Golden State,Golden State,Milwaukee,3.5,Random Forest,UNDERDOG,Milwaukee,3.5,WIN
2025-10-30,2025-10-30_GoldenState_Milwaukee,Milwaukee,Golden State,Golden State,Milwaukee,3.5,Decision Tree,UNDERDOG,Milwaukee,3.5,WIN
2025-10-30,2025-10-30_OklaCity_Washington,Washington,Okla City,Okla City,Washington,15.5,Logistic,UNDERDOG,Washington,15.5,WIN
2025-10-30,2025-10-30_OklaCity_Washington,Washington,Okla City,Okla City,Washington,15.5,Linear,UNDERDOG,Washington,15.5,WIN
2025-10-30,2025-10-30_OklaCity_Washington,Washington,Okla City,Okla City,Washington,15.5,Random Forest,UNDERDOG,Washington,15.5,WIN
2025-10-30,2025-10-30_OklaCity_Washington,Washington,Okla City,Okla City,Washington,15.5,Decision Tree,FAVORITE,Okla City,-15.5,LOSS
2025-10-30,2025-10-30_SanAntonio_Miami,Miami,San Antonio,San Antonio,Miami,5.5,Logistic,UNDERDOG,Miami,5.5,WIN
2025-10-30,2025-10-30_SanAntonio_Miami,Miami,San Antonio,San Antonio,Miami,5.5,Linear,UNDERDOG,Miami,5.5,WIN
2025-10-30,2025-10-30_SanAntonio_Miami,Miami,San Antonio,San Antonio,Miami,5.5,Random Forest,UNDERDOG,Miami,5.5,WIN
2025-10-30,2025-10-30_SanAntonio_Miami,Miami,San Antonio,San Antonio,Miami,5.5,Decision Tree,UNDERDOG,Miami,5.5,WIN
2025-10-31,2025-10-31_Atlanta_Indiana,Indiana,Atlanta,Atlanta,Indiana,2.5,Logistic,UNDERDOG,Indiana,2.5,LOSS
2025-10-31,2025-10-31_Atlanta_Indiana,Indiana,Atlanta,Atlanta,Indiana,2.5,Linear,UNDERDOG,Indiana,2.5,LOSS
2025-10-31,2025-10-31_Atlanta_Indiana,Indiana,Atlanta,Atlanta,Indiana,2.5,Random Forest,UNDERDOG,Indiana,2.5,LOSS
2025-10-31,2025-10-31_Atlanta_Indiana,Indiana,Atlanta,Atlanta,Indiana,2.5,Decision Tree,UNDERDOG,Indiana,2.5,LOSS
2025-10-31,2025-10-31_Boston_Philadelphia,Philadelphia,Boston,Boston,Philadelphia,1.5,Logistic,FAVORITE,Boston,-1.5,LOSS
2025-10-31,2025-10-31_Boston_Philadelphia,Philadelphia,Boston,Boston,Philadelphia,1.5,Linear,FAVORITE,Boston,-1.5,LOSS
2025-10-31,2025-10-31_Boston_Philadelphia,Philadelphia,Boston,Boston,Philadelphia,1.5,Random Forest,UNDERDOG,Philadelphia,1.5,WIN
2025-10-31,2025-10-31_Boston_Philadelphia,Philadelphia,Boston,Boston,Philadelphia,1.5,Decision Tree,UNDERDOG,Philadelphia,1.5,WIN
2025-10-31,2025-10-31_Cleveland_Toronto,Cleveland,Toronto,Cleveland,Toronto,4.5,Logistic,FAVORITE,Cleveland,-4.5,LOSS
2025-10-31,2025-10-31_Cleveland_Toronto,Cleveland,Toronto,Cleveland,Toronto,4.5,Linear,FAVORITE,Cleveland,-4.5,LOSS
2025-10-31,2025-10-31_Cleveland_Toronto,Cleveland,Toronto,Cleveland,Toronto,4.5,Random Forest,FAVORITE,Cleveland,-4.5,LOSS
2025-10-31,2025-10-31_Cleveland_Toronto,Cleveland,Toronto,Cleveland,Toronto,4.5,Decision Tree,FAVORITE,Cleveland,-4.5,LOSS
2025-10-31,2025-10-31_NewYork_Chicago,Chicago,New York,New York,Chicago,5.5,Logistic,FAVORITE,New York,-5.5,LOSS
2025-10-31,2025-10-31_NewYork_Chicago,Chicago,New York,New York,Chicago,5.5,Linear,FAVORITE,New York,-5.5,LOSS
2025-10-31,2025-10-31_NewYork_Chicago,Chicago,New York,New York,Chicago,5.5,Random Forest,FAVORITE,New York,-5.5,LOSS
2025-10-31,2025-10-31_NewYork_Chicago,Chicago,New York,New York,Chicago,5.5,Decision Tree,FAVORITE,New York,-5.5,LOSS
2025-10-31,2025-10-31_Memphis_LaLakers,La Lakers,Memphis,Memphis,La Lakers,2.5,Logistic,UNDERDOG,La Lakers,2.5,LOSS
2025-10-31,2025-10-31_Memphis_LaLakers,La Lakers,Memphis,Memphis,La Lakers,2.5,Linear,UNDERDOG,La Lakers,2.5,LOSS
2025-10-31,2025-10-31_Memphis_LaLakers,La Lakers,Memphis,Memphis,La Lakers,2.5,Random Forest,UNDERDOG,La Lakers,2.5,LOSS
2025-10-31,2025-10-31_Memphis_LaLakers,La Lakers,Memphis,Memphis,La Lakers,2.5,Decision Tree,UNDERDOG,La Lakers,2.5,LOSS
2025-10-31,2025-10-31_Phoenix_Utah,Phoenix,Utah,Phoenix,Utah,3.5,Logistic,FAVORITE,Phoenix,-3.5,WIN
2025-10-31,2025-10-31_Phoenix_Utah,Phoenix,Utah,Phoenix,Utah,3.5,Linear,UNDERDOG,Utah,3.5,LOSS
2025-10-31,2025-10-31_Phoenix_Utah,Phoenix,Utah,Phoenix,Utah,3.5,Random Forest,UNDERDOG,Utah,3.5,LOSS
2025-10-31,2025-10-31_Phoenix_Utah,Phoenix,Utah,Phoenix,Utah,3.5,Decision Tree,UNDERDOG,Utah,3.5,LOSS
2025-10-31,2025-10-31_Denver_Portland,Portland,Denver,Denver,Portland,5.5,Logistic,UNDERDOG,Portland,5.5,WIN
2025-10-31,2025-10-31_Denver_Portland,Portland,Denver,Denver,Portland,5.5,Linear,UNDERDOG,Portland,5.5,WIN
2025-10-31,2025-10-31_Denver_Portland,Portland,Denver,Denver,Portland,5.5,Random Forest,UNDERDOG,Portland,5.5,WIN
2025-10-31,2025-10-31_Denver_Portland,Portland,Denver,Denver,Portland,5.5,Decision Tree,UNDERDOG,Portland,5.5,WIN
2025-10-31,2025-10-31_LaClippers_NewOrleans,La Clippers,New Orleans,La Clippers,New Orleans,10.5,Logistic,FAVORITE,La Clippers,-10.5,LOSS
2025-10-31,2025-10-31_LaClippers_NewOrleans,La Clippers,New Orleans,La Clippers,New Orleans,10.5,Linear,FAVORITE,La Clippers,-10.5,LOSS
2025-10-31,2025-10-31_LaClippers_NewOrleans,La Clippers,New Orleans,La Clippers,New Orleans,10.5,Random Forest,FAVORITE,La Clippers,-10.5,LOSS
2025-10-31,2025-10-31_LaClippers_NewOrleans,La Clippers,New Orleans,La Clippers,New Orleans,10.5,Decision Tree,FAVORITE,La Clippers,-10.5,LOSS
2025-11-01,2025-11-01_Orlando_Washington,Washington,Orlando,Orlando,Washington,9.5,Logistic,FAVORITE,Orlando,-9.5,WIN
2025-11-01,2025-11-01_Orlando_Washington,Washington,Orlando,Orlando,Washington,9.5,Linear,FAVORITE,Orlando,-9.5,WIN
2025-11-01,2025-11-01_Orlando_Washington,Washington,Orlando,Orlando,Washington,9.5,Random Forest,FAVORITE,Orlando,-9.5,WIN
2025-11-01,2025-11-01_Orlando_Washington,Washington,Orlando,Orlando,Washington,9.5,Decision Tree,FAVORITE,Orlando,-9.5,WIN
2025-11-01,2025-11-01_Minnesota_Charlotte,Charlotte,Minnesota,Minnesota,Charlotte,4.5,Logistic,FAVORITE,Minnesota,-4.5,WIN
2025-11-01,2025-11-01_Minnesota_Charlotte,Charlotte,Minnesota,Minnesota,Charlotte,4.5,Linear,FAVORITE,Minnesota,-4.5,WIN
2025-11-01,2025-11-01_Minnesota_Charlotte,Charlotte,Minnesota,Minnesota,Charlotte,4.5,Random Forest,FAVORITE,Minnesota,-4.5,WIN
2025-11-01,2025-11-01_Minnesota_Charlotte,Charlotte,Minnesota,Minnesota,Charlotte,4.5,Decision Tree,FAVORITE,Minnesota,-4.5,WIN
2025-11-01,2025-11-01_GoldenState_Indiana,Indiana,Golden State,Golden State,Indiana,11.5,Logistic,UNDERDOG,Indiana,11.5,WIN
2025-11-01,2025-11-01_GoldenState_Indiana,Indiana,Golden State,Golden State,Indiana,11.5,Linear,FAVORITE,Golden State,-11.5,LOSS
2025-11-01,2025-11-01_GoldenState_Indiana,Indiana,Golden State,Golden State,Indiana,11.5,Random Forest,FAVORITE,Golden State,-11.5,LOSS
2025-11-01,2025-11-01_GoldenState_Indiana,Indiana,Golden State,Golden State,Indiana,11.5,Decision Tree,UNDERDOG,Indiana,11.5,WIN
2025-11-01,2025-11-01_Houston_Boston,Boston,Houston,Houston,Boston,5.5,Logistic,FAVORITE,Houston,-5.5,WIN
2025-11-01,2025-11-01_Houston_Boston,Boston,Houston,Houston,Boston,5.5,Linear,FAVORITE,Houston,-5.5,WIN
2025-11-01,2025-11-01_Houston_Boston,Boston,Houston,Houston,Boston,5.5,Random Forest,FAVORITE,Houston,-5.5,WIN
2025-11-01,2025-11-01_Houston_Boston,Boston,Houston,Houston,Boston,5.5,Decision Tree,FAVORITE,Houston,-5.5,WIN
2025-11-01,2025-11-01_Milwaukee_Sacramento,Milwaukee,Sacramento,Milwaukee,Sacramento,7.5,Logistic,FAVORITE,Milwaukee,-7.5,LOSS
2025-11-01,2025-11-01_Milwaukee_Sacramento,Milwaukee,Sacramento,Milwaukee,Sacramento,7.5,Linear,FAVORITE,Milwaukee,-7.5,LOSS
2025-11-01,2025-11-01_Milwaukee_Sacramento,Milwaukee,Sacramento,Milwaukee,Sacramento,7.5,Random Forest,NO BET,,,NO BET
2025-11-01,2025-11-01_Milwaukee_Sacramento,Milwaukee,Sacramento,Milwaukee,Sacramento,7.5,Decision Tree,UNDERDOG,Sacramento,7.5,WIN
2025-11-01,2025-11-01_Detroit_Dallas,Detroit,Dallas,Detroit,Dallas,7.5,Logistic,UNDERDOG,Dallas,7.5,LOSS
2025-11-01,2025-11-01_Detroit_Dallas,Detroit,Dallas,Detroit,Dallas,7.5,Linear,UNDERDOG,Dallas,7.5,LOSS
2025-11-01,2025-11-01_Detroit_Dallas,Detroit,Dallas,Detroit,Dallas,7.5,Random Forest,UNDERDOG,Dallas,7.5,LOSS
2025-11-01,2025-11-01_Detroit_Dallas,Detroit,Dallas,Detroit,Dallas,7.5,Decision Tree,UNDERDOG,Dallas,7.5,LOSS
2025-11-02,2025-11-02_OklaCity_NewOrleans,Okla City,New Orleans,Okla City,New Orleans,13.5,Logistic,FAVORITE,Okla City,-13.5,WIN
2025-11-02,2025-11-02_OklaCity_NewOrleans,Okla City,New Orleans,Okla City,New Orleans,13.5,Linear,FAVORITE,Okla City,-13.5,WIN
2025-11-02,2025-11-02_OklaCity_NewOrleans,Okla City,New Orleans,Okla City,New Orleans,13.5,Random Forest,NO BET,,,NO BET
2025-11-02,2025-11-02_OklaCity_NewOrleans,Okla City,New Orleans,Okla City,New Orleans,13.5,Decision Tree,UNDERDOG,New Orleans,13.5,LOSS
2025-11-02,2025-11-02_Philadelphia_Brooklyn,Brooklyn,Philadelphia,Philadelphia,Brooklyn,5.5,Logistic,FAVORITE,Philadelphia,-5.5,WIN
2025-11-02,2025-11-02_Philadelphia_Brooklyn,Brooklyn,Philadelphia,Philadelphia,Brooklyn,5.5,Linear,FAVORITE,Philadelphia,-5.5,WIN
2025-11-02,2025-11-02_Philadelphia_Brooklyn,Brooklyn,Philadelphia,Philadelphia,Brooklyn,5.5,Random Forest,FAVORITE,Philadelphia,-5.5,WIN
2025-11-02,2025-11-02_Philadelphia_Brooklyn,Brooklyn,Philadelphia,Philadelphia,Brooklyn,5.5,Decision Tree,FAVORITE,Philadelphia,-5.5,WIN
2025-11-02,2025-11-02_Charlotte_Utah,Charlotte,Utah,Charlotte,Utah,1.5,Logistic,FAVORITE,Charlotte,-1.5,WIN
2025-11-02,2025-11-02_Charlotte_Utah,Charlotte,Utah,Charlotte,Utah,1.5,Linear,FAVORITE,Charlotte,-1.5,WIN
2025-11-02,2025-11-02_Charlotte_Utah,Charlotte,Utah,Charlotte,Utah,1.5,Random Forest,FAVORITE,Charlotte,-1.5,WIN
2025-11-02,2025-11-02_Charlotte_Utah,Charlotte,Utah,Charlotte,Utah,1.5,Decision Tree,FAVORITE,Charlotte,-1.5,WIN
2025-11-02,2025-11-02_Cleveland_Atlanta,Cleveland,Atlanta,Cleveland,Atlanta,6.5,Logistic,UNDERDOG,Atlanta,6.5,LOSS
2025-11-02,2025-11-02_Cleveland_Atlanta,Cleveland,Atlanta,Cleveland,Atlanta,6.5,Linear,UNDERDOG,Atlanta,6.5,LOSS
2025-11-02,2025-11-02_Cleveland_Atlanta,Cleveland,Atlanta,Cleveland,Atlanta,6.5,Random Forest,UNDERDOG,Atlanta,6.5,LOSS
2025-11-02,2025-11-02_Cleveland_Atlanta,Cleveland,Atlanta,Cleveland,Atlanta,6.5,Decision Tree,FAVORITE,Cleveland,-6.5,WIN
2025-11-02,2025-11-02_Toronto_Memphis,Toronto,Memphis,Toronto,Memphis,4.5,Logistic,UNDERDOG,Memphis,4.5,LOSS
2025-11-02,2025-11-02_Toronto_Memphis,Toronto,Memphis,Toronto,Memphis,4.5,Linear,UNDERDOG,Memphis,4.5,LOSS
2025-11-02,2025-11-02_Toronto_Memphis,Toronto,Memphis,Toronto,Memphis,4.5,Random Forest,UNDERDOG,Memphis,4.5,LOSS
2025-11-02,2025-11-02_Toronto_Memphis,Toronto,Memphis,Toronto,Memphis,4.5,Decision Tree,FAVORITE,Toronto,-4.5,WIN
2025-11-02,2025-11-02_NewYork_Chicago,New York,Chicago,New York,Chicago,7.5,Logistic,FAVORITE,New York,-7.5,WIN
2025-11-02,2025-11-02_NewYork_Chicago,New York,Chicago,New York,Chicago,7.5,Linear,FAVORITE,New York,-7.5,WIN
2025-11-02,2025-11-02_NewYork_Chicago,New York,Chicago,New York,Chicago,7.5,Random Forest,FAVORITE,New York,-7.5,WIN
2025-11-02,2025-11-02_NewYork_Chicago,New York,Chicago,New York,Chicago,7.5,Decision Tree,FAVORITE,New York,-7.5,WIN
2025-11-02,2025-11-02_SanAntonio_Phoenix,Phoenix,San Antonio,San Antonio,Phoenix,5.5,Logistic,UNDERDOG,Phoenix,5.5,WIN
2025-11-02,2025-11-02_SanAntonio_Phoenix,Phoenix,San Antonio,San Antonio,Phoenix,5.5,Linear,UNDERDOG,Phoenix,5.5,WIN
2025-11-02,2025-11-02_SanAntonio_Phoenix,Phoenix,San Antonio,San Antonio,Phoenix,5.5,Random Forest,UNDERDOG,Phoenix,5.5,WIN
2025-11-02,2025-11-02_SanAntonio_Phoenix,Phoenix,San Antonio,San Antonio,Phoenix,5.5,Decision Tree,UNDERDOG,Phoenix,5.5,WIN
2025-11-02,2025-11-02_LaLakers_Miami,Miami,La Lakers,La Lakers,Miami,4.5,Logistic,UNDERDOG,Miami,4.5,WIN
2025-11-02,2025-11-02_LaLakers_Miami,Miami,La Lakers,La Lakers,Miami,4.5,Linear,UNDERDOG,Miami,4.5,WIN
2025-11-02,2025-11-02_LaLakers_Miami,Miami,La Lakers,La Lakers,Miami,4.5,Random Forest,UNDERDOG,Miami,4.5,WIN
2025-11-02,2025-11-02_LaLakers_Miami,Miami,La Lakers,La Lakers,Miami,4.5,Decision Tree,UNDERDOG,Miami,4.5,WIN
2025-11-03,2025-11-03_Minnesota_Brooklyn,Brooklyn,Minnesota,Minnesota,Brooklyn,8.5,Logistic,FAVORITE,Minnesota,-8.5,WIN
2025-11-03,2025-11-03_Minnesota_Brooklyn,Brooklyn,Minnesota,Minnesota,Brooklyn,8.5,Linear,FAVORITE,Minnesota,-8.5,WIN
2025-11-03,2025-11-03_Minnesota_Brooklyn,Brooklyn,Minnesota,Minnesota,Brooklyn,8.5,Random Forest,FAVORITE,Minnesota,-8.5,WIN
2025-11-03,2025-11-03_Minnesota_Brooklyn,Brooklyn,Minnesota,Minnesota,Brooklyn,8.5,Decision Tree,UNDERDOG,Brooklyn,8.5,LOSS
2025-11-03,2025-11-03_Milwaukee_Indiana,Indiana,Milwaukee,Milwaukee,Indiana,6.5,Logistic,UNDERDOG,Indiana,6.5,WIN
2025-11-03,2025-11-03_Milwaukee_Indiana,Indiana,Milwaukee,Milwaukee,Indiana,6.5,Linear,UNDERDOG,Indiana,6.5,WIN
2025-11-03,2025-11-03_Milwaukee_Indiana,Indiana,Milwaukee,Milwaukee,Indiana,6.5,Random Forest,UNDERDOG,Indiana,6.5,WIN
2025-11-03,2025-11-03_Milwaukee_Indiana,Indiana,Milwaukee,Milwaukee,Indiana,6.5,Decision Tree,UNDERDOG,Indiana,6.5,WIN
2025-11-03,2025-11-03_Boston_Utah,Boston,Utah,Boston,Utah,10.5,Logistic,UNDERDOG,Utah,10.5,WIN
2025-11-03,2025-11-03_Boston_Utah,Boston,Utah,Boston,Utah,10.5,Linear,UNDERDOG,Utah,10.5,WIN
2025-11-03,2025-11-03_Boston_Utah,Boston,Utah,Boston,Utah,10.5,Random Forest,UNDERDOG,Utah,10.5,WIN
2025-11-03,2025-11-03_Boston_Utah,Boston,Utah,Boston,Utah,10.5,Decision Tree,UNDERDOG,Utah,10.5,WIN
2025-11-03,2025-11-03_NewYork_Washington,New York,Washington,New York,Washington,12.5,Logistic,UNDERDOG,Washington,12.5,LOSS
2025-11-03,2025-11-03_NewYork_Washington,New York,Washington,New York,Washington,12.5,Linear,UNDERDOG,Washington,12.5,LOSS
2025-11-03,2025-11-03_NewYork_Washington,New York,Washington,New York,Washington,12.5,Random Forest,UNDERDOG,Washington,12.5,LOSS
2025-11-03,2025-11-03_NewYork_Washington,New York,Washington,New York,Washington,12.5,Decision Tree,UNDERDOG,Washington,12.5,LOSS
2025-11-03,2025-11-03_Houston_Dallas,Houston,Dallas,Houston,Dallas,12.5,Logistic,FAVORITE,Houston,-12.5,LOSS
2025-11-03,2025-11-03_Houston_Dallas,Houston,Dallas,Houston,Dallas,12.5,Linear,FAVORITE,Houston,-12.5,LOSS
2025-11-03,2025-11-03_Houston_Dallas,Houston,Dallas,Houston,Dallas,12.5,Random Forest,UNDERDOG,Dallas,12.5,WIN
2025-11-03,2025-11-03_Houston_Dallas,Houston,Dallas,Houston,Dallas,12.5,Decision Tree,FAVORITE,Houston,-12.5,LOSS
2025-11-03,2025-11-03_Detroit_Memphis,Memphis,Detroit,Detroit,Memphis,4.5,Logistic,UNDERDOG,Memphis,4.5,LOSS
2025-11-03,2025-11-03_Detroit_Memphis,Memphis,Detroit,Detroit,Memphis,4.5,Linear,UNDERDOG,Memphis,4.5,LOSS
2025-11-03,2025-11-03_Detroit_Memphis,Memphis,Detroit,Detroit,Memphis,4.5,Random Forest,UNDERDOG,Memphis,4.5,LOSS
2025-11-03,2025-11-03_Detroit_Memphis,Memphis,Detroit,Detroit,Memphis,4.5,Decision Tree,UNDERDOG,Memphis,4.5,LOSS
2025-11-03,2025-11-03_Denver_Sacramento,Denver,Sacramento,Denver,Sacramento,11.5,Logistic,FAVORITE,Denver,-11.5,LOSS
2025-11-03,2025-11-03_Denver_Sacramento,Denver,Sacramento,Denver,Sacramento,11.5,Linear,FAVORITE,Denver,-11.5,LOSS
2025-11-03,2025-11-03_Denver_Sacramento,Denver,Sacramento,Denver,Sacramento,11.5,Random Forest,FAVORITE,Denver,-11.5,LOSS
2025-11-03,2025-11-03_Denver_Sacramento,Denver,Sacramento,Denver,Sacramento,11.5,Decision Tree,FAVORITE,Denver,-11.5,LOSS
2025-11-03,2025-11-03_Portland_LaLakers,Portland,La Lakers,Portland,La Lakers,3.5,Logistic,FAVORITE,Portland,-3.5,LOSS
2025-11-03,2025-11-03_Portland_LaLakers,Portland,La Lakers,Portland,La Lakers,3.5,Linear,UNDERDOG,La Lakers,3.5,WIN
2025-11-03,2025-11-03_Portland_LaLakers,Portland,La Lakers,Portland,La Lakers,3.5,Random Forest,UNDERDOG,La Lakers,3.5,WIN
2025-11-03,2025-11-03_Portland_LaLakers,Portland,La Lakers,Portland,La Lakers,3.5,Decision Tree,FAVORITE,Portland,-3.5,LOSS
2025-11-03,2025-11-03_LaClippers_Miami,Miami,La Clippers,La Clippers,Miami,8.5,Logistic,FAVORITE,La Clippers,-8.5,LOSS
2025-11-03,2025-11-03_LaClippers_Miami,Miami,La Clippers,La Clippers,Miami,8.5,Linear,FAVORITE,La Clippers,-8.5,LOSS
2025-11-03,2025-11-03_LaClippers_Miami,Miami,La Clippers,La Clippers,Miami,8.5,Random Forest,NO BET,,,NO BET
2025-11-03,2025-11-03_LaClippers_Miami,Miami,La Clippers,La Clippers,Miami,8.5,Decision Tree,UNDERDOG,Miami,8.5,WIN
2025-11-04,2025-11-04_Toronto_Milwaukee,Toronto,Milwaukee,Toronto,Milwaukee,3.5,Logistic,FAVORITE,Toronto,-3.5,WIN
2025-11-04,2025-11-04_Toronto_Milwaukee,Toronto,Milwaukee,Toronto,Milwaukee,3.5,Linear,UNDERDOG,Milwaukee,3.5,LOSS
2025-11-04,2025-11-04_Toronto_Milwaukee,Toronto,Milwaukee,Toronto,Milwaukee,3.5,Random Forest,UNDERDOG,Milwaukee,3.5,LOSS
2025-11-04,2025-11-04_Toronto_Milwaukee,Toronto,Milwaukee,Toronto,Milwaukee,3.5,Decision Tree,UNDERDOG,Milwaukee,3.5,LOSS
2025-11-04,2025-11-04_Orlando_Atlanta,Atlanta,Orlando,Orlando,Atlanta,3.5,Logistic,FAVORITE,Orlando,-3.5,LOSS
2025-11-04,2025-11-04_Orlando_Atlanta,Atlanta,Orlando,Orlando,Atlanta,3.5,Linear,FAVORITE,Orlando,-3.5,LOSS
2025-11-04,2025-11-04_Orlando_Atlanta,Atlanta,Orlando,Orlando,Atlanta,3.5,Random Forest,FAVORITE,Orlando,-3.5,LOSS
2025-11-04,2025-11-04_Orlando_Atlanta,Atlanta,Orlando,Orlando,Atlanta,3.5,Decision Tree,UNDERDOG,Atlanta,3.5,WIN
2025-11-04,2025-11-04_Chicago_Philadelphia,Chicago,Philadelphia,Chicago,Philadelphia,1.5,Logistic,UNDERDOG,Philadelphia,1.5,LOSS
2025-11-04,2025-11-04_Chicago_Philadelphia,Chicago,Philadelphia,Chicago,Philadelphia,1.5,Linear,UNDERDOG,Philadelphia,1.5,LOSS
2025-11-04,2025-11-04_Chicago_Philadelphia,Chicago,Philadelphia,Chicago,Philadelphia,1.5,Random Forest,UNDERDOG,Philadelphia,1.5,LOSS
2025-11-04,2025-11-04_Chicago_Philadelphia,Chicago,Philadelphia,Chicago,Philadelphia,1.5,Decision Tree,UNDERDOG,Philadelphia,1.5,LOSS
2025-11-04,2025-11-04_NewOrleans_Charlotte,New Orleans,Charlotte,New Orleans,Charlotte,2.5,Logistic,UNDERDOG,Charlotte,2.5,LOSS
2025-11-04,2025-11-04_NewOrleans_Charlotte,New Orleans,Charlotte,New Orleans,Charlotte,2.5,Linear,UNDERDOG,Charlotte,2.5,LOSS
2025-11-04,2025-11-04_NewOrleans_Charlotte,New Orleans,Charlotte,New Orleans,Charlotte,2.5,Random Forest,UNDERDOG,Charlotte,2.5,LOSS
2025-11-04,2025-11-04_NewOrleans_Charlotte,New Orleans,Charlotte,New Orleans,Charlotte,2.5,Decision Tree,UNDERDOG,Charlotte,2.5,LOSS
2025-11-04,2025-11-04_GoldenState_Phoenix,Phoenix,Golden State,Golden State,Phoenix,10.5,Logistic,UNDERDOG,Phoenix,10.5,WIN
2025-11-04,2025-11-04_GoldenState_Phoenix,Phoenix,Golden State,Golden State,Phoenix,10.5,Linear,UNDERDOG,Phoenix,10.5,WIN
2025-11-04,2025-11-04_GoldenState_Phoenix,Phoenix,Golden State,Golden State,Phoenix,10.5,Random Forest,UNDERDOG,Phoenix,10.5,WIN
2025-11-04,2025-11-04_GoldenState_Phoenix,Phoenix,Golden State,Golden State,Phoenix,10.5,Decision Tree,UNDERDOG,Phoenix,10.5,WIN
2025-11-04,2025-11-04_OklaCity_LaClippers,La Clippers,Okla City,Okla City,La Clippers,7.5,Logistic,UNDERDOG,La Clippers,7.5,LOSS
2025-11-04,2025-11-04_OklaCity_LaClippers,La Clippers,Okla City,Okla City,La Clippers,7.5,Linear,FAVORITE,Okla City,-7.5,WIN
2025-11-04,2025-11-04_OklaCity_LaClippers,La Clippers,Okla City,Okla City,La Clippers,7.5,Random Forest,UNDERDOG,La Clippers,7.5,LOSS
2025-11-04,2025-11-04_OklaCity_LaClippers,La Clippers,Okla City,Okla City,La Clippers,7.5,Decision Tree,FAVORITE,Okla City,-7.5,WIN
2025-11-05,2025-11-05_Cleveland_Philadelphia,Cleveland,Philadelphia,Cleveland,Philadelphia,9.5,Logistic,UNDERDOG,Philadelphia,9.5,LOSS
2025-11-05,2025-11-05_Cleveland_Philadelphia,Cleveland,Philadelphia,Cleveland,Philadelphia,9.5,Linear,UNDERDOG,Philadelphia,9.5,LOSS
2025-11-05,2025-11-05_Cleveland_Philadelphia,Cleveland,Philadelphia,Cleveland,Philadelphia,9.5,Random Forest,FAVORITE,Cleveland,-9.5,WIN
2025-11-05,2025-11-05_Cleveland_Philadelphia,Cleveland,Philadelphia,Cleveland,Philadelphia,9.5,Decision Tree,FAVORITE,Cleveland,-9.5,WIN
2025-11-05,2025-11-05_Detroit_Utah,Detroit,Utah,Detroit,Utah,9.5,Logistic,UNDERDOG,Utah,9.5,LOSS
2025-11-05,2025-11-05_Detroit_Utah,Detroit,Utah,Detroit,Utah,9.5,Linear,UNDERDOG,Utah,9.5,LOSS
2025-11-05,2025-11-05_Detroit_Utah,Detroit,Utah,Detroit,Utah,9.5,Random Forest,UNDERDOG,Utah,9.5,LOSS
2025-11-05,2025-11-05_Detroit_Utah,Detroit,Utah,Detroit,Utah,9.5,Decision Tree,UNDERDOG,Utah,9.5,LOSS
2025-11-05,2025-11-05_Indiana_Brooklyn,Indiana,Brooklyn,Indiana,Brooklyn,6.5,Logistic,FAVORITE,Indiana,-6.5,LOSS
2025-11-05,2025-11-05_Indiana_Brooklyn,Indiana,Brooklyn,Indiana,Brooklyn,6.5,Linear,FAVORITE,Indiana,-6.5,LOSS
2025-11-05,2025-11-05_Indiana_Brooklyn,Indiana,Brooklyn,Indiana,Brooklyn,6.5,Random Forest,UNDERDOG,Brooklyn,6.5,WIN
2025-11-05,2025-11-05_Indiana_Brooklyn,Indiana,Brooklyn,Indiana,Brooklyn,6.5,Decision Tree,FAVORITE,Indiana,-6.5,LOSS
2025-11-05,2025-11-05_Boston_Washington,Boston,Washington,Boston,Washington,12.5,Logistic,UNDERDOG,Washington,12.5,LOSS
2025-11-05,2025-11-05_Boston_Washington,Boston,Washington,Boston,Washington,12.5,Linear,UNDERDOG,Washington,12.5,LOSS
2025-11-05,2025-11-05_Boston_Washington,Boston,Washington,Boston,Washington,12.5,Random Forest,UNDERDOG,Washington,12.5,LOSS
2025-11-05,2025-11-05_Boston_Washington,Boston,Washington,Boston,Washington,12.5,Decision Tree,UNDERDOG,Washington,12.5,LOSS
2025-11-05,2025-11-05_NewYork_Minnesota,New York,Minnesota,New York,Minnesota,4.5,Logistic,UNDERDOG,Minnesota,4.5,LOSS
2025-11-05,2025-11-05_NewYork_Minnesota,New York,Minnesota,New York,Minnesota,4.5,Linear,UNDERDOG,Minnesota,4.5,LOSS
2025-11-05,2025-11-05_NewYork_Minnesota,New York,Minnesota,New York,Minnesota,4.5,Random Forest,NO BET,,,NO BET
2025-11-05,2025-11-05_NewYork_Minnesota,New York,Minnesota,New York,Minnesota,4.5,Decision Tree,UNDERDOG,Minnesota,4.5,LOSS
2025-11-05,2025-11-05_Houston_Memphis,Memphis,Houston,Houston,Memphis,7.5,Logistic,FAVORITE,Houston,-7.5,WIN
2025-11-05,2025-11-05_Houston_Memphis,Memphis,Houston,Houston,Memphis,7.5,Linear,FAVORITE,Houston,-7.5,WIN
2025-11-05,2025-11-05_Houston_Memphis,Memphis,Houston,Houston,Memphis,7.5,Random Forest,FAVORITE,Houston,-7.5,WIN
2025-11-05,2025-11-05_Houston_Memphis,Memphis,Houston,Houston,Memphis,7.5,Decision Tree,FAVORITE,Houston,-7.5,WIN
2025-11-05,2025-11-05_Dallas_NewOrleans,Dallas,New Orleans,Dallas,New Orleans,7.5,Logistic,FAVORITE,Dallas,-7.5,LOSS
2025-11-05,2025-11-05_Dallas_NewOrleans,Dallas,New Orleans,Dallas,New Orleans,7.5,Linear,FAVORITE,Dallas,-7.5,LOSS
2025-11-05,2025-11-05_Dallas_NewOrleans,Dallas,New Orleans,Dallas,New Orleans,7.5,Random Forest,FAVORITE,Dallas,-7.5,LOSS
2025-11-05,2025-11-05_Dallas_NewOrleans,Dallas,New Orleans,Dallas,New Orleans,7.5,Decision Tree,UNDERDOG,New Orleans,7.5,WIN
2025-11-05,2025-11-05_Denver_Miami,Denver,Miami,Denver,Miami,9.5,Logistic,FAVORITE,Denver,-9.5,WIN
2025-11-05,2025-11-05_Denver_Miami,Denver,Miami,Denver,Miami,9.5,Linear,FAVORITE,Denver,-9.5,WIN
2025-11-05,2025-11-05_Denver_Miami,Denver,Miami,Denver,Miami,9.5,Random Forest,FAVORITE,Denver,-9.5,WIN
2025-11-05,2025-11-05_Denver_Miami,Denver,Miami,Denver,Miami,9.5,Decision Tree,FAVORITE,Denver,-9.5,WIN
2025-11-05,2025-11-05_LaLakers_SanAntonio,San Antonio,La Lakers,La Lakers,San Antonio,2.5,Logistic,UNDERDOG,San Antonio,2.5,WIN
2025-11-05,2025-11-05_LaLakers_SanAntonio,San Antonio,La Lakers,La Lakers,San Antonio,2.5,Linear,UNDERDOG,San Antonio,2.5,WIN
2025-11-05,2025-11-05_LaLakers_SanAntonio,San Antonio,La Lakers,La Lakers,San Antonio,2.5,Random Forest,UNDERDOG,San Antonio,2.5,WIN
2025-11-05,2025-11-05_LaLakers_SanAntonio,San Antonio,La Lakers,La Lakers,San Antonio,2.5,Decision Tree,FAVORITE,La Lakers,-2.5,LOSS
2025-11-05,2025-11-05_OklaCity_Portland,Portland,Okla City,Okla City,Portland,4.5,Logistic,FAVORITE,Okla City,-4.5,LOSS
2025-11-05,2025-11-05_OklaCity_Portland,Portland,Okla City,Okla City,Portland,4.5,Linear,FAVORITE,Okla City,-4.5,LOSS
2025-11-05,2025-11-05_OklaCity_Portland,Portland,Okla City,Okla City,Portland,4.5,Random Forest,UNDERDOG,Portland,4.5,WIN
2025-11-05,2025-11-05_OklaCity_Portland,Portland,Okla City,Okla City,Portland,4.5,Decision Tree,FAVORITE,Okla City,-4.5,LOSS
2025-11-05,2025-11-05_Sacramento_GoldenState,Sacramento,Golden State,Sacramento,Golden State,2.5,Logistic,UNDERDOG,Golden State,2.5,LOSS
2025-11-05,2025-11-05_Sacramento_GoldenState,Sacramento,Golden State,Sacramento,Golden State,2.5,Linear,UNDERDOG,Golden State,2.5,LOSS
2025-11-05,2025-11-05_Sacramento_GoldenState,Sacramento,Golden State,Sacramento,Golden State,2.5,Random Forest,UNDERDOG,Golden State,2.5,LOSS
2025-11-05,2025-11-05_Sacramento_GoldenState,Sacramento,Golden State,Sacramento,Golden State,2.5,Decision Tree,UNDERDOG,Golden State,2.5,LOSS
2025-11-06,2025-11-06_Phoenix_LaClippers,La Clippers,Phoenix,Phoenix,La Clippers,2.5,Logistic,UNDERDOG,La Clippers,2.5,WIN
2025-11-06,2025-11-06_Phoenix_LaClippers,La Clippers,Phoenix,Phoenix,La Clippers,2.5,Linear,UNDERDOG,La Clippers,2.5,WIN
2025-11-06,2025-11-06_Phoenix_LaClippers,La Clippers,Phoenix,Phoenix,La Clippers,2.5,Random Forest,UNDERDOG,La Clippers,2.5,WIN
2025-11-06,2025-11-06_Phoenix_LaClippers,La Clippers,Phoenix,Phoenix,La Clippers,2.5,Decision Tree,UNDERDOG,La Clippers,2.5,WIN
2025-11-07,2025-11-07_Orlando_Boston,Orlando,Boston,Orlando,Boston,3.5,Logistic,UNDERDOG,Boston,3.5,LOSS
2025-11-07,2025-11-07_Orlando_Boston,Orlando,Boston,Orlando,Boston,3.5,Linear,UNDERDOG,Boston,3.5,LOSS
2025-11-07,2025-11-07_Orlando_Boston,Orlando,Boston,Orlando,Boston,3.5,Random Forest,UNDERDOG,Boston,3.5,LOSS
2025-11-07,2025-11-07_Orlando_Boston,Orlando,Boston,Orlando,Boston,3.5,Decision Tree,UNDERDOG,Boston,3.5,LOSS
2025-11-07,2025-11-07_Cleveland_Washington,Washington,Cleveland,Cleveland,Washington,13.5,Logistic,UNDERDOG,Washington,13.5,LOSS
2025-11-07,2025-11-07_Cleveland_Washington,Washington,Cleveland,Cleveland,Washington,13.5,Linear,UNDERDOG,Washington,13.5,LOSS
2025-11-07,2025-11-07_Cleveland_Washington,Washington,Cleveland,Cleveland,Washington,13.5,Random Forest,UNDERDOG,Washington,13.5,LOSS
2025-11-07,2025-11-07_Cleveland_Washington,Washington,Cleveland,Cleveland,Washington,13.5,Decision Tree,UNDERDOG,Washington,13.5,LOSS
2025-11-07,2025-11-07_Atlanta_Toronto,Atlanta,Toronto,Atlanta,Toronto,2.5,Logistic,UNDERDOG,Toronto,2.5,WIN
2025-11-07,2025-11-07_Atlanta_Toronto,Atlanta,Toronto,Atlanta,Toronto,2.5,Linear,UNDERDOG,Toronto,2.5,WIN
2025-11-07,2025-11-07_Atlanta_Toronto,Atlanta,Toronto,Atlanta,Toronto,2.5,Random Forest,UNDERDOG,Toronto,2.5,WIN
2025-11-07,2025-11-07_Atlanta_Toronto,Atlanta,Toronto,Atlanta,Toronto,2.5,Decision Tree,UNDERDOG,Toronto,2.5,WIN
2025-11-07,2025-11-07_Detroit_Brooklyn,Brooklyn,Detroit,Detroit,Brooklyn,10.5,Logistic,UNDERDOG,Brooklyn,10.5,LOSS
2025-11-07,2025-11-07_Detroit_Brooklyn,Brooklyn,Detroit,Detroit,Brooklyn,10.5,Linear,UNDERDOG,Brooklyn,10.5,LOSS
2025-11-07,2025-11-07_Detroit_Brooklyn,Brooklyn,Detroit,Detroit,Brooklyn,10.5,Random Forest,UNDERDOG,Brooklyn,10.5,LOSS
2025-11-07,2025-11-07_Detroit_Brooklyn,Brooklyn,Detroit,Detroit,Brooklyn,10.5,Decision Tree,UNDERDOG,Brooklyn,10.5,LOSS
2025-11-07,2025-11-07_Houston_SanAntonio,San Antonio,Houston,Houston,San Antonio,4.5,Logistic,FAVORITE,Houston,-4.5,LOSS
2025-11-07,2025-11-07_Houston_SanAntonio,San Antonio,Houston,Houston,San Antonio,4.5,Linear,FAVORITE,Houston,-4.5,LOSS
2025-11-07,2025-11-07_Houston_SanAntonio,San Antonio,Houston,Houston,San Antonio,4.5,Random Forest,FAVORITE,Houston,-4.5,LOSS
2025-11-07,2025-11-07_Houston_SanAntonio,San Antonio,Houston,Houston,San Antonio,4.5,Decision Tree,UNDERDOG,San Antonio,4.5,WIN
2025-11-07,2025-11-07_Miami_Charlotte,Miami,Charlotte,Miami,Charlotte,4.5,Logistic,FAVORITE,Miami,-4.5,WIN
2025-11-07,2025-11-07_Miami_Charlotte,Miami,Charlotte,Miami,Charlotte,4.5,Linear,FAVORITE,Miami,-4.5,WIN
2025-11-07,2025-11-07_Miami_Charlotte,Miami,Charlotte,Miami,Charlotte,4.5,Random Forest,FAVORITE,Miami,-4.5,WIN
2025-11-07,2025-11-07_Miami_Charlotte,Miami,Charlotte,Miami,Charlotte,4.5,Decision Tree,FAVORITE,Miami,-4.5,WIN
2025-11-07,2025-11-07_Memphis_Dallas,Memphis,Dallas,Memphis,Dallas,4.5,Logistic,UNDERDOG,Dallas,4.5,LOSS
2025-11-07,2025-11-07_Memphis_Dallas,Memphis,Dallas,Memphis,Dallas,4.5,Linear,UNDERDOG,Dallas,4.5,LOSS
2025-11-07,2025-11-07_Memphis_Dallas,Memphis,Dallas,Memphis,Dallas,4.5,Random Forest,UNDERDOG,Dallas,4.5,LOSS
2025-11-07,2025-11-07_Memphis_Dallas,Memphis,Dallas,Memphis,Dallas,4.5,Decision Tree,UNDERDOG,Dallas,4.5,LOSS
2025-11-07,2025-11-07_Milwaukee_Chicago,Milwaukee,Chicago,Milwaukee,Chicago,4.5,Logistic,FAVORITE,Milwaukee,-4.5,WIN
2025-11-07,2025-11-07_Milwaukee_Chicago,Milwaukee,Chicago,Milwaukee,Chicago,4.5,Linear,FAVORITE,Milwaukee,-4.5,WIN
2025-11-07,2025-11-07_Milwaukee_Chicago,Milwaukee,Chicago,Milwaukee,Chicago,4.5,Random Forest,FAVORITE,Milwaukee,-4.5,WIN
2025-11-07,2025-11-07_Milwaukee_Chicago,Milwaukee,Chicago,Milwaukee,Chicago,4.5,Decision Tree,FAVORITE,Milwaukee,-4.5,WIN
2025-11-07,2025-11-07_Minnesota_Utah,Minnesota,Utah,Minnesota,Utah,11.5,Logistic,UNDERDOG,Utah,11.5,LOSS
2025-11-07,2025-11-07_Minnesota_Utah,Minnesota,Utah,Minnesota,Utah,11.5,Linear,UNDERDOG,Utah,11.5,LOSS
2025-11-07,2025-11-07_Minnesota_Utah,Minnesota,Utah,Minnesota,Utah,11.5,Random Forest,UNDERDOG,Utah,11.5,LOSS
2025-11-07,2025-11-07_Minnesota_Utah,Minnesota,Utah,Minnesota,Utah,11.5,Decision Tree,UNDERDOG,Utah,11.5,LOSS
2025-11-07,2025-11-07_Denver_GoldenState,Denver,Golden State,Denver,Golden State,10.5,Logistic,FAVORITE,Denver,-10.5,WIN
2025-11-07,2025-11-07_Denver_GoldenState,Denver,Golden State,Denver,Golden State,10.5,Linear,FAVORITE,Denver,-10.5,WIN
2025-11-07,2025-11-07_Denver_GoldenState,Denver,Golden State,Denver,Golden State,10.5,Random Forest,FAVORITE,Denver,-10.5,WIN
2025-11-07,2025-11-07_Denver_GoldenState,Denver,Golden State,Denver,Golden State,10.5,Decision Tree,FAVORITE,Denver,-10.5,WIN
2025-11-07,2025-11-07_OklaCity_Sacramento,Sacramento,Okla City,Okla City,Sacramento,10.5,Logistic,FAVORITE,Okla City,-10.5,WIN
2025-11-07,2025-11-07_OklaCity_Sacramento,Sacramento,Okla City,Okla City,Sacramento,10.5,Linear,FAVORITE,Okla City,-10.5,WIN
2025-11-07,2025-11-07_OklaCity_Sacramento,Sacramento,Okla City,Okla City,Sacramento,10.5,Random Forest,FAVORITE,Okla City,-10.5,WIN
2025-11-07,2025-11-07_OklaCity_Sacramento,Sacramento,Okla City,Okla City,Sacramento,10.5,Decision Tree,UNDERDOG,Sacramento,10.5,LOSS
2025-11-08,2025-11-08_Dallas_Washington,Washington,Dallas,Dallas,Washington,4.5,Logistic,UNDERDOG,Washington,4.5,LOSS
2025-11-08,2025-11-08_Dallas_Washington,Washington,Dallas,Dallas,Washington,4.5,Linear,UNDERDOG,Washington,4.5,LOSS
2025-11-08,2025-11-08_Dallas_Washington,Washington,Dallas,Dallas,Washington,4.5,Random Forest,FAVORITE,Dallas,-4.5,WIN
2025-11-08,2025-11-08_Dallas_Washington,Washington,Dallas,Dallas,Washington,4.5,Decision Tree,UNDERDOG,Washington,4.5,LOSS
2025-11-08,2025-11-08_Philadelphia_Toronto,Philadelphia,Toronto,Philadelphia,Toronto,5.5,Logistic,UNDERDOG,Toronto,5.5,LOSS
2025-11-08,2025-11-08_Philadelphia_Toronto,Philadelphia,Toronto,Philadelphia,Toronto,5.5,Linear,UNDERDOG,Toronto,5.5,LOSS
2025-11-08,2025-11-08_Philadelphia_Toronto,Philadelphia,Toronto,Philadelphia,Toronto,5.5,Random Forest,NO BET,,,NO BET
2025-11-08,2025-11-08_Philadelphia_Toronto,Philadelphia,Toronto,Philadelphia,Toronto,5.5,Decision Tree,UNDERDOG,Toronto,5.5,LOSS
2025-11-08,2025-11-08_LaLakers_Atlanta,Atlanta,La Lakers,La Lakers,Atlanta,3.5,Logistic,UNDERDOG,Atlanta,3.5,WIN
2025-11-08,2025-11-08_LaLakers_Atlanta,Atlanta,La Lakers,La Lakers,Atlanta,3.5,Linear,UNDERDOG,Atlanta,3.5,WIN
2025-11-08,2025-11-08_LaLakers_Atlanta,Atlanta,La Lakers,La Lakers,Atlanta,3.5,Random Forest,UNDERDOG,Atlanta,3.5,WIN
2025-11-08,2025-11-08_LaLakers_Atlanta,Atlanta,La Lakers,La Lakers,Atlanta,3.5,Decision Tree,FAVORITE,La Lakers,-3.5,LOSS
2025-11-08,2025-11-08_Cleveland_Chicago,Cleveland,Chicago,Cleveland,Chicago,8.5,Logistic,FAVORITE,Cleveland,-8.5,LOSS
2025-11-08,2025-11-08_Cleveland_Chicago,Cleveland,Chicago,Cleveland,Chicago,8.5,Linear,FAVORITE,Cleveland,-8.5,LOSS
2025-11-08,2025-11-08_Cleveland_Chicago,Cleveland,Chicago,Cleveland,Chicago,8.5,Random Forest,FAVORITE,Cleveland,-8.5,LOSS
2025-11-08,2025-11-08_Cleveland_Chicago,Cleveland,Chicago,Cleveland,Chicago,8.5,Decision Tree,FAVORITE,Cleveland,-8.5,LOSS
2025-11-08,2025-11-08_Portland_Miami,Miami,Portland,Portland,Miami,3.5,Logistic,UNDERDOG,Miami,3.5,WIN
2025-11-08,2025-11-08_Portland_Miami,Miami,Portland,Portland,Miami,3.5,Linear,UNDERDOG,Miami,3.5,WIN
2025-11-08,2025-11-08_Portland_Miami,Miami,Portland,Portland,Miami,3.5,Random Forest,UNDERDOG,Miami,3.5,WIN
2025-11-08,2025-11-08_Portland_Miami,Miami,Portland,Portland,Miami,3.5,Decision Tree,UNDERDOG,Miami,3.5,WIN
2025-11-08,2025-11-08_SanAntonio_NewOrleans,San Antonio,New Orleans,San Antonio,New Orleans,10.5,Logistic,FAVORITE,San Antonio,-10.5,LOSS
2025-11-08,2025-11-08_SanAntonio_NewOrleans,San Antonio,New Orleans,San Antonio,New Orleans,10.5,Linear,FAVORITE,San Antonio,-10.5,LOSS
2025-11-08,2025-11-08_SanAntonio_NewOrleans,San Antonio,New Orleans,San Antonio,New Orleans,10.5,Random Forest,FAVORITE,San Antonio,-10.5,LOSS
2025-11-08,2025-11-08_SanAntonio_NewOrleans,San Antonio,New Orleans,San Antonio,New Orleans,10.5,Decision Tree,FAVORITE,San Antonio,-10.5,LOSS
2025-11-08,2025-11-08_Denver_Indiana,Denver,Indiana,Denver,Indiana,12.5,Logistic,FAVORITE,Denver,-12.5,WIN
2025-11-08,2025-11-08_Denver_Indiana,Denver,Indiana,Denver,Indiana,12.5,Linear,FAVORITE,Denver,-12.5,WIN
2025-11-08,2025-11-08_Denver_Indiana,Denver,Indiana,Denver,Indiana,12.5,Random Forest,FAVORITE,Denver,-12.5,WIN
2025-11-08,2025-11-08_Denver_Indiana,Denver,Indiana,Denver,Indiana,12.5,Decision Tree,FAVORITE,Denver,-12.5,WIN
2025-11-08,2025-11-08_LaClippers_Phoenix,Phoenix,La Clippers,La Clippers,Phoenix,5.5,Logistic,UNDERDOG,Phoenix,5.5,LOSS
2025-11-08,2025-11-08_LaClippers_Phoenix,Phoenix,La Clippers,La Clippers,Phoenix,5.5,Linear,UNDERDOG,Phoenix,5.5,LOSS
2025-11-08,2025-11-08_LaClippers_Phoenix,Phoenix,La Clippers,La Clippers,Phoenix,5.5,Random Forest,UNDERDOG,Phoenix,5.5,LOSS
2025-11-08,2025-11-08_LaClippers_Phoenix,Phoenix,La Clippers,La Clippers,Phoenix,5.5,Decision Tree,UNDERDOG,Phoenix,5.5,LOSS
2025-11-09,2025-11-09_Houston_Milwaukee,Milwaukee,Houston,Houston,Milwaukee,4.5,Logistic,FAVORITE,Houston,-4.5,WIN
2025-11-09,2025-11-09_Houston_Milwaukee,Milwaukee,Houston,Houston,Milwaukee,4.5,Linear,FAVORITE,Houston,-4.5,WIN
2025-11-09,2025-11-09_Houston_Milwaukee,Milwaukee,Houston,Houston,Milwaukee,4.5,Random Forest,FAVORITE,Houston,-4.5,WIN
2025-11-09,2025-11-09_Houston_Milwaukee,Milwaukee,Houston,Houston,Milwaukee,4.5,Decision Tree,FAVORITE,Houston,-4.5,WIN
2025-11-09,2025-11-09_NewYork_Brooklyn,New York,Brooklyn,New York,Brooklyn,15.5,Logistic,FAVORITE,New York,-15.5,WIN
2025-11-09,2025-11-09_NewYork_Brooklyn,New York,Brooklyn,New York,Brooklyn,15.5,Linear,FAVORITE,New York,-15.5,WIN
2025-11-09,2025-11-09_NewYork_Brooklyn,New York,Brooklyn,New York,Brooklyn,15.5,Random Forest,FAVORITE,New York,-15.5,WIN
2025-11-09,2025-11-09_NewYork_Brooklyn,New York,Brooklyn,New York,Brooklyn,15.5,Decision Tree,FAVORITE,New York,-15.5,WIN
2025-11-09,2025-11-09_Orlando_Boston,Orlando,Boston,Orlando,Boston,3.5,Logistic,UNDERDOG,Boston,3.5,WIN
2025-11-09,2025-11-09_Orlando_Boston,Orlando,Boston,Orlando,Boston,3.5,Linear,UNDERDOG,Boston,3.5,WIN
2025-11-09,2025-11-09_Orlando_Boston,Orlando,Boston,Orlando,Boston,3.5,Random Forest,UNDERDOG,Boston,3.5,WIN
2025-11-09,2025-11-09_Orlando_Boston,Orlando,Boston,Orlando,Boston,3.5,Decision Tree,UNDERDOG,Boston,3.5,WIN
2025-11-09,2025-11-09_OklaCity_Memphis,Memphis,Okla City,Okla City,Memphis,10.5,Logistic,FAVORITE,Okla City,-10.5,WIN
2025-11-09,2025-11-09_OklaCity_Memphis,Memphis,Okla City,Okla City,Memphis,10.5,Linear,FAVORITE,Okla City,-10.5,WIN
2025-11-09,2025-11-09_OklaCity_Memphis,Memphis,Okla City,Okla City,Memphis,10.5,Random Forest,FAVORITE,Okla City,-10.5,WIN
2025-11-09,2025-11-09_OklaCity_Memphis,Memphis,Okla City,Okla City,Memphis,10.5,Decision Tree,FAVORITE,Okla City,-10.5,WIN
2025-11-09,2025-11-09_Detroit_Philadelphia,Philadelphia,Detroit,Detroit,Philadelphia,4.5,Logistic,UNDERDOG,Philadelphia,4.5,WIN
2025-11-09,2025-11-09_Detroit_Philadelphia,Philadelphia,Detroit,Detroit,Philadelphia,4.5,Linear,UNDERDOG,Philadelphia,4.5,WIN
2025-11-09,2025-11-09_Detroit_Philadelphia,Philadelphia,Detroit,Detroit,Philadelphia,4.5,Random Forest,NO BET,,,NO BET
2025-11-09,2025-11-09_Detroit_Philadelphia,Philadelphia,Detroit,Detroit,Philadelphia,4.5,Decision Tree,FAVORITE,Detroit,-4.5,LOSS
2025-11-09,2025-11-09_GoldenState_Indiana,Indiana,Golden State,Golden State,Indiana,12.5,Logistic,UNDERDOG,Indiana,12.5,WIN
2025-11-09,2025-11-09_GoldenState_Indiana,Indiana,Golden State,Golden State,Indiana,12.5,Linear,UNDERDOG,Indiana,12.5,WIN
2025-11-09,2025-11-09_GoldenState_Indiana,Indiana,Golden State,Golden State,Indiana,12.5,Random Forest,UNDERDOG,Indiana,12.5,WIN
2025-11-09,2025-11-09_GoldenState_Indiana,Indiana,Golden State,Golden State,Indiana,12.5,Decision Tree,UNDERDOG,Indiana,12.5,WIN
2025-11-09,2025-11-09_Minnesota_Sacramento,Sacramento,Minnesota,Minnesota,Sacramento,5.5,Logistic,FAVORITE,Minnesota,-5.5,WIN
2025-11-09,2025-11-09_Minnesota_Sacramento,Sacramento,Minnesota,Minnesota,Sacramento,5.5,Linear,FAVORITE,Minnesota,-5.5,WIN
2025-11-09,2025-11-09_Minnesota_Sacramento,Sacramento,Minnesota,Minnesota,Sacramento,5.5,Random Forest,FAVORITE,Minnesota,-5.5,WIN
2025-11-09,2025-11-09_Minnesota_Sacramento,Sacramento,Minnesota,Minnesota,Sacramento,5.5,Decision Tree,UNDERDOG,Sacramento,5.5,LOSS
2025-11-10,2025-11-10_LaLakers_Charlotte,Charlotte,La Lakers,La Lakers,Charlotte,8.5,Logistic,FAVORITE,La Lakers,-8.5,WIN
2025-11-10,2025-11-10_LaLakers_Charlotte,Charlotte,La Lakers,La Lakers,Charlotte,8.5,Linear,FAVORITE,La Lakers,-8.5,WIN
2025-11-10,2025-11-10_LaLakers_Charlotte,Charlotte,La Lakers,La Lakers,Charlotte,8.5,Random Forest,FAVORITE,La Lakers,-8.5,WIN
2025-11-10,2025-11-10_LaLakers_Charlotte,Charlotte,La Lakers,La Lakers,Charlotte,8.5,Decision Tree,FAVORITE,La Lakers,-8.5,WIN
2025-11-10,2025-11-10_Detroit_Washington,Detroit,Washington,Detroit,Washington,11.5,Logistic,UNDERDOG,Washington,11.5,WIN
2025-11-10,2025-11-10_Detroit_Washington,Detroit,Washington,Detroit,Washington,11.5,Linear,UNDERDOG,Washington,11.5,WIN
2025-11-10,2025-11-10_Detroit_Washington,Detroit,Washington,Detroit,Washington,11.5,Random Forest,UNDERDOG,Washington,11.5,WIN
2025-11-10,2025-11-10_Detroit_Washington,Detroit,Washington,Detroit,Washington,11.5,Decision Tree,UNDERDOG,Washington,11.5,WIN
2025-11-10,2025-11-10_Orlando_Portland,Orlando,Portland,Orlando,Portland,2.5,Logistic,FAVORITE,Orlando,-2.5,WIN
2025-11-10,2025-11-10_Orlando_Portland,Orlando,Portland,Orlando,Portland,2.5,Linear,FAVORITE,Orlando,-2.5,WIN
2025-11-10,2025-11-10_Orlando_Portland,Orlando,Portland,Orlando,Portland,2.5,Random Forest,FAVORITE,Orlando,-2.5,WIN
2025-11-10,2025-11-10_Orlando_Portland,Orlando,Portland,Orlando,Portland,2.5,Decision Tree,FAVORITE,Orlando,-2.5,WIN
2025-11-10,2025-11-10_Cleveland_Miami,Miami,Cleveland,Cleveland,Miami,7.5,Logistic,UNDERDOG,Miami,7.5,WIN
2025-11-10,2025-11-10_Cleveland_Miami,Miami,Cleveland,Cleveland,Miami,7.5,Linear,UNDERDOG,Miami,7.5,WIN
2025-11-10,2025-11-10_Cleveland_Miami,Miami,Cleveland,Cleveland,Miami,7.5,Random Forest,UNDERDOG,Miami,7.5,WIN
2025-11-10,2025-11-10_Cleveland_Miami,Miami,Cleveland,Cleveland,Miami,7.5,Decision Tree,UNDERDOG,Miami,7.5,WIN
2025-11-10,2025-11-10_SanAntonio_Chicago,Chicago,San Antonio,San Antonio,Chicago,4.5,Logistic,UNDERDOG,Chicago,4.5,WIN
2025-11-10,2025-11-10_SanAntonio_Chicago,Chicago,San Antonio,San Antonio,Chicago,4.5,Linear,UNDERDOG,Chicago,4.5,WIN
2025-11-10,2025-11-10_SanAntonio_Chicago,Chicago,San Antonio,San Antonio,Chicago,4.5,Random Forest,UNDERDOG,Chicago,4.5,WIN
2025-11-10,2025-11-10_SanAntonio_Chicago,Chicago,San Antonio,San Antonio,Chicago,4.5,Decision Tree,FAVORITE,San Antonio,-4.5,LOSS
2025-11-10,2025-11-10_Milwaukee_Dallas,Dallas,Milwaukee,Milwaukee,Dallas,2.5,Logistic,UNDERDOG,Dallas,2.5,WIN
2025-11-10,2025-11-10_Milwaukee_Dallas,Dallas,Milwaukee,Milwaukee,Dallas,2.5,Linear,UNDERDOG,Dallas,2.5,WIN
2025-11-10,2025-11-10_Milwaukee_Dallas,Dallas,Milwaukee,Milwaukee,Dallas,2.5,Random Forest,UNDERDOG,Dallas,2.5,WIN
2025-11-10,2025-11-10_Milwaukee_Dallas,Dallas,Milwaukee,Milwaukee,Dallas,2.5,Decision Tree,UNDERDOG,Dallas,2.5,WIN
2025-11-10,2025-11-10_Phoenix_NewOrleans,Phoenix,New Orleans,Phoenix,New Orleans,9.5,Logistic,FAVORITE,Phoenix,-9.5,WIN
2025-11-10,2025-11-10_Phoenix_NewOrleans,Phoenix,New Orleans,Phoenix,New Orleans,9.5,Linear,NO BET,,,NO BET
2025-11-10,2025-11-10_Phoenix_NewOrleans,Phoenix,New Orleans,Phoenix,New Orleans,9.5,Random Forest,NO BET,,,NO BET
2025-11-10,2025-11-10_Phoenix_NewOrleans,Phoenix,New Orleans,Phoenix,New Orleans,9.5,Decision Tree,UNDERDOG,New Orleans,9.5,LOSS
2025-11-10,2025-11-10_Minnesota_Utah,Utah,Minnesota,Minnesota,Utah,7.5,Logistic,NO BET,,,NO BET
2025-11-10,2025-11-10_Minnesota_Utah,Utah,Minnesota,Minnesota,Utah,7.5,Linear,FAVORITE,Minnesota,-7.5,LOSS
2025-11-10,2025-11-10_Minnesota_Utah,Utah,Minnesota,Minnesota,Utah,7.5,Random Forest,NO BET,,,NO BET
2025-11-10,2025-11-10_Minnesota_Utah,Utah,Minnesota,Minnesota,Utah,7.5,Decision Tree,FAVORITE,Minnesota,-7.5,LOSS
2025-11-10,2025-11-10_LaClippers_Atlanta,Atlanta,La Clippers,La Clippers,Atlanta,4.5,Logistic,UNDERDOG,Atlanta,4.5,WIN
2025-11-10,2025-11-10_LaClippers_Atlanta,Atlanta,La Clippers,La Clippers,Atlanta,4.5,Linear,UNDERDOG,Atlanta,4.5,WIN
2025-11-10,2025-11-10_LaClippers_Atlanta,Atlanta,La Clippers,La Clippers,Atlanta,4.5,Random Forest,UNDERDOG,Atlanta,4.5,WIN
2025-11-10,2025-11-10_LaClippers_Atlanta,Atlanta,La Clippers,La Clippers,Atlanta,4.5,Decision Tree,UNDERDOG,Atlanta,4.5,WIN
2025-11-11,2025-11-11_Toronto_Brooklyn,Brooklyn,Toronto,Toronto,Brooklyn,10.5,Logistic,FAVORITE,Toronto,-10.5,LOSS
2025-11-11,2025-11-11_Toronto_Brooklyn,Brooklyn,Toronto,Toronto,Brooklyn,10.5,Linear,FAVORITE,Toronto,-10.5,LOSS
2025-11-11,2025-11-11_Toronto_Brooklyn,Brooklyn,Toronto,Toronto,Brooklyn,10.5,Random Forest,FAVORITE,Toronto,-10.5,LOSS
2025-11-11,2025-11-11_Toronto_Brooklyn,Brooklyn,Toronto,Toronto,Brooklyn,10.5,Decision Tree,FAVORITE,Toronto,-10.5,LOSS
2025-11-11,2025-11-11_NewYork_Memphis,New York,Memphis,New York,Memphis,9.5,Logistic,NO BET,,,NO BET
2025-11-11,2025-11-11_NewYork_Memphis,New York,Memphis,New York,Memphis,9.5,Linear,FAVORITE,New York,-9.5,WIN
2025-11-11,2025-11-11_NewYork_Memphis,New York,Memphis,New York,Memphis,9.5,Random Forest,FAVORITE,New York,-9.5,WIN
2025-11-11,2025-11-11_NewYork_Memphis,New York,Memphis,New York,Memphis,9.5,Decision Tree,FAVORITE,New York,-9.5,WIN
2025-11-11,2025-11-11_Philadelphia_Boston,Philadelphia,Boston,Philadelphia,Boston,1.5,Logistic,FAVORITE,Philadelphia,-1.5,WIN
2025-11-11,2025-11-11_Philadelphia_Boston,Philadelphia,Boston,Philadelphia,Boston,1.5,Linear,FAVORITE,Philadelphia,-1.5,WIN
2025-11-11,2025-11-11_Philadelphia_Boston,Philadelphia,Boston,Philadelphia,Boston,1.5,Random Forest,FAVORITE,Philadelphia,-1.5,WIN
2025-11-11,2025-11-11_Philadelphia_Boston,Philadelphia,Boston,Philadelphia,Boston,1.5,Decision Tree,FAVORITE,Philadelphia,-1.5,WIN
2025-11-11,2025-11-11_OklaCity_GoldenState,Golden State,Okla City,Okla City,Golden State,7.5,Logistic,NO BET,,,NO BET
2025-11-11,2025-11-11_OklaCity_GoldenState,Golden State,Okla City,Okla City,Golden State,7.5,Linear,FAVORITE,Okla City,-7.5,LOSS
2025-11-11,2025-11-11_OklaCity_GoldenState,Golden State,Okla City,Okla City,Golden State,7.5,Random Forest,UNDERDOG,Golden State,7.5,WIN
2025-11-11,2025-11-11_OklaCity_GoldenState,Golden State,Okla City,Okla City,Golden State,7.5,Decision Tree,UNDERDOG,Golden State,7.5,WIN
2025-11-11,2025-11-11_Indiana_Utah,Utah,Indiana,Indiana,Utah,2.5,Logistic,UNDERDOG,Utah,2.5,WIN
2025-11-11,2025-11-11_Indiana_Utah,Utah,Indiana,Indiana,Utah,2.5,Linear,UNDERDOG,Utah,2.5,WIN
2025-11-11,2025-11-11_Indiana_Utah,Utah,Indiana,Indiana,Utah,2.5,Random Forest,UNDERDOG,Utah,2.5,WIN
2025-11-11,2025-11-11_Indiana_Utah,Utah,Indiana,Indiana,Utah,2.5,Decision Tree,UNDERDOG,Utah,2.5,WIN
2025-11-11,2025-11-11_Denver_Sacramento,Sacramento,Denver,Denver,Sacramento,8.5,Logistic,FAVORITE,Denver,-8.5,WIN
2025-11-11,2025-11-11_Denver_Sacramento,Sacramento,Denver,Denver,Sacramento,8.5,Linear,FAVORITE,Denver,-8.5,WIN
2025-11-11,2025-11-11_Denver_Sacramento,Sacramento,Denver,Denver,Sacramento,8.5,Random Forest,FAVORITE,Denver,-8.5,WIN
2025-11-11,2025-11-11_Denver_Sacramento,Sacramento,Denver,Denver,Sacramento,8.5,Decision Tree,FAVORITE,Denver,-8.5,WIN
2025-11-12,2025-11-12_Milwaukee_Charlotte,Charlotte,Milwaukee,Milwaukee,Charlotte,4.5,Logistic,FAVORITE,Milwaukee,-4.5,LOSS
2025-11-12,2025-11-12_Milwaukee_Charlotte,Charlotte,Milwaukee,Milwaukee,Charlotte,4.5,Linear,FAVORITE,Milwaukee,-4.5,LOSS
2025-11-12,2025-11-12_Milwaukee_Charlotte,Charlotte,Milwaukee,Milwaukee,Charlotte,4.5,Random Forest,FAVORITE,Milwaukee,-4.5,LOSS
2025-11-12,2025-11-12_Milwaukee_Charlotte,Charlotte,Milwaukee,Milwaukee,Charlotte,4.5,Decision Tree,FAVORITE,Milwaukee,-4.5,LOSS
2025-11-12,2025-11-12_Detroit_Chicago,Chicago,Detroit,Detroit,Chicago,1.5,Logistic,FAVORITE,Detroit,-1.5,LOSS
2025-11-12,2025-11-12_Detroit_Chicago,Chicago,Detroit,Detroit,Chicago,1.5,Linear,FAVORITE,Detroit,-1.5,LOSS
2025-11-12,2025-11-12_Detroit_Chicago,Chicago,Detroit,Detroit,Chicago,1.5,Random Forest,FAVORITE,Detroit,-1.5,LOSS
2025-11-12,2025-11-12_Detroit_Chicago,Chicago,Detroit,Detroit,Chicago,1.5,Decision Tree,FAVORITE,Detroit,-1.5,LOSS
2025-11-12,2025-11-12_NewYork_Orlando,New York,Orlando,New York,Orlando,4.5,Logistic,UNDERDOG,Orlando,4.5,WIN
2025-11-12,2025-11-12_NewYork_Orlando,New York,Orlando,New York,Orlando,4.5,Linear,UNDERDOG,Orlando,4.5,WIN
2025-11-12,2025-11-12_NewYork_Orlando,New York,Orlando,New York,Orlando,4.5,Random Forest,FAVORITE,New York,-4.5,LOSS
2025-11-12,2025-11-12_NewYork_Orlando,New York,Orlando,New York,Orlando,4.5,Decision Tree,FAVORITE,New York,-4.5,LOSS
2025-11-12,2025-11-12_Boston_Memphis,Boston,Memphis,Boston,Memphis,6.5,Logistic,FAVORITE,Boston,-6.5,WIN
2025-11-12,2025-11-12_Boston_Memphis,Boston,Memphis,Boston,Memphis,6.5,Linear,NO BET,,,NO BET
2025-11-12,2025-11-12_Boston_Memphis,Boston,Memphis,Boston,Memphis,6.5,Random Forest,UNDERDOG,Memphis,6.5,LOSS
2025-11-12,2025-11-12_Boston_Memphis,Boston,Memphis,Boston,Memphis,6.5,Decision Tree,UNDERDOG,Memphis,6.5,LOSS
2025-11-12,2025-11-12_Miami_Cleveland,Miami,Cleveland,Miami,Cleveland,5.5,Logistic,FAVORITE,Miami,-5.5,LOSS
2025-11-12,2025-11-12_Miami_Cleveland,Miami,Cleveland,Miami,Cleveland,5.5,Linear,FAVORITE,Miami,-5.5,LOSS
2025-11-12,2025-11-12_Miami_Cleveland,Miami,Cleveland,Miami,Cleveland,5.5,Random Forest,FAVORITE,Miami,-5.5,LOSS
2025-11-12,2025-11-12_Miami_Cleveland,Miami,Cleveland,Miami,Cleveland,5.5,Decision Tree,UNDERDOG,Cleveland,5.5,WIN
2025-11-12,2025-11-12_Houston_Washington,Houston,Washington,Houston,Washington,16.5,Logistic,FAVORITE,Houston,-16.5,WIN
2025-11-12,2025-11-12_Houston_Washington,Houston,Washington,Houston,Washington,16.5,Linear,FAVORITE,Houston,-16.5,WIN
2025-11-12,2025-11-12_Houston_Washington,Houston,Washington,Houston,Washington,16.5,Random Forest,NO BET,,,NO BET
2025-11-12,2025-11-12_Houston_Washington,Houston,Washington,Houston,Washington,16.5,Decision Tree,FAVORITE,Houston,-16.5,WIN
2025-11-12,2025-11-12_Portland_NewOrleans,New Orleans,Portland,Portland,New Orleans,8.5,Logistic,FAVORITE,Portland,-8.5,LOSS
2025-11-12,2025-11-12_Portland_NewOrleans,New Orleans,Portland,Portland,New Orleans,8.5,Linear,FAVORITE,Portland,-8.5,LOSS
2025-11-12,2025-11-12_Portland_NewOrleans,New Orleans,Portland,Portland,New Orleans,8.5,Random Forest,UNDERDOG,New Orleans,8.5,WIN
2025-11-12,2025-11-12_Portland_NewOrleans,New Orleans,Portland,Portland,New Orleans,8.5,Decision Tree,UNDERDOG,New Orleans,8.5,WIN
2025-11-12,2025-11-12_SanAntonio_GoldenState,Golden State,San Antonio,San Antonio,Golden State,4.5,Logistic,UNDERDOG,Golden State,4.5,LOSS
2025-11-12,2025-11-12_SanAntonio_GoldenState,Golden State,San Antonio,San Antonio,Golden State,4.5,Linear,UNDERDOG,Golden State,4.5,LOSS
2025-11-12,2025-11-12_SanAntonio_GoldenState,Golden State,San Antonio,San Antonio,Golden State,4.5,Random Forest,UNDERDOG,Golden State,4.5,LOSS
2025-11-12,2025-11-12_SanAntonio_GoldenState,Golden State,San Antonio,San Antonio,Golden State,4.5,Decision Tree,UNDERDOG,Golden State,4.5,LOSS
2025-11-12,2025-11-12_Dallas_Phoenix,Phoenix,Dallas,Dallas,Phoenix,1.5,Logistic,UNDERDOG,Phoenix,1.5,LOSS
2025-11-12,2025-11-12_Dallas_Phoenix,Phoenix,Dallas,Dallas,Phoenix,1.5,Linear,UNDERDOG,Phoenix,1.5,LOSS
2025-11-12,2025-11-12_Dallas_Phoenix,Phoenix,Dallas,Dallas,Phoenix,1.5,Random Forest,UNDERDOG,Phoenix,1.5,LOSS
2025-11-12,2025-11-12_Dallas_Phoenix,Phoenix,Dallas,Dallas,Phoenix,1.5,Decision Tree,UNDERDOG,Phoenix,1.5,LOSS
2025-11-12,2025-11-12_OklaCity_LaLakers,La Lakers,Okla City,Okla City,La Lakers,6.5,Logistic,UNDERDOG,La Lakers,6.5,WIN
2025-11-12,2025-11-12_OklaCity_LaLakers,La Lakers,Okla City,Okla City,La Lakers,6.5,Linear,UNDERDOG,La Lakers,6.5,WIN
2025-11-12,2025-11-12_OklaCity_LaLakers,La Lakers,Okla City,Okla City,La Lakers,6.5,Random Forest,UNDERDOG,La Lakers,6.5,WIN
2025-11-12,2025-11-12_OklaCity_LaLakers,La Lakers,Okla City,Okla City,La Lakers,6.5,Decision Tree,UNDERDOG,La Lakers,6.5,WIN
2025-11-12,2025-11-12_Atlanta_Sacramento,Sacramento,Atlanta,Atlanta,Sacramento,3.5,Logistic,FAVORITE,Atlanta,-3.5,WIN
2025-11-12,2025-11-12_Atlanta_Sacramento,Sacramento,Atlanta,Atlanta,Sacramento,3.5,Linear,FAVORITE,Atlanta,-3.5,WIN
2025-11-12,2025-11-12_Atlanta_Sacramento,Sacramento,Atlanta,Atlanta,Sacramento,3.5,Random Forest,FAVORITE,Atlanta,-3.5,WIN
2025-11-12,2025-11-12_Atlanta_Sacramento,Sacramento,Atlanta,Atlanta,Sacramento,3.5,Decision Tree,FAVORITE,Atlanta,-3.5,WIN
2025-11-12,2025-11-12_Denver_LaClippers,La Clippers,Denver,Denver,La Clippers,3.5,Logistic,UNDERDOG,La Clippers,3.5,LOSS
2025-11-12,2025-11-12_Denver_LaClippers,La Clippers,Denver,Denver,La Clippers,3.5,Linear,UNDERDOG,La Clippers,3.5,LOSS
2025-11-12,2025-11-12_Denver_LaClippers,La Clippers,Denver,Denver,La Clippers,3.5,Random Forest,UNDERDOG,La Clippers,3.5,LOSS
2025-11-12,2025-11-12_Denver_LaClippers,La Clippers,Denver,Denver,La Clippers,3.5,Decision Tree,UNDERDOG,La Clippers,3.5,LOSS
2025-11-14,2025-11-14_NewYork_Miami,New York,Miami,New York,Miami,6.5,Logistic,FAVORITE,New York,-6.5,WIN
2025-11-14,2025-11-14_NewYork_Miami,New York,Miami,New York,Miami,6.5,Linear,FAVORITE,New York,-6.5,WIN
2025-11-14,2025-11-14_NewYork_Miami,New York,Miami,New York,Miami,6.5,Random Forest,FAVORITE,New York,-6.5,WIN
2025-11-14,2025-11-14_NewYork_Miami,New York,Miami,New York,Miami,6.5,Decision Tree,FAVORITE,New York,-6.5,WIN
2025-11-14,2025-11-14_Orlando_Brooklyn,Orlando,Brooklyn,Orlando,Brooklyn,13.5,Logistic,FAVORITE,Orlando,-13.5,LOSS
2025-11-14,2025-11-14_Orlando_Brooklyn,Orlando,Brooklyn,Orlando,Brooklyn,13.5,Linear,FAVORITE,Orlando,-13.5,LOSS
2025-11-14,2025-11-14_Orlando_Brooklyn,Orlando,Brooklyn,Orlando,Brooklyn,13.5,Random Forest,UNDERDOG,Brooklyn,13.5,WIN
2025-11-14,2025-11-14_Orlando_Brooklyn,Orlando,Brooklyn,Orlando,Brooklyn,13.5,Decision Tree,UNDERDOG,Brooklyn,13.5,WIN
2025-11-14,2025-11-14_Detroit_Philadelphia,Detroit,Philadelphia,Detroit,Philadelphia,4.5,Logistic,UNDERDOG,Philadelphia,4.5,LOSS
2025-11-14,2025-11-14_Detroit_Philadelphia,Detroit,Philadelphia,Detroit,Philadelphia,4.5,Linear,FAVORITE,Detroit,-4.5,WIN
2025-11-14,2025-11-14_Detroit_Philadelphia,Detroit,Philadelphia,Detroit,Philadelphia,4.5,Random Forest,FAVORITE,Detroit,-4.5,WIN
2025-11-14,2025-11-14_Detroit_Philadelphia,Detroit,Philadelphia,Detroit,Philadelphia,4.5,Decision Tree,UNDERDOG,Philadelphia,4.5,LOSS
2025-11-14,2025-11-14_Houston_Portland,Houston,Portland,Houston,Portland,7.5,Logistic,FAVORITE,Houston,-7.5,WIN
2025-11-14,2025-11-14_Houston_Portland,Houston,Portland,Houston,Portland,7.5,Linear,FAVORITE,Houston,-7.5,WIN
2025-11-14,2025-11-14_Houston_Portland,Houston,Portland,Houston,Portland,7.5,Random Forest,FAVORITE,Houston,-7.5,WIN
2025-11-14,2025-11-14_Houston_Portland,Houston,Portland,Houston,Portland,7.5,Decision Tree,FAVORITE,Houston,-7.5,WIN
2025-11-14,2025-11-14_Milwaukee_Charlotte,Milwaukee,Charlotte,Milwaukee,Charlotte,9.5,Logistic,UNDERDOG,Charlotte,9.5,LOSS
2025-11-14,2025-11-14_Milwaukee_Charlotte,Milwaukee,Charlotte,Milwaukee,Charlotte,9.5,Linear,UNDERDOG,Charlotte,9.5,LOSS
2025-11-14,2025-11-14_Milwaukee_Charlotte,Milwaukee,Charlotte,Milwaukee,Charlotte,9.5,Random Forest,UNDERDOG,Charlotte,9.5,LOSS
2025-11-14,2025-11-14_Milwaukee_Charlotte,Milwaukee,Charlotte,Milwaukee,Charlotte,9.5,Decision Tree,UNDERDOG,Charlotte,9.5,LOSS
2025-11-14,2025-11-14_Minnesota_Sacramento,Minnesota,Sacramento,Minnesota,Sacramento,11.5,Logistic,UNDERDOG,Sacramento,11.5,LOSS
2025-11-14,2025-11-14_Minnesota_Sacramento,Minnesota,Sacramento,Minnesota,Sacramento,11.5,Linear,UNDERDOG,Sacramento,11.5,LOSS
2025-11-14,2025-11-14_Minnesota_Sacramento,Minnesota,Sacramento,Minnesota,Sacramento,11.5,Random Forest,NO BET,,,NO BET
2025-11-14,2025-11-14_Minnesota_Sacramento,Minnesota,Sacramento,Minnesota,Sacramento,11.5,Decision Tree,FAVORITE,Minnesota,-11.5,WIN
2025-11-14,2025-11-14_LaLakers_NewOrleans,New Orleans,La Lakers,La Lakers,New Orleans,9.5,Logistic,UNDERDOG,New Orleans,9.5,LOSS
2025-11-14,2025-11-14_LaLakers_NewOrleans,New Orleans,La Lakers,La Lakers,New Orleans,9.5,Linear,UNDERDOG,New Orleans,9.5,LOSS
2025-11-14,2025-11-14_LaLakers_NewOrleans,New Orleans,La Lakers,La Lakers,New Orleans,9.5,Random Forest,UNDERDOG,New Orleans,9.5,LOSS
2025-11-14,2025-11-14_LaLakers_NewOrleans,New Orleans,La Lakers,La Lakers,New Orleans,9.5,Decision Tree,UNDERDOG,New Orleans,9.5,LOSS
2025-11-14,2025-11-14_LaClippers_Dallas,Dallas,La Clippers,La Clippers,Dallas,2.5,Logistic,UNDERDOG,Dallas,2.5,LOSS
2025-11-14,2025-11-14_LaClippers_Dallas,Dallas,La Clippers,La Clippers,Dallas,2.5,Linear,UNDERDOG,Dallas,2.5,LOSS
2025-11-14,2025-11-14_LaClippers_Dallas,Dallas,La Clippers,La Clippers,Dallas,2.5,Random Forest,UNDERDOG,Dallas,2.5,LOSS
2025-11-14,2025-11-14_LaClippers_Dallas,Dallas,La Clippers,La Clippers,Dallas,2.5,Decision Tree,UNDERDOG,Dallas,2.5,LOSS
2025-11-14,2025-11-14_SanAntonio_GoldenState,Golden State,San Antonio,San Antonio,Golden State,2.5,Logistic,UNDERDOG,Golden State,2.5,WIN
2025-11-14,2025-11-14_SanAntonio_GoldenState,Golden State,San Antonio,San Antonio,Golden State,2.5,Linear,UNDERDOG,Golden State,2.5,WIN
2025-11-14,2025-11-14_SanAntonio_GoldenState,Golden State,San Antonio,San Antonio,Golden State,2.5,Random Forest,UNDERDOG,Golden State,2.5,WIN
2025-11-14,2025-11-14_SanAntonio_GoldenState,Golden State,San Antonio,San Antonio,Golden State,2.5,Decision Tree,UNDERDOG,Golden State,2.5,WIN
2025-11-15,2025-11-15_Cleveland_Memphis,Cleveland,Memphis,Cleveland,Memphis,11.5,Logistic,FAVORITE,Cleveland,-11.5,LOSS
2025-11-15,2025-11-15_Cleveland_Memphis,Cleveland,Memphis,Cleveland,Memphis,11.5,Linear,FAVORITE,Cleveland,-11.5,LOSS
2025-11-15,2025-11-15_Cleveland_Memphis,Cleveland,Memphis,Cleveland,Memphis,11.5,Random Forest,UNDERDOG,Memphis,11.5,WIN
2025-11-15,2025-11-15_Cleveland_Memphis,Cleveland,Memphis,Cleveland,Memphis,11.5,Decision Tree,UNDERDOG,Memphis,11.5,WIN
2025-11-15,2025-11-15_OklaCity_Charlotte,Charlotte,Okla City,Okla City,Charlotte,15.5,Logistic,UNDERDOG,Charlotte,15.5,WIN
2025-11-15,2025-11-15_OklaCity_Charlotte,Charlotte,Okla City,Okla City,Charlotte,15.5,Linear,UNDERDOG,Charlotte,15.5,WIN
2025-11-15,2025-11-15_OklaCity_Charlotte,Charlotte,Okla City,Okla City,Charlotte,15.5,Random Forest,UNDERDOG,Charlotte,15.5,WIN
2025-11-15,2025-11-15_OklaCity_Charlotte,Charlotte,Okla City,Okla City,Charlotte,15.5,Decision Tree,FAVORITE,Okla City,-15.5,LOSS
2025-11-15,2025-11-15_Toronto_Indiana,Indiana,Toronto,Toronto,Indiana,6.5,Logistic,FAVORITE,Toronto,-6.5,WIN
2025-11-15,2025-11-15_Toronto_Indiana,Indiana,Toronto,Toronto,Indiana,6.5,Linear,FAVORITE,Toronto,-6.5,WIN
2025-11-15,2025-11-15_Toronto_Indiana,Indiana,Toronto,Toronto,Indiana,6.5,Random Forest,FAVORITE,Toronto,-6.5,WIN
2025-11-15,2025-11-15_Toronto_Indiana,Indiana,Toronto,Toronto,Indiana,6.5,Decision Tree,UNDERDOG,Indiana,6.5,LOSS
2025-11-15,2025-11-15_LaLakers_Milwaukee,Milwaukee,La Lakers,La Lakers,Milwaukee,1.5,Logistic,FAVORITE,La Lakers,-1.5,WIN
2025-11-15,2025-11-15_LaLakers_Milwaukee,Milwaukee,La Lakers,La Lakers,Milwaukee,1.5,Linear,FAVORITE,La Lakers,-1.5,WIN
2025-11-15,2025-11-15_LaLakers_Milwaukee,Milwaukee,La Lakers,La Lakers,Milwaukee,1.5,Random Forest,UNDERDOG,Milwaukee,1.5,LOSS
2025-11-15,2025-11-15_LaLakers_Milwaukee,Milwaukee,La Lakers,La Lakers,Milwaukee,1.5,Decision Tree,UNDERDOG,Milwaukee,1.5,LOSS
2025-11-15,2025-11-15_Minnesota_Denver,Minnesota,Denver,Minnesota,Denver,2.5,Logistic,UNDERDOG,Denver,2.5,WIN
2025-11-15,2025-11-15_Minnesota_Denver,Minnesota,Denver,Minnesota,Denver,2.5,Linear,UNDERDOG,Denver,2.5,WIN
2025-11-15,2025-11-15_Minnesota_Denver,Minnesota,Denver,Minnesota,Denver,2.5,Random Forest,NO BET,,,NO BET
2025-11-15,2025-11-15_Minnesota_Denver,Minnesota,Denver,Minnesota,Denver,2.5,Decision Tree,UNDERDOG,Denver,2.5,WIN
2025-11-16,2025-11-16_Boston_LaClippers,Boston,La Clippers,Boston,La Clippers,6.5,Logistic,FAVORITE,Boston,-6.5,LOSS
2025-11-16,2025-11-16_Boston_LaClippers,Boston,La Clippers,Boston,La Clippers,6.5,Linear,FAVORITE,Boston,-6.5,LOSS
2025-11-16,2025-11-16_Boston_LaClippers,Boston,La Clippers,Boston,La Clippers,6.5,Random Forest,UNDERDOG,La Clippers,6.5,WIN
2025-11-16,2025-11-16_Boston_LaClippers,Boston,La Clippers,Boston,La Clippers,6.5,Decision Tree,UNDERDOG,La Clippers,6.5,WIN
2025-11-16,2025-11-16_SanAntonio_Sacramento,Sacramento,San Antonio,San Antonio,Sacramento,8.5,Logistic,FAVORITE,San Antonio,-8.5,LOSS
2025-11-16,2025-11-16_SanAntonio_Sacramento,Sacramento,San Antonio,San Antonio,Sacramento,8.5,Linear,FAVORITE,San Antonio,-8.5,LOSS
2025-11-16,2025-11-16_SanAntonio_Sacramento,Sacramento,San Antonio,San Antonio,Sacramento,8.5,Random Forest,FAVORITE,San Antonio,-8.5,LOSS
2025-11-16,2025-11-16_SanAntonio_Sacramento,Sacramento,San Antonio,San Antonio,Sacramento,8.5,Decision Tree,UNDERDOG,Sacramento,8.5,WIN
2025-11-16,2025-11-16_Washington_Brooklyn,Washington,Brooklyn,Washington,Brooklyn,2.5,Logistic,FAVORITE,Washington,-2.5,LOSS
2025-11-16,2025-11-16_Washington_Brooklyn,Washington,Brooklyn,Washington,Brooklyn,2.5,Linear,FAVORITE,Washington,-2.5,LOSS
2025-11-16,2025-11-16_Washington_Brooklyn,Washington,Brooklyn,Washington,Brooklyn,2.5,Random Forest,FAVORITE,Washington,-2.5,LOSS
2025-11-16,2025-11-16_Washington_Brooklyn,Washington,Brooklyn,Washington,Brooklyn,2.5,Decision Tree,FAVORITE,Washington,-2.5,LOSS
2025-11-16,2025-11-16_Houston_Orlando,Houston,Orlando,Houston,Orlando,7.5,Logistic,FAVORITE,Houston,-7.5,LOSS
2025-11-16,2025-11-16_Houston_Orlando,Houston,Orlando,Houston,Orlando,7.5,Linear,FAVORITE,Houston,-7.5,LOSS
2025-11-16,2025-11-16_Houston_Orlando,Houston,Orlando,Houston,Orlando,7.5,Random Forest,FAVORITE,Houston,-7.5,LOSS
2025-11-16,2025-11-16_Houston_Orlando,Houston,Orlando,Houston,Orlando,7.5,Decision Tree,FAVORITE,Houston,-7.5,LOSS
2025-11-16,2025-11-16_GoldenState_NewOrleans,New Orleans,Golden State,Golden State,New Orleans,10.5,Logistic,FAVORITE,Golden State,-10.5,WIN
2025-11-16,2025-11-16_GoldenState_NewOrleans,New Orleans,Golden State,Golden State,New Orleans,10.5,Linear,FAVORITE,Golden State,-10.5,WIN
2025-11-16,2025-11-16_GoldenState_NewOrleans,New Orleans,Golden State,Golden State,New Orleans,10.5,Random Forest,FAVORITE,Golden State,-10.5,WIN
2025-11-16,2025-11-16_GoldenState_NewOrleans,New Orleans,Golden State,Golden State,New Orleans,10.5,Decision Tree,NO BET,,,NO BET
2025-11-16,2025-11-16_Portland_Dallas,Dallas,Portland,Portland,Dallas,4.5,Logistic,FAVORITE,Portland,-4.5,LOSS
2025-11-16,2025-11-16_Portland_Dallas,Dallas,Portland,Portland,Dallas,4.5,Linear,UNDERDOG,Dallas,4.5,WIN
2025-11-16,2025-11-16_Portland_Dallas,Dallas,Portland,Portland,Dallas,4.5,Random Forest,FAVORITE,Portland,-4.5,LOSS
2025-11-16,2025-11-16_Portland_Dallas,Dallas,Portland,Portland,Dallas,4.5,Decision Tree,UNDERDOG,Dallas,4.5,WIN
2025-11-16,2025-11-16_Atlanta_Phoenix,Phoenix,Atlanta,Atlanta,Phoenix,1.5,Logistic,UNDERDOG,Phoenix,1.5,LOSS
2025-11-16,2025-11-16_Atlanta_Phoenix,Phoenix,Atlanta,Atlanta,Phoenix,1.5,Linear,UNDERDOG,Phoenix,1.5,LOSS
2025-11-16,2025-11-16_Atlanta_Phoenix,Phoenix,Atlanta,Atlanta,Phoenix,1.5,Random Forest,UNDERDOG,Phoenix,1.5,LOSS
2025-11-16,2025-11-16_Atlanta_Phoenix,Phoenix,Atlanta,Atlanta,Phoenix,1.5,Decision Tree,UNDERDOG,Phoenix,1.5,LOSS
2025-11-16,2025-11-16_Chicago_Utah,Utah,Chicago,Chicago,Utah,4.5,Logistic,FAVORITE,Chicago,-4.5,LOSS
2025-11-16,2025-11-16_Chicago_Utah,Utah,Chicago,Chicago,Utah,4.5,Linear,FAVORITE,Chicago,-4.5,LOSS
2025-11-16,2025-11-16_Chicago_Utah,Utah,Chicago,Chicago,Utah,4.5,Random Forest,FAVORITE,Chicago,-4.5,LOSS
2025-11-16,2025-11-16_Chicago_Utah,Utah,Chicago,Chicago,Utah,4.5,Decision Tree,UNDERDOG,Utah,4.5,WIN
2025-11-17,2025-11-17_Cleveland_Milwaukee,Cleveland,Milwaukee,Cleveland,Milwaukee,7.5,Logistic,FAVORITE,Cleveland,-7.5,WIN
2025-11-17,2025-11-17_Cleveland_Milwaukee,Cleveland,Milwaukee,Cleveland,Milwaukee,7.5,Linear,FAVORITE,Cleveland,-7.5,WIN
2025-11-17,2025-11-17_Cleveland_Milwaukee,Cleveland,Milwaukee,Cleveland,Milwaukee,7.5,Random Forest,FAVORITE,Cleveland,-7.5,WIN
2025-11-17,2025-11-17_Cleveland_Milwaukee,Cleveland,Milwaukee,Cleveland,Milwaukee,7.5,Decision Tree,UNDERDOG,Milwaukee,7.5,LOSS
2025-11-17,2025-11-17_Detroit_Indiana,Detroit,Indiana,Detroit,Indiana,11.5,Logistic,FAVORITE,Detroit,-11.5,WIN
2025-11-17,2025-11-17_Detroit_Indiana,Detroit,Indiana,Detroit,Indiana,11.5,Linear,NO BET,,,NO BET
2025-11-17,2025-11-17_Detroit_Indiana,Detroit,Indiana,Detroit,Indiana,11.5,Random Forest,FAVORITE,Detroit,-11.5,WIN
2025-11-17,2025-11-17_Detroit_Indiana,Detroit,Indiana,Detroit,Indiana,11.5,Decision Tree,FAVORITE,Detroit,-11.5,WIN
2025-11-17,2025-11-17_Philadelphia_LaClippers,Philadelphia,La Clippers,Philadelphia,La Clippers,5.5,Logistic,UNDERDOG,La Clippers,5.5,WIN
2025-11-17,2025-11-17_Philadelphia_LaClippers,Philadelphia,La Clippers,Philadelphia,La Clippers,5.5,Linear,UNDERDOG,La Clippers,5.5,WIN
2025-11-17,2025-11-17_Philadelphia_LaClippers,Philadelphia,La Clippers,Philadelphia,La Clippers,5.5,Random Forest,FAVORITE,Philadelphia,-5.5,LOSS
2025-11-17,2025-11-17_Philadelphia_LaClippers,Philadelphia,La Clippers,Philadelphia,La Clippers,5.5,Decision Tree,FAVORITE,Philadelphia,-5.5,LOSS
2025-11-17,2025-11-17_Miami_NewYork,Miami,New York,Miami,New York,1.5,Logistic,FAVORITE,Miami,-1.5,WIN
2025-11-17,2025-11-17_Miami_NewYork,Miami,New York,Miami,New York,1.5,Linear,FAVORITE,Miami,-1.5,WIN
2025-11-17,2025-11-17_Miami_NewYork,Miami,New York,Miami,New York,1.5,Random Forest,FAVORITE,Miami,-1.5,WIN
2025-11-17,2025-11-17_Miami_NewYork,Miami,New York,Miami,New York,1.5,Decision Tree,FAVORITE,Miami,-1.5,WIN
2025-11-17,2025-11-17_Toronto_Charlotte,Toronto,Charlotte,Toronto,Charlotte,8.5,Logistic,FAVORITE,Toronto,-8.5,LOSS
2025-11-17,2025-11-17_Toronto_Charlotte,Toronto,Charlotte,Toronto,Charlotte,8.5,Linear,FAVORITE,Toronto,-8.5,LOSS
2025-11-17,2025-11-17_Toronto_Charlotte,Toronto,Charlotte,Toronto,Charlotte,8.5,Random Forest,FAVORITE,Toronto,-8.5,LOSS
2025-11-17,2025-11-17_Toronto_Charlotte,Toronto,Charlotte,Toronto,Charlotte,8.5,Decision Tree,UNDERDOG,Charlotte,8.5,WIN
2025-11-17,2025-11-17_Minnesota_Dallas,Minnesota,Dallas,Minnesota,Dallas,14.5,Logistic,UNDERDOG,Dallas,14.5,LOSS
2025-11-17,2025-11-17_Minnesota_Dallas,Minnesota,Dallas,Minnesota,Dallas,14.5,Linear,UNDERDOG,Dallas,14.5,LOSS
2025-11-17,2025-11-17_Minnesota_Dallas,Minnesota,Dallas,Minnesota,Dallas,14.5,Random Forest,FAVORITE,Minnesota,-14.5,WIN
2025-11-17,2025-11-17_Minnesota_Dallas,Minnesota,Dallas,Minnesota,Dallas,14.5,Decision Tree,FAVORITE,Minnesota,-14.5,WIN
2025-11-17,2025-11-17_OklaCity_NewOrleans,New Orleans,Okla City,Okla City,New Orleans,17.5,Logistic,FAVORITE,Okla City,-17.5,LOSS
2025-11-17,2025-11-17_OklaCity_NewOrleans,New Orleans,Okla City,Okla City,New Orleans,17.5,Linear,FAVORITE,Okla City,-17.5,LOSS
2025-11-17,2025-11-17_OklaCity_NewOrleans,New Orleans,Okla City,Okla City,New Orleans,17.5,Random Forest,NO BET,,,NO BET
2025-11-17,2025-11-17_OklaCity_NewOrleans,New Orleans,Okla City,Okla City,New Orleans,17.5,Decision Tree,FAVORITE,Okla City,-17.5,LOSS
2025-11-17,2025-11-17_Denver_Chicago,Denver,Chicago,Denver,Chicago,14.5,Logistic,FAVORITE,Denver,-14.5,LOSS
2025-11-17,2025-11-17_Denver_Chicago,Denver,Chicago,Denver,Chicago,14.5,Linear,FAVORITE,Denver,-14.5,LOSS
2025-11-17,2025-11-17_Denver_Chicago,Denver,Chicago,Denver,Chicago,14.5,Random Forest,FAVORITE,Denver,-14.5,LOSS
2025-11-17,2025-11-17_Denver_Chicago,Denver,Chicago,Denver,Chicago,14.5,Decision Tree,UNDERDOG,Chicago,14.5,WIN
2025-11-18,2025-11-18_GoldenState_Orlando,Orlando,Golden State,Golden State,Orlando,3.5,Logistic,UNDERDOG,Orlando,3.5,WIN
2025-11-18,2025-11-18_GoldenState_Orlando,Orlando,Golden State,Golden State,Orlando,3.5,Linear,UNDERDOG,Orlando,3.5,WIN
2025-11-18,2025-11-18_GoldenState_Orlando,Orlando,Golden State,Golden State,Orlando,3.5,Random Forest,UNDERDOG,Orlando,3.5,WIN
2025-11-18,2025-11-18_GoldenState_Orlando,Orlando,Golden State,Golden State,Orlando,3.5,Decision Tree,FAVORITE,Golden State,-3.5,LOSS
2025-11-18,2025-11-18_Boston_Brooklyn,Brooklyn,Boston,Boston,Brooklyn,10.5,Logistic,FAVORITE,Boston,-10.5,WIN
2025-11-18,2025-11-18_Boston_Brooklyn,Brooklyn,Boston,Boston,Brooklyn,10.5,Linear,FAVORITE,Boston,-10.5,WIN
2025-11-18,2025-11-18_Boston_Brooklyn,Brooklyn,Boston,Boston,Brooklyn,10.5,Random Forest,FAVORITE,Boston,-10.5,WIN
2025-11-18,2025-11-18_Boston_Brooklyn,Brooklyn,Boston,Boston,Brooklyn,10.5,Decision Tree,FAVORITE,Boston,-10.5,WIN
2025-11-18,2025-11-18_Detroit_Atlanta,Atlanta,Detroit,Detroit,Atlanta,1.5,Logistic,UNDERDOG,Atlanta,1.5,LOSS
2025-11-18,2025-11-18_Detroit_Atlanta,Atlanta,Detroit,Detroit,Atlanta,1.5,Linear,UNDERDOG,Atlanta,1.5,LOSS
2025-11-18,2025-11-18_Detroit_Atlanta,Atlanta,Detroit,Detroit,Atlanta,1.5,Random Forest,UNDERDOG,Atlanta,1.5,LOSS
2025-11-18,2025-11-18_Detroit_Atlanta,Atlanta,Detroit,Detroit,Atlanta,1.5,Decision Tree,UNDERDOG,Atlanta,1.5,LOSS
2025-11-18,2025-11-18_SanAntonio_Memphis,Memphis,San Antonio,San Antonio,Memphis,6.5,Logistic,UNDERDOG,Memphis,6.5,WIN
2025-11-18,2025-11-18_SanAntonio_Memphis,Memphis,San Antonio,San Antonio,Memphis,6.5,Linear,UNDERDOG,Memphis,6.5,WIN
2025-11-18,2025-11-18_SanAntonio_Memphis,Memphis,San Antonio,San Antonio,Memphis,6.5,Random Forest,UNDERDOG,Memphis,6.5,WIN
2025-11-18,2025-11-18_SanAntonio_Memphis,Memphis,San Antonio,San Antonio,Memphis,6.5,Decision Tree,UNDERDOG,Memphis,6.5,WIN
2025-11-18,2025-11-18_LaLakers_Utah,La Lakers,Utah,La Lakers,Utah,12.5,Logistic,FAVORITE,La Lakers,-12.5,WIN
2025-11-18,2025-11-18_LaLakers_Utah,La Lakers,Utah,La Lakers,Utah,12.5,Linear,FAVORITE,La Lakers,-12.5,WIN
2025-11-18,2025-11-18_LaLakers_Utah,La Lakers,Utah,La Lakers,Utah,12.5,Random Forest,FAVORITE,La Lakers,-12.5,WIN
2025-11-18,2025-11-18_LaLakers_Utah,La Lakers,Utah,La Lakers,Utah,12.5,Decision Tree,FAVORITE,La Lakers,-12.5,WIN
2025-11-18,2025-11-18_Portland_Phoenix,Portland,Phoenix,Portland,Phoenix,2.5,Logistic,FAVORITE,Portland,-2.5,LOSS
2025-11-18,2025-11-18_Portland_Phoenix,Portland,Phoenix,Portland,Phoenix,2.5,Linear,FAVORITE,Portland,-2.5,LOSS
2025-11-18,2025-11-18_Portland_Phoenix,Portland,Phoenix,Portland,Phoenix,2.5,Random Forest,FAVORITE,Portland,-2.5,LOSS
2025-11-18,2025-11-18_Portland_Phoenix,Portland,Phoenix,Portland,Phoenix,2.5,Decision Tree,FAVORITE,Portland,-2.5,LOSS
2025-11-20,2025-11-20_Orlando_LaClippers,Orlando,La Clippers,Orlando,La Clippers,5.5,Logistic,UNDERDOG,La Clippers,5.5,LOSS
2025-11-20,2025-11-20_Orlando_LaClippers,Orlando,La Clippers,Orlando,La Clippers,5.5,Linear,UNDERDOG,La Clippers,5.5,LOSS
2025-11-20,2025-11-20_Orlando_LaClippers,Orlando,La Clippers,Orlando,La Clippers,5.5,Random Forest,FAVORITE,Orlando,-5.5,WIN
2025-11-20,2025-11-20_Orlando_LaClippers,Orlando,La Clippers,Orlando,La Clippers,5.5,Decision Tree,UNDERDOG,La Clippers,5.5,LOSS
2025-11-20,2025-11-20_Memphis_Sacramento,Memphis,Sacramento,Memphis,Sacramento,2.5,Logistic,UNDERDOG,Sacramento,2.5,LOSS
2025-11-20,2025-11-20_Memphis_Sacramento,Memphis,Sacramento,Memphis,Sacramento,2.5,Linear,UNDERDOG,Sacramento,2.5,LOSS
2025-11-20,2025-11-20_Memphis_Sacramento,Memphis,Sacramento,Memphis,Sacramento,2.5,Random Forest,UNDERDOG,Sacramento,2.5,LOSS
2025-11-20,2025-11-20_Memphis_Sacramento,Memphis,Sacramento,Memphis,Sacramento,2.5,Decision Tree,UNDERDOG,Sacramento,2.5,LOSS
2025-11-20,2025-11-20_Philadelphia_Milwaukee,Milwaukee,Philadelphia,Philadelphia,Milwaukee,2.5,Logistic,UNDERDOG,Milwaukee,2.5,LOSS
2025-11-20,2025-11-20_Philadelphia_Milwaukee,Milwaukee,Philadelphia,Philadelphia,Milwaukee,2.5,Linear,UNDERDOG,Milwaukee,2.5,LOSS
2025-11-20,2025-11-20_Philadelphia_Milwaukee,Milwaukee,Philadelphia,Philadelphia,Milwaukee,2.5,Random Forest,UNDERDOG,Milwaukee,2.5,LOSS
2025-11-20,2025-11-20_Philadelphia_Milwaukee,Milwaukee,Philadelphia,Philadelphia,Milwaukee,2.5,Decision Tree,UNDERDOG,Milwaukee,2.5,LOSS
2025-11-20,2025-11-20_SanAntonio_Atlanta,Atlanta,San Antonio,San Antonio,Atlanta,1.5,Logistic,UNDERDOG,Atlanta,1.5,WIN
2025-11-20,2025-11-20_SanAntonio_Atlanta,Atlanta,San Antonio,San Antonio,Atlanta,1.5,Linear,UNDERDOG,Atlanta,1.5,WIN
2025-11-20,2025-11-20_SanAntonio_Atlanta,Atlanta,San Antonio,San Antonio,Atlanta,1.5,Random Forest,UNDERDOG,Atlanta,1.5,WIN
2025-11-20,2025-11-20_SanAntonio_Atlanta,Atlanta,San Antonio,San Antonio,Atlanta,1.5,Decision Tree,UNDERDOG,Atlanta,1.5,WIN
2025-11-21,2025-11-21_Cleveland_Indiana,Cleveland,Indiana,Cleveland,Indiana,13.5,Logistic,NO BET,,,NO BET
2025-11-21,2025-11-21_Cleveland_Indiana,Cleveland,Indiana,Cleveland,Indiana,13.5,Linear,FAVORITE,Cleveland,-13.5,LOSS
2025-11-21,2025-11-21_Cleveland_Indiana,Cleveland,Indiana,Cleveland,Indiana,13.5,Random Forest,UNDERDOG,Indiana,13.5,WIN
2025-11-21,2025-11-21_Cleveland_Indiana,Cleveland,Indiana,Cleveland,Indiana,13.5,Decision Tree,UNDERDOG,Indiana,13.5,WIN
2025-11-21,2025-11-21_Boston_Brooklyn,Boston,Brooklyn,Boston,Brooklyn,14.5,Logistic,UNDERDOG,Brooklyn,14.5,WIN
2025-11-21,2025-11-21_Boston_Brooklyn,Boston,Brooklyn,Boston,Brooklyn,14.5,Linear,UNDERDOG,Brooklyn,14.5,WIN
2025-11-21,2025-11-21_Boston_Brooklyn,Boston,Brooklyn,Boston,Brooklyn,14.5,Random Forest,FAVORITE,Boston,-14.5,LOSS
2025-11-21,2025-11-21_Boston_Brooklyn,Boston,Brooklyn,Boston,Brooklyn,14.5,Decision Tree,UNDERDOG,Brooklyn,14.5,WIN
2025-11-21,2025-11-21_Toronto_Washington,Toronto,Washington,Toronto,Washington,13.5,Logistic,UNDERDOG,Washington,13.5,LOSS
2025-11-21,2025-11-21_Toronto_Washington,Toronto,Washington,Toronto,Washington,13.5,Linear,UNDERDOG,Washington,13.5,LOSS
2025-11-21,2025-11-21_Toronto_Washington,Toronto,Washington,Toronto,Washington,13.5,Random Forest,FAVORITE,Toronto,-13.5,WIN
2025-11-21,2025-11-21_Toronto_Washington,Toronto,Washington,Toronto,Washington,13.5,Decision Tree,FAVORITE,Toronto,-13.5,WIN
2025-11-21,2025-11-21_Chicago_Miami,Chicago,Miami,Chicago,Miami,2.5,Logistic,FAVORITE,Chicago,-2.5,LOSS
2025-11-21,2025-11-21_Chicago_Miami,Chicago,Miami,Chicago,Miami,2.5,Linear,FAVORITE,Chicago,-2.5,LOSS
2025-11-21,2025-11-21_Chicago_Miami,Chicago,Miami,Chicago,Miami,2.5,Random Forest,FAVORITE,Chicago,-2.5,LOSS
2025-11-21,2025-11-21_Chicago_Miami,Chicago,Miami,Chicago,Miami,2.5,Decision Tree,FAVORITE,Chicago,-2.5,LOSS
2025-11-21,2025-11-21_Dallas_NewOrleans,Dallas,New Orleans,Dallas,New Orleans,3.5,Logistic,NO BET,,,NO BET
2025-11-21,2025-11-21_Dallas_NewOrleans,Dallas,New Orleans,Dallas,New Orleans,3.5,Linear,UNDERDOG,New Orleans,3.5,WIN
2025-11-21,2025-11-21_Dallas_NewOrleans,Dallas,New Orleans,Dallas,New Orleans,3.5,Random Forest,UNDERDOG,New Orleans,3.5,WIN
2025-11-21,2025-11-21_Dallas_NewOrleans,Dallas,New Orleans,Dallas,New Orleans,3.5,Decision Tree,UNDERDOG,New Orleans,3.5,WIN
2025-11-21,2025-11-21_Minnesota_Phoenix,Phoenix,Minnesota,Minnesota,Phoenix,4.5,Logistic,NO BET,,,NO BET
2025-11-21,2025-11-21_Minnesota_Phoenix,Phoenix,Minnesota,Minnesota,Phoenix,4.5,Linear,FAVORITE,Minnesota,-4.5,LOSS
2025-11-21,2025-11-21_Minnesota_Phoenix,Phoenix,Minnesota,Minnesota,Phoenix,4.5,Random Forest,FAVORITE,Minnesota,-4.5,LOSS
2025-11-21,2025-11-21_Minnesota_Phoenix,Phoenix,Minnesota,Minnesota,Phoenix,4.5,Decision Tree,UNDERDOG,Phoenix,4.5,WIN
2025-11-21,2025-11-21_Houston_Denver,Houston,Denver,Houston,Denver,2.5,Logistic,FAVORITE,Houston,-2.5,LOSS
2025-11-21,2025-11-21_Houston_Denver,Houston,Denver,Houston,Denver,2.5,Linear,FAVORITE,Houston,-2.5,LOSS
2025-11-21,2025-11-21_Houston_Denver,Houston,Denver,Houston,Denver,2.5,Random Forest,FAVORITE,Houston,-2.5,LOSS
2025-11-21,2025-11-21_Houston_Denver,Houston,Denver,Houston,Denver,2.5,Decision Tree,FAVORITE,Houston,-2.5,LOSS
2025-11-21,2025-11-21_OklaCity_Utah,Utah,Okla City,Okla City,Utah,16.5,Logistic,UNDERDOG,Utah,16.5,LOSS
2025-11-21,2025-11-21_OklaCity_Utah,Utah,Okla City,Okla City,Utah,16.5,Linear,UNDERDOG,Utah,16.5,LOSS
2025-11-21,2025-11-21_OklaCity_Utah,Utah,Okla City,Okla City,Utah,16.5,Random Forest,UNDERDOG,Utah,16.5,LOSS
2025-11-21,2025-11-21_OklaCity_Utah,Utah,Okla City,Okla City,Utah,16.5,Decision Tree,UNDERDOG,Utah,16.5,LOSS
2025-11-21,2025-11-21_GoldenState_Portland,Portland,Golden State,Golden State,Portland,8.5,Logistic,UNDERDOG,Portland,8.5,WIN
2025-11-21,2025-11-21_GoldenState_Portland,Portland,Golden State,Golden State,Portland,8.5,Linear,UNDERDOG,Portland,8.5,WIN
2025-11-21,2025-11-21_GoldenState_Portland,Portland,Golden State,Golden State,Portland,8.5,Random Forest,UNDERDOG,Portland,8.5,WIN
2025-11-21,2025-11-21_GoldenState_Portland,Portland,Golden State,Golden State,Portland,8.5,Decision Tree,UNDERDOG,Portland,8.5,WIN
2025-11-22,2025-11-22_LaClippers_Charlotte,Charlotte,La Clippers,La Clippers,Charlotte,1.5,Logistic,UNDERDOG,Charlotte,1.5,LOSS
2025-11-22,2025-11-22_LaClippers_Charlotte,Charlotte,La Clippers,La Clippers,Charlotte,1.5,Linear,UNDERDOG,Charlotte,1.5,LOSS
2025-11-22,2025-11-22_LaClippers_Charlotte,Charlotte,La Clippers,La Clippers,Charlotte,1.5,Random Forest,UNDERDOG,Charlotte,1.5,LOSS
2025-11-22,2025-11-22_LaClippers_Charlotte,Charlotte,La Clippers,La Clippers,Charlotte,1.5,Decision Tree,UNDERDOG,Charlotte,1.5,LOSS
2025-11-22,2025-11-22_Orlando_NewYork,Orlando,New York,Orlando,New York,1.5,Logistic,UNDERDOG,New York,1.5,LOSS
2025-11-22,2025-11-22_Orlando_NewYork,Orlando,New York,Orlando,New York,1.5,Linear,UNDERDOG,New York,1.5,LOSS
2025-11-22,2025-11-22_Orlando_NewYork,Orlando,New York,Orlando,New York,1.5,Random Forest,FAVORITE,Orlando,-1.5,WIN
2025-11-22,2025-11-22_Orlando_NewYork,Orlando,New York,Orlando,New York,1.5,Decision Tree,NO BET,,,NO BET
2025-11-22,2025-11-22_Atlanta_NewOrleans,New Orleans,Atlanta,Atlanta,New Orleans,8.5,Logistic,UNDERDOG,New Orleans,8.5,LOSS
2025-11-22,2025-11-22_Atlanta_NewOrleans,New Orleans,Atlanta,Atlanta,New Orleans,8.5,Linear,UNDERDOG,New Orleans,8.5,LOSS
2025-11-22,2025-11-22_Atlanta_NewOrleans,New Orleans,Atlanta,Atlanta,New Orleans,8.5,Random Forest,UNDERDOG,New Orleans,8.5,LOSS
2025-11-22,2025-11-22_Atlanta_NewOrleans,New Orleans,Atlanta,Atlanta,New Orleans,8.5,Decision Tree,UNDERDOG,New Orleans,8.5,LOSS
2025-11-22,2025-11-22_Chicago_Washington,Chicago,Washington,Chicago,Washington,12.5,Logistic,FAVORITE,Chicago,-12.5,LOSS
2025-11-22,2025-11-22_Chicago_Washington,Chicago,Washington,Chicago,Washington,12.5,Linear,FAVORITE,Chicago,-12.5,LOSS
2025-11-22,2025-11-22_Chicago_Washington,Chicago,Washington,Chicago,Washington,12.5,Random Forest,FAVORITE,Chicago,-12.5,LOSS
2025-11-22,2025-11-22_Chicago_Washington,Chicago,Washington,Chicago,Washington,12.5,Decision Tree,FAVORITE,Chicago,-12.5,LOSS
2025-11-22,2025-11-22_Detroit_Milwaukee,Milwaukee,Detroit,Detroit,Milwaukee,8.5,Logistic,UNDERDOG,Milwaukee,8.5,LOSS
2025-11-22,2025-11-22_Detroit_Milwaukee,Milwaukee,Detroit,Detroit,Milwaukee,8.5,Linear,UNDERDOG,Milwaukee,8.5,LOSS
2025-11-22,2025-11-22_Detroit_Milwaukee,Milwaukee,Detroit,Detroit,Milwaukee,8.5,Random Forest,UNDERDOG,Milwaukee,8.5,LOSS
2025-11-22,2025-11-22_Detroit_Milwaukee,Milwaukee,Detroit,Detroit,Milwaukee,8.5,Decision Tree,UNDERDOG,Milwaukee,8.5,LOSS
2025-11-22,2025-11-22_Dallas_Memphis,Dallas,Memphis,Dallas,Memphis,1.5,Logistic,FAVORITE,Dallas,-1.5,LOSS
2025-11-22,2025-11-22_Dallas_Memphis,Dallas,Memphis,Dallas,Memphis,1.5,Linear,NO BET,,,NO BET
2025-11-22,2025-11-22_Dallas_Memphis,Dallas,Memphis,Dallas,Memphis,1.5,Random Forest,UNDERDOG,Memphis,1.5,WIN
2025-11-22,2025-11-22_Dallas_Memphis,Dallas,Memphis,Dallas,Memphis,1.5,Decision Tree,UNDERDOG,Memphis,1.5,WIN
2025-11-22,2025-11-22_Denver_Sacramento,Denver,Sacramento,Denver,Sacramento,10.5,Logistic,FAVORITE,Denver,-10.5,LOSS
2025-11-22,2025-11-22_Denver_Sacramento,Denver,Sacramento,Denver,Sacramento,10.5,Linear,FAVORITE,Denver,-10.5,LOSS
2025-11-22,2025-11-22_Denver_Sacramento,Denver,Sacramento,Denver,Sacramento,10.5,Random Forest,NO BET,,,NO BET
2025-11-22,2025-11-22_Denver_Sacramento,Denver,Sacramento,Denver,Sacramento,10.5,Decision Tree,UNDERDOG,Sacramento,10.5,WIN
2025-11-23,2025-11-23_Philadelphia_Miami,Miami,Philadelphia,Philadelphia,Miami,1.5,Logistic,UNDERDOG,Miami,1.5,LOSS
2025-11-23,2025-11-23_Philadelphia_Miami,Miami,Philadelphia,Philadelphia,Miami,1.5,Linear,UNDERDOG,Miami,1.5,LOSS
2025-11-23,2025-11-23_Philadelphia_Miami,Miami,Philadelphia,Philadelphia,Miami,1.5,Random Forest,UNDERDOG,Miami,1.5,LOSS
2025-11-23,2025-11-23_Philadelphia_Miami,Miami,Philadelphia,Philadelphia,Miami,1.5,Decision Tree,UNDERDOG,Miami,1.5,LOSS
2025-11-23,2025-11-23_Atlanta_Charlotte,Atlanta,Charlotte,Atlanta,Charlotte,7.5,Logistic,FAVORITE,Atlanta,-7.5,LOSS
2025-11-23,2025-11-23_Atlanta_Charlotte,Atlanta,Charlotte,Atlanta,Charlotte,7.5,Linear,FAVORITE,Atlanta,-7.5,LOSS
2025-11-23,2025-11-23_Atlanta_Charlotte,Atlanta,Charlotte,Atlanta,Charlotte,7.5,Random Forest,FAVORITE,Atlanta,-7.5,LOSS
2025-11-23,2025-11-23_Atlanta_Charlotte,Atlanta,Charlotte,Atlanta,Charlotte,7.5,Decision Tree,FAVORITE,Atlanta,-7.5,LOSS
2025-11-23,2025-11-23_Boston_Orlando,Boston,Orlando,Boston,Orlando,5.5,Logistic,FAVORITE,Boston,-5.5,WIN
2025-11-23,2025-11-23_Boston_Orlando,Boston,Orlando,Boston,Orlando,5.5,Linear,NO BET,,,NO BET
2025-11-23,2025-11-23_Boston_Orlando,Boston,Orlando,Boston,Orlando,5.5,Random Forest,FAVORITE,Boston,-5.5,WIN
2025-11-23,2025-11-23_Boston_Orlando,Boston,Orlando,Boston,Orlando,5.5,Decision Tree,FAVORITE,Boston,-5.5,WIN
2025-11-23,2025-11-23_Cleveland_LaClippers,Cleveland,La Clippers,Cleveland,La Clippers,8.5,Logistic,FAVORITE,Cleveland,-8.5,WIN
2025-11-23,2025-11-23_Cleveland_LaClippers,Cleveland,La Clippers,Cleveland,La Clippers,8.5,Linear,FAVORITE,Cleveland,-8.5,WIN
2025-11-23,2025-11-23_Cleveland_LaClippers,Cleveland,La Clippers,Cleveland,La Clippers,8.5,Random Forest,FAVORITE,Cleveland,-8.5,WIN
2025-11-23,2025-11-23_Cleveland_LaClippers,Cleveland,La Clippers,Cleveland,La Clippers,8.5,Decision Tree,UNDERDOG,La Clippers,8.5,LOSS
2025-11-23,2025-11-23_Toronto_Brooklyn,Toronto,Brooklyn,Toronto,Brooklyn,12.5,Logistic,UNDERDOG,Brooklyn,12.5,WIN
2025-11-23,2025-11-23_Toronto_Brooklyn,Toronto,Brooklyn,Toronto,Brooklyn,12.5,Linear,UNDERDOG,Brooklyn,12.5,WIN
2025-11-23,2025-11-23_Toronto_Brooklyn,Toronto,Brooklyn,Toronto,Brooklyn,12.5,Random Forest,UNDERDOG,Brooklyn,12.5,WIN
2025-11-23,2025-11-23_Toronto_Brooklyn,Toronto,Brooklyn,Toronto,Brooklyn,12.5,Decision Tree,FAVORITE,Toronto,-12.5,LOSS
2025-11-23,2025-11-23_OklaCity_Portland,Portland,Okla City,Okla City,Portland,16.5,Logistic,FAVORITE,Okla City,-16.5,LOSS
2025-11-23,2025-11-23_OklaCity_Portland,Portland,Okla City,Okla City,Portland,16.5,Linear,FAVORITE,Okla City,-16.5,LOSS
2025-11-23,2025-11-23_OklaCity_Portland,Portland,Okla City,Okla City,Portland,16.5,Random Forest,FAVORITE,Okla City,-16.5,LOSS
2025-11-23,2025-11-23_OklaCity_Portland,Portland,Okla City,Okla City,Portland,16.5,Decision Tree,FAVORITE,Okla City,-16.5,LOSS
2025-11-23,2025-11-23_Phoenix_SanAntonio,San Antonio,Phoenix,Phoenix,San Antonio,2.5,Logistic,UNDERDOG,San Antonio,2.5,WIN
2025-11-23,2025-11-23_Phoenix_SanAntonio,San Antonio,Phoenix,Phoenix,San Antonio,2.5,Linear,UNDERDOG,San Antonio,2.5,WIN
2025-11-23,2025-11-23_Phoenix_SanAntonio,San Antonio,Phoenix,Phoenix,San Antonio,2.5,Random Forest,UNDERDOG,San Antonio,2.5,WIN
2025-11-23,2025-11-23_Phoenix_SanAntonio,San Antonio,Phoenix,Phoenix,San Antonio,2.5,Decision Tree,UNDERDOG,San Antonio,2.5,WIN
2025-11-23,2025-11-23_LaLakers_Utah,Utah,La Lakers,La Lakers,Utah,9.5,Logistic,UNDERDOG,Utah,9.5,WIN
2025-11-23,2025-11-23_LaLakers_Utah,Utah,La Lakers,La Lakers,Utah,9.5,Linear,UNDERDOG,Utah,9.5,WIN
2025-11-23,2025-11-23_LaLakers_Utah,Utah,La Lakers,La Lakers,Utah,9.5,Random Forest,UNDERDOG,Utah,9.5,WIN
2025-11-23,2025-11-23_LaLakers_Utah,Utah,La Lakers,La Lakers,Utah,9.5,Decision Tree,UNDERDOG,Utah,9.5,WIN
2025-11-24,2025-11-24_Detroit_Indiana,Indiana,Detroit,Detroit,Indiana,10.5,Logistic,FAVORITE,Detroit,-10.5,LOSS
2025-11-24,2025-11-24_Detroit_Indiana,Indiana,Detroit,Detroit,Indiana,10.5,Linear,FAVORITE,Detroit,-10.5,LOSS
2025-11-24,2025-11-24_Detroit_Indiana,Indiana,Detroit,Detroit,Indiana,10.5,Random Forest,FAVORITE,Detroit,-10.5,LOSS
2025-11-24,2025-11-24_Detroit_Indiana,Indiana,Detroit,Detroit,Indiana,10.5,Decision Tree,UNDERDOG,Indiana,10.5,WIN
2025-11-24,2025-11-24_Cleveland_Toronto,Toronto,Cleveland,Cleveland,Toronto,2.5,Logistic,UNDERDOG,Toronto,2.5,WIN
2025-11-24,2025-11-24_Cleveland_Toronto,Toronto,Cleveland,Cleveland,Toronto,2.5,Linear,UNDERDOG,Toronto,2.5,WIN
2025-11-24,2025-11-24_Cleveland_Toronto,Toronto,Cleveland,Cleveland,Toronto,2.5,Random Forest,UNDERDOG,Toronto,2.5,WIN
2025-11-24,2025-11-24_Cleveland_Toronto,Toronto,Cleveland,Cleveland,Toronto,2.5,Decision Tree,UNDERDOG,Toronto,2.5,WIN
2025-11-24,2025-11-24_NewYork_Brooklyn,Brooklyn,New York,New York,Brooklyn,13.5,Logistic,NO BET,,,NO BET
2025-11-24,2025-11-24_NewYork_Brooklyn,Brooklyn,New York,New York,Brooklyn,13.5,Linear,NO BET,,,NO BET
2025-11-24,2025-11-24_NewYork_Brooklyn,Brooklyn,New York,New York,Brooklyn,13.5,Random Forest,UNDERDOG,Brooklyn,13.5,WIN
2025-11-24,2025-11-24_NewYork_Brooklyn,Brooklyn,New York,New York,Brooklyn,13.5,Decision Tree,FAVORITE,New York,-13.5,LOSS
2025-11-24,2025-11-24_Miami_Dallas,Miami,Dallas,Miami,Dallas,8.5,Logistic,UNDERDOG,Dallas,8.5,WIN
2025-11-24,2025-11-24_Miami_Dallas,Miami,Dallas,Miami,Dallas,8.5,Linear,UNDERDOG,Dallas,8.5,WIN
2025-11-24,2025-11-24_Miami_Dallas,Miami,Dallas,Miami,Dallas,8.5,Random Forest,UNDERDOG,Dallas,8.5,WIN
2025-11-24,2025-11-24_Miami_Dallas,Miami,Dallas,Miami,Dallas,8.5,Decision Tree,UNDERDOG,Dallas,8.5,WIN
2025-11-24,2025-11-24_Denver_Memphis,Memphis,Denver,Denver,Memphis,8.5,Logistic,UNDERDOG,Memphis,8.5,LOSS
2025-11-24,2025-11-24_Denver_Memphis,Memphis,Denver,Denver,Memphis,8.5,Linear,UNDERDOG,Memphis,8.5,LOSS
2025-11-24,2025-11-24_Denver_Memphis,Memphis,Denver,Denver,Memphis,8.5,Random Forest,UNDERDOG,Memphis,8.5,LOSS
2025-11-24,2025-11-24_Denver_Memphis,Memphis,Denver,Denver,Memphis,8.5,Decision Tree,UNDERDOG,Memphis,8.5,LOSS
2025-11-24,2025-11-24_Milwaukee_Portland,Milwaukee,Portland,Milwaukee,Portland,1.5,Logistic,FAVORITE,Milwaukee,-1.5,LOSS
2025-11-24,2025-11-24_Milwaukee_Portland,Milwaukee,Portland,Milwaukee,Portland,1.5,Linear,FAVORITE,Milwaukee,-1.5,LOSS
2025-11-24,2025-11-24_Milwaukee_Portland,Milwaukee,Portland,Milwaukee,Portland,1.5,Random Forest,FAVORITE,Milwaukee,-1.5,LOSS
2025-11-24,2025-11-24_Milwaukee_Portland,Milwaukee,Portland,Milwaukee,Portland,1.5,Decision Tree,UNDERDOG,Portland,1.5,WIN
2025-11-24,2025-11-24_Chicago_NewOrleans,New Orleans,Chicago,Chicago,New Orleans,5.5,Logistic,UNDERDOG,New Orleans,5.5,WIN
2025-11-24,2025-11-24_Chicago_NewOrleans,New Orleans,Chicago,Chicago,New Orleans,5.5,Linear,UNDERDOG,New Orleans,5.5,WIN
2025-11-24,2025-11-24_Chicago_NewOrleans,New Orleans,Chicago,Chicago,New Orleans,5.5,Random Forest,UNDERDOG,New Orleans,5.5,WIN
2025-11-24,2025-11-24_Chicago_NewOrleans,New Orleans,Chicago,Chicago,New Orleans,5.5,Decision Tree,UNDERDOG,New Orleans,5.5,WIN
2025-11-24,2025-11-24_Houston_Phoenix,Phoenix,Houston,Houston,Phoenix,6.5,Logistic,UNDERDOG,Phoenix,6.5,LOSS
2025-11-24,2025-11-24_Houston_Phoenix,Phoenix,Houston,Houston,Phoenix,6.5,Linear,UNDERDOG,Phoenix,6.5,LOSS
2025-11-24,2025-11-24_Houston_Phoenix,Phoenix,Houston,Houston,Phoenix,6.5,Random Forest,UNDERDOG,Phoenix,6.5,LOSS
2025-11-24,2025-11-24_Houston_Phoenix,Phoenix,Houston,Houston,Phoenix,6.5,Decision Tree,UNDERDOG,Phoenix,6.5,LOSS
2025-11-24,2025-11-24_GoldenState_Utah,Golden State,Utah,Golden State,Utah,14.5,Logistic,FAVORITE,Golden State,-14.5,WIN
2025-11-24,2025-11-24_GoldenState_Utah,Golden State,Utah,Golden State,Utah,14.5,Linear,FAVORITE,Golden State,-14.5,WIN
2025-11-24,2025-11-24_GoldenState_Utah,Golden State,Utah,Golden State,Utah,14.5,Random Forest,FAVORITE,Golden State,-14.5,WIN
2025-11-24,2025-11-24_GoldenState_Utah,Golden State,Utah,Golden State,Utah,14.5,Decision Tree,NO BET,,,NO BET
2025-11-24,2025-11-24_Minnesota_Sacramento,Sacramento,Minnesota,Minnesota,Sacramento,9.5,Logistic,UNDERDOG,Sacramento,9.5,WIN
2025-11-24,2025-11-24_Minnesota_Sacramento,Sacramento,Minnesota,Minnesota,Sacramento,9.5,Linear,UNDERDOG,Sacramento,9.5,WIN
2025-11-24,2025-11-24_Minnesota_Sacramento,Sacramento,Minnesota,Minnesota,Sacramento,9.5,Random Forest,UNDERDOG,Sacramento,9.5,WIN
2025-11-24,2025-11-24_Minnesota_Sacramento,Sacramento,Minnesota,Minnesota,Sacramento,9.5,Decision Tree,UNDERDOG,Sacramento,9.5,WIN
2025-11-25,2025-11-25_Atlanta_Washington,Washington,Atlanta,Atlanta,Washington,10.5,Logistic,UNDERDOG,Washington,10.5,WIN
2025-11-25,2025-11-25_Atlanta_Washington,Washington,Atlanta,Atlanta,Washington,10.5,Linear,UNDERDOG,Washington,10.5,WIN
2025-11-25,2025-11-25_Atlanta_Washington,Washington,Atlanta,Atlanta,Washington,10.5,Random Forest,NO BET,,,NO BET
2025-11-25,2025-11-25_Atlanta_Washington,Washington,Atlanta,Atlanta,Washington,10.5,Decision Tree,UNDERDOG,Washington,10.5,WIN
2025-11-25,2025-11-25_Orlando_Philadelphia,Philadelphia,Orlando,Orlando,Philadelphia,3.5,Logistic,FAVORITE,Orlando,-3.5,WIN
2025-11-25,2025-11-25_Orlando_Philadelphia,Philadelphia,Orlando,Orlando,Philadelphia,3.5,Linear,FAVORITE,Orlando,-3.5,WIN
2025-11-25,2025-11-25_Orlando_Philadelphia,Philadelphia,Orlando,Orlando,Philadelphia,3.5,Random Forest,FAVORITE,Orlando,-3.5,WIN
2025-11-25,2025-11-25_Orlando_Philadelphia,Philadelphia,Orlando,Orlando,Philadelphia,3.5,Decision Tree,FAVORITE,Orlando,-3.5,WIN
2025-11-25,2025-11-25_LaLakers_LaClippers,La Clippers,La Lakers,La Lakers,La Clippers,6.5,Logistic,UNDERDOG,La Clippers,6.5,WIN
2025-11-25,2025-11-25_LaLakers_LaClippers,La Clippers,La Lakers,La Lakers,La Clippers,6.5,Linear,UNDERDOG,La Clippers,6.5,WIN
2025-11-25,2025-11-25_LaLakers_LaClippers,La Clippers,La Lakers,La Lakers,La Clippers,6.5,Random Forest,FAVORITE,La Lakers,-6.5,LOSS
2025-11-25,2025-11-25_LaLakers_LaClippers,La Clippers,La Lakers,La Lakers,La Clippers,6.5,Decision Tree,FAVORITE,La Lakers,-6.5,LOSS
2025-11-26,2025-11-26_Detroit_Boston,Boston,Detroit,Detroit,Boston,3.5,Logistic,FAVORITE,Detroit,-3.5,LOSS
2025-11-26,2025-11-26_Detroit_Boston,Boston,Detroit,Detroit,Boston,3.5,Linear,FAVORITE,Detroit,-3.5,LOSS
2025-11-26,2025-11-26_Detroit_Boston,Boston,Detroit,Detroit,Boston,3.5,Random Forest,FAVORITE,Detroit,-3.5,LOSS
2025-11-26,2025-11-26_Detroit_Boston,Boston,Detroit,Detroit,Boston,3.5,Decision Tree,FAVORITE,Detroit,-3.5,LOSS
2025-11-26,2025-11-26_NewYork_Charlotte,Charlotte,New York,New York,Charlotte,6.5,Logistic,NO BET,,,NO BET
2025-11-26,2025-11-26_NewYork_Charlotte,Charlotte,New York,New York,Charlotte,6.5,Linear,NO BET,,,NO BET
2025-11-26,2025-11-26_NewYork_Charlotte,Charlotte,New York,New York,Charlotte,6.5,Random Forest,FAVORITE,New York,-6.5,WIN
2025-11-26,2025-11-26_NewYork_Charlotte,Charlotte,New York,New York,Charlotte,6.5,Decision Tree,FAVORITE,New York,-6.5,WIN
2025-11-26,2025-11-26_Miami_Milwaukee,Miami,Milwaukee,Miami,Milwaukee,8.5,Logistic,UNDERDOG,Milwaukee,8.5,WIN
2025-11-26,2025-11-26_Miami_Milwaukee,Miami,Milwaukee,Miami,Milwaukee,8.5,Linear,UNDERDOG,Milwaukee,8.5,WIN
2025-11-26,2025-11-26_Miami_Milwaukee,Miami,Milwaukee,Miami,Milwaukee,8.5,Random Forest,UNDERDOG,Milwaukee,8.5,WIN
2025-11-26,2025-11-26_Miami_Milwaukee,Miami,Milwaukee,Miami,Milwaukee,8.5,Decision Tree,UNDERDOG,Milwaukee,8.5,WIN
2025-11-26,2025-11-26_Toronto_Indiana,Toronto,Indiana,Toronto,Indiana,10.5,Logistic,UNDERDOG,Indiana,10.5,WIN
2025-11-26,2025-11-26_Toronto_Indiana,Toronto,Indiana,Toronto,Indiana,10.5,Linear,UNDERDOG,Indiana,10.5,WIN
2025-11-26,2025-11-26_Toronto_Indiana,Toronto,Indiana,Toronto,Indiana,10.5,Random Forest,UNDERDOG,Indiana,10.5,WIN
2025-11-26,2025-11-26_Toronto_Indiana,Toronto,Indiana,Toronto,Indiana,10.5,Decision Tree,NO BET,,,NO BET
2025-11-26,2025-11-26_OklaCity_Minnesota,Minnesota,Okla City,Okla City,Minnesota,9.5,Logistic,UNDERDOG,Minnesota,9.5,WIN
2025-11-26,2025-11-26_OklaCity_Minnesota,Minnesota,Okla City,Okla City,Minnesota,9.5,Linear,UNDERDOG,Minnesota,9.5,WIN
2025-11-26,2025-11-26_OklaCity_Minnesota,Minnesota,Okla City,Okla City,Minnesota,9.5,Random Forest,UNDERDOG,Minnesota,9.5,WIN
2025-11-26,2025-11-26_OklaCity_Minnesota,Minnesota,Okla City,Okla City,Minnesota,9.5,Decision Tree,UNDERDOG,Minnesota,9.5,WIN
2025-11-26,2025-11-26_Memphis_NewOrleans,New Orleans,Memphis,Memphis,New Orleans,3.5,Logistic,UNDERDOG,New Orleans,3.5,LOSS
2025-11-26,2025-11-26_Memphis_NewOrleans,New Orleans,Memphis,Memphis,New Orleans,3.5,Linear,UNDERDOG,New Orleans,3.5,LOSS
2025-11-26,2025-11-26_Memphis_NewOrleans,New Orleans,Memphis,Memphis,New Orleans,3.5,Random Forest,NO BET,,,NO BET
2025-11-26,2025-11-26_Memphis_NewOrleans,New Orleans,Memphis,Memphis,New Orleans,3.5,Decision Tree,UNDERDOG,New Orleans,3.5,LOSS
2025-11-26,2025-11-26_GoldenState_Houston,Houston,Golden State,Golden State,Houston,2.5,Logistic,UNDERDOG,Houston,2.5,LOSS
2025-11-26,2025-11-26_GoldenState_Houston,Houston,Golden State,Golden State,Houston,2.5,Linear,UNDERDOG,Houston,2.5,LOSS
2025-11-26,2025-11-26_GoldenState_Houston,Houston,Golden State,Golden State,Houston,2.5,Random Forest,UNDERDOG,Houston,2.5,LOSS
2025-11-26,2025-11-26_GoldenState_Houston,Houston,Golden State,Golden State,Houston,2.5,Decision Tree,FAVORITE,Golden State,-2.5,WIN
2025-11-26,2025-11-26_Portland_SanAntonio,Portland,San Antonio,Portland,San Antonio,1.5,Logistic,FAVORITE,Portland,-1.5,LOSS
2025-11-26,2025-11-26_Portland_SanAntonio,Portland,San Antonio,Portland,San Antonio,1.5,Linear,FAVORITE,Portland,-1.5,LOSS
2025-11-26,2025-11-26_Portland_SanAntonio,Portland,San Antonio,Portland,San Antonio,1.5,Random Forest,FAVORITE,Portland,-1.5,LOSS
2025-11-26,2025-11-26_Portland_SanAntonio,Portland,San Antonio,Portland,San Antonio,1.5,Decision Tree,FAVORITE,Portland,-1.5,LOSS
2025-11-26,2025-11-26_Phoenix_Sacramento,Sacramento,Phoenix,Phoenix,Sacramento,4.5,Logistic,UNDERDOG,Sacramento,4.5,LOSS
2025-11-26,2025-11-26_Phoenix_Sacramento,Sacramento,Phoenix,Phoenix,Sacramento,4.5,Linear,UNDERDOG,Sacramento,4.5,LOSS
2025-11-26,2025-11-26_Phoenix_Sacramento,Sacramento,Phoenix,Phoenix,Sacramento,4.5,Random Forest,UNDERDOG,Sacramento,4.5,LOSS
2025-11-26,2025-11-26_Phoenix_Sacramento,Sacramento,Phoenix,Phoenix,Sacramento,4.5,Decision Tree,UNDERDOG,Sacramento,4.5,LOSS
2025-11-27,2025-11-27_Cleveland_Atlanta,Atlanta,Cleveland,Cleveland,Atlanta,4.5,Logistic,UNDERDOG,Atlanta,4.5,WIN
2025-11-27,2025-11-27_Cleveland_Atlanta,Atlanta,Cleveland,Cleveland,Atlanta,4.5,Linear,UNDERDOG,Atlanta,4.5,WIN
2025-11-27,2025-11-27_Cleveland_Atlanta,Atlanta,Cleveland,Cleveland,Atlanta,4.5,Random Forest,UNDERDOG,Atlanta,4.5,WIN
2025-11-27,2025-11-27_Cleveland_Atlanta,Atlanta,Cleveland,Cleveland,Atlanta,4.5,Decision Tree,UNDERDOG,Atlanta,4.5,WIN
2025-11-27,2025-11-27_Philadelphia_Brooklyn,Brooklyn,Philadelphia,Philadelphia,Brooklyn,7.5,Logistic,UNDERDOG,Brooklyn,7.5,LOSS
2025-11-27,2025-11-27_Philadelphia_Brooklyn,Brooklyn,Philadelphia,Philadelphia,Brooklyn,7.5,Linear,UNDERDOG,Brooklyn,7.5,LOSS
2025-11-27,2025-11-27_Philadelphia_Brooklyn,Brooklyn,Philadelphia,Philadelphia,Brooklyn,7.5,Random Forest,UNDERDOG,Brooklyn,7.5,LOSS
2025-11-27,2025-11-27_Philadelphia_Brooklyn,Brooklyn,Philadelphia,Philadelphia,Brooklyn,7.5,Decision Tree,FAVORITE,Philadelphia,-7.5,WIN
2025-11-27,2025-11-27_Chicago_Charlotte,Charlotte,Chicago,Chicago,Charlotte,2.5,Logistic,FAVORITE,Chicago,-2.5,LOSS
2025-11-27,2025-11-27_Chicago_Charlotte,Charlotte,Chicago,Chicago,Charlotte,2.5,Linear,NO BET,,,NO BET
2025-11-27,2025-11-27_Chicago_Charlotte,Charlotte,Chicago,Chicago,Charlotte,2.5,Random Forest,FAVORITE,Chicago,-2.5,LOSS
2025-11-27,2025-11-27_Chicago_Charlotte,Charlotte,Chicago,Chicago,Charlotte,2.5,Decision Tree,FAVORITE,Chicago,-2.5,LOSS
2025-11-27,2025-11-27_Detroit_Orlando,Detroit,Orlando,Detroit,Orlando,4.5,Logistic,NO BET,,,NO BET
2025-11-27,2025-11-27_Detroit_Orlando,Detroit,Orlando,Detroit,Orlando,4.5,Linear,NO BET,,,NO BET
2025-11-27,2025-11-27_Detroit_Orlando,Detroit,Orlando,Detroit,Orlando,4.5,Random Forest,NO BET,,,NO BET
2025-11-27,2025-11-27_Detroit_Orlando,Detroit,Orlando,Detroit,Orlando,4.5,Decision Tree,FAVORITE,Detroit,-4.5,LOSS
2025-11-27,2025-11-27_Indiana_Washington,Indiana,Washington,Indiana,Washington,6.5,Logistic,FAVORITE,Indiana,-6.5,WIN
2025-11-27,2025-11-27_Indiana_Washington,Indiana,Washington,Indiana,Washington,6.5,Linear,FAVORITE,Indiana,-6.5,WIN
2025-11-27,2025-11-27_Indiana_Washington,Indiana,Washington,Indiana,Washington,6.5,Random Forest,FAVORITE,Indiana,-6.5,WIN
2025-11-27,2025-11-27_Indiana_Washington,Indiana,Washington,Indiana,Washington,6.5,Decision Tree,FAVORITE,Indiana,-6.5,WIN
2025-11-27,2025-11-27_NewYork_Milwaukee,New York,Milwaukee,New York,Milwaukee,7.5,Logistic,FAVORITE,New York,-7.5,WIN
2025-11-27,2025-11-27_NewYork_Milwaukee,New York,Milwaukee,New York,Milwaukee,7.5,Linear,FAVORITE,New York,-7.5,WIN
2025-11-27,2025-11-27_NewYork_Milwaukee,New York,Milwaukee,New York,Milwaukee,7.5,Random Forest,FAVORITE,New York,-7.5,WIN
2025-11-27,2025-11-27_NewYork_Milwaukee,New York,Milwaukee,New York,Milwaukee,7.5,Decision Tree,UNDERDOG,Milwaukee,7.5,LOSS
2025-11-27,2025-11-27_OklaCity_Phoenix,Okla City,Phoenix,Okla City,Phoenix,14.5,Logistic,NO BET,,,NO BET
2025-11-27,2025-11-27_OklaCity_Phoenix,Okla City,Phoenix,Okla City,Phoenix,14.5,Linear,NO BET,,,NO BET
2025-11-27,2025-11-27_OklaCity_Phoenix,Okla City,Phoenix,Okla City,Phoenix,14.5,Random Forest,FAVORITE,Okla City,-14.5,LOSS
2025-11-27,2025-11-27_OklaCity_Phoenix,Okla City,Phoenix,Okla City,Phoenix,14.5,Decision Tree,UNDERDOG,Phoenix,14.5,WIN
2025-11-27,2025-11-27_Denver_SanAntonio,Denver,San Antonio,Denver,San Antonio,9.5,Logistic,NO BET,,,NO BET
2025-11-27,2025-11-27_Denver_SanAntonio,Denver,San Antonio,Denver,San Antonio,9.5,Linear,UNDERDOG,San Antonio,9.5,WIN
2025-11-27,2025-11-27_Denver_SanAntonio,Denver,San Antonio,Denver,San Antonio,9.5,Random Forest,NO BET,,,NO BET
2025-11-27,2025-11-27_Denver_SanAntonio,Denver,San Antonio,Denver,San Antonio,9.5,Decision Tree,FAVORITE,Denver,-9.5,LOSS
2025-11-27,2025-11-27_Utah_Sacramento,Utah,Sacramento,Utah,Sacramento,1.5,Logistic,NO BET,,,NO BET
2025-11-27,2025-11-27_Utah_Sacramento,Utah,Sacramento,Utah,Sacramento,1.5,Linear,UNDERDOG,Sacramento,1.5,LOSS
2025-11-27,2025-11-27_Utah_Sacramento,Utah,Sacramento,Utah,Sacramento,1.5,Random Forest,UNDERDOG,Sacramento,1.5,LOSS
2025-11-27,2025-11-27_Utah_Sacramento,Utah,Sacramento,Utah,Sacramento,1.5,Decision Tree,UNDERDOG,Sacramento,1.5,LOSS
2025-11-27,2025-11-27_LaLakers_Dallas,La Lakers,Dallas,La Lakers,Dallas,10.5,Logistic,UNDERDOG,Dallas,10.5,WIN
2025-11-27,2025-11-27_LaLakers_Dallas,La Lakers,Dallas,La Lakers,Dallas,10.5,Linear,UNDERDOG,Dallas,10.5,WIN
2025-11-27,2025-11-27_LaLakers_Dallas,La Lakers,Dallas,La Lakers,Dallas,10.5,Random Forest,FAVORITE,La Lakers,-10.5,LOSS
2025-11-27,2025-11-27_LaLakers_Dallas,La Lakers,Dallas,La Lakers,Dallas,10.5,Decision Tree,NO BET,,,NO BET
2025-11-27,2025-11-27_LaClippers_Memphis,La Clippers,Memphis,La Clippers,Memphis,6.5,Logistic,NO BET,,,NO BET
2025-11-27,2025-11-27_LaClippers_Memphis,La Clippers,Memphis,La Clippers,Memphis,6.5,Linear,UNDERDOG,Memphis,6.5,WIN
2025-11-27,2025-11-27_LaClippers_Memphis,La Clippers,Memphis,La Clippers,Memphis,6.5,Random Forest,FAVORITE,La Clippers,-6.5,LOSS
2025-11-27,2025-11-27_LaClippers_Memphis,La Clippers,Memphis,La Clippers,Memphis,6.5,Decision Tree,FAVORITE,La Clippers,-6.5,LOSS
2025-11-28,2025-11-28_Cleveland_Atlanta,Atlanta,Cleveland,Cleveland,Atlanta,6.5,Logistic,UNDERDOG,Atlanta,6.5,WIN
2025-11-28,2025-11-28_Cleveland_Atlanta,Atlanta,Cleveland,Cleveland,Atlanta,6.5,Linear,UNDERDOG,Atlanta,6.5,WIN
2025-11-28,2025-11-28_Cleveland_Atlanta,Atlanta,Cleveland,Cleveland,Atlanta,6.5,Random Forest,UNDERDOG,Atlanta,6.5,WIN
2025-11-28,2025-11-28_Cleveland_Atlanta,Atlanta,Cleveland,Cleveland,Atlanta,6.5,Decision Tree,UNDERDOG,Atlanta,6.5,WIN
2025-11-28,2025-11-28_Philadelphia_Brooklyn,Brooklyn,Philadelphia,Philadelphia,Brooklyn,6.5,Logistic,UNDERDOG,Brooklyn,6.5,LOSS
2025-11-28,2025-11-28_Philadelphia_Brooklyn,Brooklyn,Philadelphia,Philadelphia,Brooklyn,6.5,Linear,UNDERDOG,Brooklyn,6.5,LOSS
2025-11-28,2025-11-28_Philadelphia_Brooklyn,Brooklyn,Philadelphia,Philadelphia,Brooklyn,6.5,Random Forest,FAVORITE,Philadelphia,-6.5,WIN
2025-11-28,2025-11-28_Philadelphia_Brooklyn,Brooklyn,Philadelphia,Philadelphia,Brooklyn,6.5,Decision Tree,FAVORITE,Philadelphia,-6.5,WIN
2025-11-28,2025-11-28_Chicago_Charlotte,Charlotte,Chicago,Chicago,Charlotte,2.5,Logistic,FAVORITE,Chicago,-2.5,LOSS
2025-11-28,2025-11-28_Chicago_Charlotte,Charlotte,Chicago,Chicago,Charlotte,2.5,Linear,FAVORITE,Chicago,-2.5,LOSS
2025-11-28,2025-11-28_Chicago_Charlotte,Charlotte,Chicago,Chicago,Charlotte,2.5,Random Forest,UNDERDOG,Charlotte,2.5,WIN
2025-11-28,2025-11-28_Chicago_Charlotte,Charlotte,Chicago,Chicago,Charlotte,2.5,Decision Tree,FAVORITE,Chicago,-2.5,LOSS
2025-11-28,2025-11-28_Detroit_Orlando,Detroit,Orlando,Detroit,Orlando,3.5,Logistic,FAVORITE,Detroit,-3.5,LOSS
2025-11-28,2025-11-28_Detroit_Orlando,Detroit,Orlando,Detroit,Orlando,3.5,Linear,UNDERDOG,Orlando,3.5,WIN
2025-11-28,2025-11-28_Detroit_Orlando,Detroit,Orlando,Detroit,Orlando,3.5,Random Forest,UNDERDOG,Orlando,3.5,WIN
2025-11-28,2025-11-28_Detroit_Orlando,Detroit,Orlando,Detroit,Orlando,3.5,Decision Tree,FAVORITE,Detroit,-3.5,LOSS
2025-11-28,2025-11-28_Indiana_Washington,Indiana,Washington,Indiana,Washington,6.5,Logistic,FAVORITE,Indiana,-6.5,WIN
2025-11-28,2025-11-28_Indiana_Washington,Indiana,Washington,Indiana,Washington,6.5,Linear,FAVORITE,Indiana,-6.5,WIN
2025-11-28,2025-11-28_Indiana_Washington,Indiana,Washington,Indiana,Washington,6.5,Random Forest,FAVORITE,Indiana,-6.5,WIN
2025-11-28,2025-11-28_Indiana_Washington,Indiana,Washington,Indiana,Washington,6.5,Decision Tree,FAVORITE,Indiana,-6.5,WIN
2025-11-28,2025-11-28_NewYork_Milwaukee,New York,Milwaukee,New York,Milwaukee,7.5,Logistic,FAVORITE,New York,-7.5,WIN
2025-11-28,2025-11-28_NewYork_Milwaukee,New York,Milwaukee,New York,Milwaukee,7.5,Linear,FAVORITE,New York,-7.5,WIN
2025-11-28,2025-11-28_NewYork_Milwaukee,New York,Milwaukee,New York,Milwaukee,7.5,Random Forest,FAVORITE,New York,-7.5,WIN
2025-11-28,2025-11-28_NewYork_Milwaukee,New York,Milwaukee,New York,Milwaukee,7.5,Decision Tree,FAVORITE,New York,-7.5,WIN
2025-11-28,2025-11-28_OklaCity_Phoenix,Phoenix,Okla City,Okla City,Phoenix,14.5,Logistic,UNDERDOG,Phoenix,14.5,WIN
2025-11-28,2025-11-28_OklaCity_Phoenix,Phoenix,Okla City,Okla City,Phoenix,14.5,Linear,UNDERDOG,Phoenix,14.5,WIN
2025-11-28,2025-11-28_OklaCity_Phoenix,Phoenix,Okla City,Okla City,Phoenix,14.5,Random Forest,UNDERDOG,Phoenix,14.5,WIN
2025-11-28,2025-11-28_OklaCity_Phoenix,Phoenix,Okla City,Okla City,Phoenix,14.5,Decision Tree,FAVORITE,Okla City,-14.5,LOSS
2025-11-28,2025-11-28_Denver_SanAntonio,Denver,San Antonio,Denver,San Antonio,7.5,Logistic,NO BET,,,NO BET
2025-11-28,2025-11-28_Denver_SanAntonio,Denver,San Antonio,Denver,San Antonio,7.5,Linear,FAVORITE,Denver,-7.5,LOSS
2025-11-28,2025-11-28_Denver_SanAntonio,Denver,San Antonio,Denver,San Antonio,7.5,Random Forest,UNDERDOG,San Antonio,7.5,WIN
2025-11-28,2025-11-28_Denver_SanAntonio,Denver,San Antonio,Denver,San Antonio,7.5,Decision Tree,FAVORITE,Denver,-7.5,LOSS
2025-11-28,2025-11-28_Utah_Sacramento,Utah,Sacramento,Utah,Sacramento,1.5,Logistic,NO BET,,,NO BET
2025-11-28,2025-11-28_Utah_Sacramento,Utah,Sacramento,Utah,Sacramento,1.5,Linear,FAVORITE,Utah,-1.5,WIN
2025-11-28,2025-11-28_Utah_Sacramento,Utah,Sacramento,Utah,Sacramento,1.5,Random Forest,FAVORITE,Utah,-1.5,WIN
2025-11-28,2025-11-28_Utah_Sacramento,Utah,Sacramento,Utah,Sacramento,1.5,Decision Tree,NO BET,,,NO BET
2025-11-28,2025-11-28_LaLakers_Dallas,Dallas,La Lakers,La Lakers,Dallas,10.5,Logistic,UNDERDOG,Dallas,10.5,WIN
2025-11-28,2025-11-28_LaLakers_Dallas,Dallas,La Lakers,La Lakers,Dallas,10.5,Linear,UNDERDOG,Dallas,10.5,WIN
2025-11-28,2025-11-28_LaLakers_Dallas,Dallas,La Lakers,La Lakers,Dallas,10.5,Random Forest,UNDERDOG,Dallas,10.5,WIN
2025-11-28,2025-11-28_LaLakers_Dallas,Dallas,La Lakers,La Lakers,Dallas,10.5,Decision Tree,FAVORITE,La Lakers,-10.5,LOSS
2025-11-28,2025-11-28_LaClippers_Memphis,Memphis,La Clippers,La Clippers,Memphis,6.5,Logistic,FAVORITE,La Clippers,-6.5,LOSS
2025-11-28,2025-11-28_LaClippers_Memphis,Memphis,La Clippers,La Clippers,Memphis,6.5,Linear,UNDERDOG,Memphis,6.5,WIN
2025-11-28,2025-11-28_LaClippers_Memphis,Memphis,La Clippers,La Clippers,Memphis,6.5,Random Forest,FAVORITE,La Clippers,-6.5,LOSS
2025-11-28,2025-11-28_LaClippers_Memphis,Memphis,La Clippers,La Clippers,Memphis,6.5,Decision Tree,FAVORITE,La Clippers,-6.5,LOSS
2025-11-29,2025-11-29_Minnesota_Boston,Minnesota,Boston,Minnesota,Boston,7.5,Logistic,FAVORITE,Minnesota,-7.5,LOSS
2025-11-29,2025-11-29_Minnesota_Boston,Minnesota,Boston,Minnesota,Boston,7.5,Linear,FAVORITE,Minnesota,-7.5,LOSS
2025-11-29,2025-11-29_Minnesota_Boston,Minnesota,Boston,Minnesota,Boston,7.5,Random Forest,FAVORITE,Minnesota,-7.5,LOSS
2025-11-29,2025-11-29_Minnesota_Boston,Minnesota,Boston,Minnesota,Boston,7.5,Decision Tree,NO BET,,,NO BET
2025-11-29,2025-11-29_Toronto_Charlotte,Charlotte,Toronto,Toronto,Charlotte,9.5,Logistic,FAVORITE,Toronto,-9.5,LOSS
2025-11-29,2025-11-29_Toronto_Charlotte,Charlotte,Toronto,Toronto,Charlotte,9.5,Linear,FAVORITE,Toronto,-9.5,LOSS
2025-11-29,2025-11-29_Toronto_Charlotte,Charlotte,Toronto,Toronto,Charlotte,9.5,Random Forest,FAVORITE,Toronto,-9.5,LOSS
2025-11-29,2025-11-29_Toronto_Charlotte,Charlotte,Toronto,Toronto,Charlotte,9.5,Decision Tree,FAVORITE,Toronto,-9.5,LOSS
2025-11-29,2025-11-29_Chicago_Indiana,Indiana,Chicago,Chicago,Indiana,3.5,Logistic,FAVORITE,Chicago,-3.5,LOSS
2025-11-29,2025-11-29_Chicago_Indiana,Indiana,Chicago,Chicago,Indiana,3.5,Linear,FAVORITE,Chicago,-3.5,LOSS
2025-11-29,2025-11-29_Chicago_Indiana,Indiana,Chicago,Chicago,Indiana,3.5,Random Forest,UNDERDOG,Indiana,3.5,WIN
2025-11-29,2025-11-29_Chicago_Indiana,Indiana,Chicago,Chicago,Indiana,3.5,Decision Tree,FAVORITE,Chicago,-3.5,LOSS
2025-11-29,2025-11-29_Miami_Detroit,Miami,Detroit,Miami,Detroit,3.5,Logistic,UNDERDOG,Detroit,3.5,WIN
2025-11-29,2025-11-29_Miami_Detroit,Miami,Detroit,Miami,Detroit,3.5,Linear,UNDERDOG,Detroit,3.5,WIN
2025-11-29,2025-11-29_Miami_Detroit,Miami,Detroit,Miami,Detroit,3.5,Random Forest,UNDERDOG,Detroit,3.5,WIN
2025-11-29,2025-11-29_Miami_Detroit,Miami,Detroit,Miami,Detroit,3.5,Decision Tree,UNDERDOG,Detroit,3.5,WIN
2025-11-29,2025-11-29_Milwaukee_Brooklyn,Milwaukee,Brooklyn,Milwaukee,Brooklyn,11.5,Logistic,FAVORITE,Milwaukee,-11.5,WIN
2025-11-29,2025-11-29_Milwaukee_Brooklyn,Milwaukee,Brooklyn,Milwaukee,Brooklyn,11.5,Linear,FAVORITE,Milwaukee,-11.5,WIN
2025-11-29,2025-11-29_Milwaukee_Brooklyn,Milwaukee,Brooklyn,Milwaukee,Brooklyn,11.5,Random Forest,UNDERDOG,Brooklyn,11.5,LOSS
2025-11-29,2025-11-29_Milwaukee_Brooklyn,Milwaukee,Brooklyn,Milwaukee,Brooklyn,11.5,Decision Tree,NO BET,,,NO BET
2025-11-29,2025-11-29_GoldenState_NewOrleans,Golden State,New Orleans,Golden State,New Orleans,8.5,Logistic,NO BET,,,NO BET
2025-11-29,2025-11-29_GoldenState_NewOrleans,Golden State,New Orleans,Golden State,New Orleans,8.5,Linear,FAVORITE,Golden State,-8.5,LOSS
2025-11-29,2025-11-29_GoldenState_NewOrleans,Golden State,New Orleans,Golden State,New Orleans,8.5,Random Forest,FAVORITE,Golden State,-8.5,LOSS
2025-11-29,2025-11-29_GoldenState_NewOrleans,Golden State,New Orleans,Golden State,New Orleans,8.5,Decision Tree,FAVORITE,Golden State,-8.5,LOSS
2025-11-29,2025-11-29_Denver_Phoenix,Phoenix,Denver,Denver,Phoenix,3.5,Logistic,UNDERDOG,Phoenix,3.5,LOSS
2025-11-29,2025-11-29_Denver_Phoenix,Phoenix,Denver,Denver,Phoenix,3.5,Linear,UNDERDOG,Phoenix,3.5,LOSS
2025-11-29,2025-11-29_Denver_Phoenix,Phoenix,Denver,Denver,Phoenix,3.5,Random Forest,NO BET,,,NO BET
2025-11-29,2025-11-29_Denver_Phoenix,Phoenix,Denver,Denver,Phoenix,3.5,Decision Tree,UNDERDOG,Phoenix,3.5,LOSS
2025-11-29,2025-11-29_LaClippers_Dallas,Dallas,La Clippers,La Clippers,Dallas,7.5,Logistic,UNDERDOG,Dallas,7.5,WIN
2025-11-29,2025-11-29_LaClippers_Dallas,Dallas,La Clippers,La Clippers,Dallas,7.5,Linear,NO BET,,,NO BET
2025-11-29,2025-11-29_LaClippers_Dallas,Dallas,La Clippers,La Clippers,Dallas,7.5,Random Forest,NO BET,,,NO BET
2025-11-29,2025-11-29_LaClippers_Dallas,Dallas,La Clippers,La Clippers,Dallas,7.5,Decision Tree,UNDERDOG,Dallas,7.5,WIN
2025-11-30,2025-11-30_Houston_Utah,Utah,Houston,Houston,Utah,11.5,Logistic,FAVORITE,Houston,-11.5,WIN
2025-11-30,2025-11-30_Houston_Utah,Utah,Houston,Houston,Utah,11.5,Linear,FAVORITE,Houston,-11.5,WIN
2025-11-30,2025-11-30_Houston_Utah,Utah,Houston,Houston,Utah,11.5,Random Forest,FAVORITE,Houston,-11.5,WIN
2025-11-30,2025-11-30_Houston_Utah,Utah,Houston,Houston,Utah,11.5,Decision Tree,UNDERDOG,Utah,11.5,LOSS
2025-11-30,2025-11-30_Cleveland_Boston,Cleveland,Boston,Cleveland,Boston,6.5,Logistic,FAVORITE,Cleveland,-6.5,LOSS
2025-11-30,2025-11-30_Cleveland_Boston,Cleveland,Boston,Cleveland,Boston,6.5,Linear,FAVORITE,Cleveland,-6.5,LOSS
2025-11-30,2025-11-30_Cleveland_Boston,Cleveland,Boston,Cleveland,Boston,6.5,Random Forest,FAVORITE,Cleveland,-6.5,LOSS
2025-11-30,2025-11-30_Cleveland_Boston,Cleveland,Boston,Cleveland,Boston,6.5,Decision Tree,FAVORITE,Cleveland,-6.5,LOSS
2025-11-30,2025-11-30_NewYork_Toronto,New York,Toronto,New York,Toronto,7.5,Logistic,UNDERDOG,Toronto,7.5,LOSS
2025-11-30,2025-11-30_NewYork_Toronto,New York,Toronto,New York,Toronto,7.5,Linear,UNDERDOG,Toronto,7.5,LOSS
2025-11-30,2025-11-30_NewYork_Toronto,New York,Toronto,New York,Toronto,7.5,Random Forest,UNDERDOG,Toronto,7.5,LOSS
2025-11-30,2025-11-30_NewYork_Toronto,New York,Toronto,New York,Toronto,7.5,Decision Tree,UNDERDOG,Toronto,7.5,LOSS
2025-11-30,2025-11-30_Philadelphia_Atlanta,Philadelphia,Atlanta,Philadelphia,Atlanta,2.5,Logistic,UNDERDOG,Atlanta,2.5,WIN
2025-11-30,2025-11-30_Philadelphia_Atlanta,Philadelphia,Atlanta,Philadelphia,Atlanta,2.5,Linear,UNDERDOG,Atlanta,2.5,WIN
2025-11-30,2025-11-30_Philadelphia_Atlanta,Philadelphia,Atlanta,Philadelphia,Atlanta,2.5,Random Forest,UNDERDOG,Atlanta,2.5,WIN
2025-11-30,2025-11-30_Philadelphia_Atlanta,Philadelphia,Atlanta,Philadelphia,Atlanta,2.5,Decision Tree,UNDERDOG,Atlanta,2.5,WIN
2025-11-30,2025-11-30_OklaCity_Portland,Portland,Okla City,Okla City,Portland,11.5,Logistic,UNDERDOG,Portland,11.5,WIN
2025-11-30,2025-11-30_OklaCity_Portland,Portland,Okla City,Okla City,Portland,11.5,Linear,UNDERDOG,Portland,11.5,WIN
2025-11-30,2025-11-30_OklaCity_Portland,Portland,Okla City,Okla City,Portland,11.5,Random Forest,UNDERDOG,Portland,11.5,WIN
2025-11-30,2025-11-30_OklaCity_Portland,Portland,Okla City,Okla City,Portland,11.5,Decision Tree,UNDERDOG,Portland,11.5,WIN
2025-11-30,2025-11-30_Minnesota_SanAntonio,Minnesota,San Antonio,Minnesota,San Antonio,3.5,Logistic,UNDERDOG,San Antonio,3.5,LOSS
2025-11-30,2025-11-30_Minnesota_SanAntonio,Minnesota,San Antonio,Minnesota,San Antonio,3.5,Linear,UNDERDOG,San Antonio,3.5,LOSS
2025-11-30,2025-11-30_Minnesota_SanAntonio,Minnesota,San Antonio,Minnesota,San Antonio,3.5,Random Forest,UNDERDOG,San Antonio,3.5,LOSS
2025-11-30,2025-11-30_Minnesota_SanAntonio,Minnesota,San Antonio,Minnesota,San Antonio,3.5,Decision Tree,UNDERDOG,San Antonio,3.5,LOSS
2025-11-30,2025-11-30_Memphis_Sacramento,Sacramento,Memphis,Memphis,Sacramento,3.5,Logistic,FAVORITE,Memphis,-3.5,WIN
2025-11-30,2025-11-30_Memphis_Sacramento,Sacramento,Memphis,Memphis,Sacramento,3.5,Linear,FAVORITE,Memphis,-3.5,WIN
2025-11-30,2025-11-30_Memphis_Sacramento,Sacramento,Memphis,Memphis,Sacramento,3.5,Random Forest,NO BET,,,NO BET
2025-11-30,2025-11-30_Memphis_Sacramento,Sacramento,Memphis,Memphis,Sacramento,3.5,Decision Tree,UNDERDOG,Sacramento,3.5,LOSS
2025-11-30,2025-11-30_LaLakers_NewOrleans,La Lakers,New Orleans,La Lakers,New Orleans,15.5,Logistic,UNDERDOG,New Orleans,15.5,WIN
2025-11-30,2025-11-30_LaLakers_NewOrleans,La Lakers,New Orleans,La Lakers,New Orleans,15.5,Linear,UNDERDOG,New Orleans,15.5,WIN
2025-11-30,2025-11-30_LaLakers_NewOrleans,La Lakers,New Orleans,La Lakers,New Orleans,15.5,Random Forest,NO BET,,,NO BET
2025-11-30,2025-11-30_LaLakers_NewOrleans,La Lakers,New Orleans,La Lakers,New Orleans,15.5,Decision Tree,FAVORITE,La Lakers,-15.5,LOSS
2025-12-01,2025-12-01_Detroit_Atlanta,Detroit,Atlanta,Detroit,Atlanta,9.5,Logistic,FAVORITE,Detroit,-9.5,LOSS
2025-12-01,2025-12-01_Detroit_Atlanta,Detroit,Atlanta,Detroit,Atlanta,9.5,Linear,FAVORITE,Detroit,-9.5,LOSS
2025-12-01,2025-12-01_Detroit_Atlanta,Detroit,Atlanta,Detroit,Atlanta,9.5,Random Forest,FAVORITE,Detroit,-9.5,LOSS
2025-12-01,2025-12-01_Detroit_Atlanta,Detroit,Atlanta,Detroit,Atlanta,9.5,Decision Tree,NO BET,,,NO BET
2025-12-01,2025-12-01_Cleveland_Indiana,Indiana,Cleveland,Cleveland,Indiana,6.5,Logistic,UNDERDOG,Indiana,6.5,LOSS
2025-12-01,2025-12-01_Cleveland_Indiana,Indiana,Cleveland,Cleveland,Indiana,6.5,Linear,UNDERDOG,Indiana,6.5,LOSS
2025-12-01,2025-12-01_Cleveland_Indiana,Indiana,Cleveland,Cleveland,Indiana,6.5,Random Forest,UNDERDOG,Indiana,6.5,LOSS
2025-12-01,2025-12-01_Cleveland_Indiana,Indiana,Cleveland,Cleveland,Indiana,6.5,Decision Tree,UNDERDOG,Indiana,6.5,LOSS
2025-12-01,2025-12-01_Milwaukee_Washington,Washington,Milwaukee,Milwaukee,Washington,9.5,Logistic,UNDERDOG,Washington,9.5,WIN
2025-12-01,2025-12-01_Milwaukee_Washington,Washington,Milwaukee,Milwaukee,Washington,9.5,Linear,UNDERDOG,Washington,9.5,WIN
2025-12-01,2025-12-01_Milwaukee_Washington,Washington,Milwaukee,Milwaukee,Washington,9.5,Random Forest,UNDERDOG,Washington,9.5,WIN
2025-12-01,2025-12-01_Milwaukee_Washington,Washington,Milwaukee,Milwaukee,Washington,9.5,Decision Tree,UNDERDOG,Washington,9.5,WIN
2025-12-01,2025-12-01_Charlotte_Brooklyn,Brooklyn,Charlotte,Charlotte,Brooklyn,4.5,Logistic,FAVORITE,Charlotte,-4.5,LOSS
2025-12-01,2025-12-01_Charlotte_Brooklyn,Brooklyn,Charlotte,Charlotte,Brooklyn,4.5,Linear,FAVORITE,Charlotte,-4.5,LOSS
2025-12-01,2025-12-01_Charlotte_Brooklyn,Brooklyn,Charlotte,Charlotte,Brooklyn,4.5,Random Forest,FAVORITE,Charlotte,-4.5,LOSS
2025-12-01,2025-12-01_Charlotte_Brooklyn,Brooklyn,Charlotte,Charlotte,Brooklyn,4.5,Decision Tree,FAVORITE,Charlotte,-4.5,LOSS
2025-12-01,2025-12-01_Miami_LaClippers,Miami,La Clippers,Miami,La Clippers,6.5,Logistic,UNDERDOG,La Clippers,6.5,LOSS
2025-12-01,2025-12-01_Miami_LaClippers,Miami,La Clippers,Miami,La Clippers,6.5,Linear,UNDERDOG,La Clippers,6.5,LOSS
2025-12-01,2025-12-01_Miami_LaClippers,Miami,La Clippers,Miami,La Clippers,6.5,Random Forest,UNDERDOG,La Clippers,6.5,LOSS
2025-12-01,2025-12-01_Miami_LaClippers,Miami,La Clippers,Miami,La Clippers,6.5,Decision Tree,FAVORITE,Miami,-6.5,WIN
2025-12-01,2025-12-01_Orlando_Chicago,Orlando,Chicago,Orlando,Chicago,8.5,Logistic,UNDERDOG,Chicago,8.5,WIN
2025-12-01,2025-12-01_Orlando_Chicago,Orlando,Chicago,Orlando,Chicago,8.5,Linear,UNDERDOG,Chicago,8.5,WIN
2025-12-01,2025-12-01_Orlando_Chicago,Orlando,Chicago,Orlando,Chicago,8.5,Random Forest,UNDERDOG,Chicago,8.5,WIN
2025-12-01,2025-12-01_Orlando_Chicago,Orlando,Chicago,Orlando,Chicago,8.5,Decision Tree,UNDERDOG,Chicago,8.5,WIN
2025-12-01,2025-12-01_Denver_Dallas,Denver,Dallas,Denver,Dallas,11.5,Logistic,FAVORITE,Denver,-11.5,LOSS
2025-12-01,2025-12-01_Denver_Dallas,Denver,Dallas,Denver,Dallas,11.5,Linear,FAVORITE,Denver,-11.5,LOSS
2025-12-01,2025-12-01_Denver_Dallas,Denver,Dallas,Denver,Dallas,11.5,Random Forest,FAVORITE,Denver,-11.5,LOSS
2025-12-01,2025-12-01_Denver_Dallas,Denver,Dallas,Denver,Dallas,11.5,Decision Tree,UNDERDOG,Dallas,11.5,WIN
2025-12-01,2025-12-01_Houston_Utah,Utah,Houston,Houston,Utah,12.5,Logistic,FAVORITE,Houston,-12.5,LOSS
2025-12-01,2025-12-01_Houston_Utah,Utah,Houston,Houston,Utah,12.5,Linear,FAVORITE,Houston,-12.5,LOSS
2025-12-01,2025-12-01_Houston_Utah,Utah,Houston,Houston,Utah,12.5,Random Forest,FAVORITE,Houston,-12.5,LOSS
2025-12-01,2025-12-01_Houston_Utah,Utah,Houston,Houston,Utah,12.5,Decision Tree,UNDERDOG,Utah,12.5,WIN
2025-12-01,2025-12-01_LaLakers_Phoenix,Phoenix,La Lakers,La Lakers,Phoenix,4.5,Logistic,UNDERDOG,Phoenix,4.5,LOSS
2025-12-01,2025-12-01_LaLakers_Phoenix,Phoenix,La Lakers,La Lakers,Phoenix,4.5,Linear,UNDERDOG,Phoenix,4.5,LOSS
2025-12-01,2025-12-01_LaLakers_Phoenix,Phoenix,La Lakers,La Lakers,Phoenix,4.5,Random Forest,UNDERDOG,Phoenix,4.5,LOSS
2025-12-01,2025-12-01_LaLakers_Phoenix,Phoenix,La Lakers,La Lakers,Phoenix,4.5,Decision Tree,UNDERDOG,Phoenix,4.5,LOSS
2025-12-02,2025-12-02_Philadelphia_Washington,Philadelphia,Washington,Philadelphia,Washington,13.5,Logistic,NO BET,,,NO BET
2025-12-02,2025-12-02_Philadelphia_Washington,Philadelphia,Washington,Philadelphia,Washington,13.5,Linear,UNDERDOG,Washington,13.5,LOSS
2025-12-02,2025-12-02_Philadelphia_Washington,Philadelphia,Washington,Philadelphia,Washington,13.5,Random Forest,UNDERDOG,Washington,13.5,LOSS
2025-12-02,2025-12-02_Philadelphia_Washington,Philadelphia,Washington,Philadelphia,Washington,13.5,Decision Tree,FAVORITE,Philadelphia,-13.5,WIN
2025-12-02,2025-12-02_Toronto_Portland,Toronto,Portland,Toronto,Portland,5.5,Logistic,UNDERDOG,Portland,5.5,WIN
2025-12-02,2025-12-02_Toronto_Portland,Toronto,Portland,Toronto,Portland,5.5,Linear,UNDERDOG,Portland,5.5,WIN
2025-12-02,2025-12-02_Toronto_Portland,Toronto,Portland,Toronto,Portland,5.5,Random Forest,UNDERDOG,Portland,5.5,WIN
2025-12-02,2025-12-02_Toronto_Portland,Toronto,Portland,Toronto,Portland,5.5,Decision Tree,UNDERDOG,Portland,5.5,WIN
2025-12-02,2025-12-02_Boston_NewYork,Boston,New York,Boston,New York,1.5,Logistic,UNDERDOG,New York,1.5,LOSS
2025-12-02,2025-12-02_Boston_NewYork,Boston,New York,Boston,New York,1.5,Linear,UNDERDOG,New York,1.5,LOSS
2025-12-02,2025-12-02_Boston_NewYork,Boston,New York,Boston,New York,1.5,Random Forest,UNDERDOG,New York,1.5,LOSS
2025-12-02,2025-12-02_Boston_NewYork,Boston,New York,Boston,New York,1.5,Decision Tree,UNDERDOG,New York,1.5,LOSS
2025-12-02,2025-12-02_Minnesota_NewOrleans,New Orleans,Minnesota,Minnesota,New Orleans,10.5,Logistic,UNDERDOG,New Orleans,10.5,WIN
2025-12-02,2025-12-02_Minnesota_NewOrleans,New Orleans,Minnesota,Minnesota,New Orleans,10.5,Linear,UNDERDOG,New Orleans,10.5,WIN
2025-12-02,2025-12-02_Minnesota_NewOrleans,New Orleans,Minnesota,Minnesota,New Orleans,10.5,Random Forest,UNDERDOG,New Orleans,10.5,WIN
2025-12-02,2025-12-02_Minnesota_NewOrleans,New Orleans,Minnesota,Minnesota,New Orleans,10.5,Decision Tree,NO BET,,,NO BET
2025-12-02,2025-12-02_SanAntonio_Memphis,Memphis,San Antonio,San Antonio,Memphis,5.5,Logistic,UNDERDOG,Memphis,5.5,WIN
2025-12-02,2025-12-02_SanAntonio_Memphis,Memphis,San Antonio,San Antonio,Memphis,5.5,Linear,UNDERDOG,Memphis,5.5,WIN
2025-12-02,2025-12-02_SanAntonio_Memphis,Memphis,San Antonio,San Antonio,Memphis,5.5,Random Forest,UNDERDOG,Memphis,5.5,WIN
2025-12-02,2025-12-02_SanAntonio_Memphis,Memphis,San Antonio,San Antonio,Memphis,5.5,Decision Tree,FAVORITE,San Antonio,-5.5,LOSS
2025-12-02,2025-12-02_OklaCity_GoldenState,Golden State,Okla City,Okla City,Golden State,11.5,Logistic,UNDERDOG,Golden State,11.5,LOSS
2025-12-02,2025-12-02_OklaCity_GoldenState,Golden State,Okla City,Okla City,Golden State,11.5,Linear,UNDERDOG,Golden State,11.5,LOSS
2025-12-02,2025-12-02_OklaCity_GoldenState,Golden State,Okla City,Okla City,Golden State,11.5,Random Forest,UNDERDOG,Golden State,11.5,LOSS
2025-12-02,2025-12-02_OklaCity_GoldenState,Golden State,Okla City,Okla City,Golden State,11.5,Decision Tree,NO BET,,,NO BET
2025-12-03,2025-12-03_Cleveland_Portland,Cleveland,Portland,Cleveland,Portland,10.5,Logistic,UNDERDOG,Portland,10.5,WIN
2025-12-03,2025-12-03_Cleveland_Portland,Cleveland,Portland,Cleveland,Portland,10.5,Linear,UNDERDOG,Portland,10.5,WIN
2025-12-03,2025-12-03_Cleveland_Portland,Cleveland,Portland,Cleveland,Portland,10.5,Random Forest,UNDERDOG,Portland,10.5,WIN
2025-12-03,2025-12-03_Cleveland_Portland,Cleveland,Portland,Cleveland,Portland,10.5,Decision Tree,FAVORITE,Cleveland,-10.5,LOSS
2025-12-03,2025-12-03_Denver_Indiana,Indiana,Denver,Denver,Indiana,7.5,Logistic,FAVORITE,Denver,-7.5,WIN
2025-12-03,2025-12-03_Denver_Indiana,Indiana,Denver,Denver,Indiana,7.5,Linear,FAVORITE,Denver,-7.5,WIN
2025-12-03,2025-12-03_Denver_Indiana,Indiana,Denver,Denver,Indiana,7.5,Random Forest,FAVORITE,Denver,-7.5,WIN
2025-12-03,2025-12-03_Denver_Indiana,Indiana,Denver,Denver,Indiana,7.5,Decision Tree,UNDERDOG,Indiana,7.5,LOSS
2025-12-03,2025-12-03_Orlando_SanAntonio,Orlando,San Antonio,Orlando,San Antonio,7.5,Logistic,UNDERDOG,San Antonio,7.5,WIN
2025-12-03,2025-12-03_Orlando_SanAntonio,Orlando,San Antonio,Orlando,San Antonio,7.5,Linear,UNDERDOG,San Antonio,7.5,WIN
2025-12-03,2025-12-03_Orlando_SanAntonio,Orlando,San Antonio,Orlando,San Antonio,7.5,Random Forest,FAVORITE,Orlando,-7.5,LOSS
2025-12-03,2025-12-03_Orlando_SanAntonio,Orlando,San Antonio,Orlando,San Antonio,7.5,Decision Tree,FAVORITE,Orlando,-7.5,LOSS
2025-12-03,2025-12-03_Atlanta_LaClippers,Atlanta,La Clippers,Atlanta,La Clippers,3.5,Logistic,FAVORITE,Atlanta,-3.5,LOSS
2025-12-03,2025-12-03_Atlanta_LaClippers,Atlanta,La Clippers,Atlanta,La Clippers,3.5,Linear,FAVORITE,Atlanta,-3.5,LOSS
2025-12-03,2025-12-03_Atlanta_LaClippers,Atlanta,La Clippers,Atlanta,La Clippers,3.5,Random Forest,FAVORITE,Atlanta,-3.5,LOSS
2025-12-03,2025-12-03_Atlanta_LaClippers,Atlanta,La Clippers,Atlanta,La Clippers,3.5,Decision Tree,NO BET,,,NO BET
2025-12-03,2025-12-03_NewYork_Charlotte,New York,Charlotte,New York,Charlotte,8.5,Logistic,FAVORITE,New York,-8.5,WIN
2025-12-03,2025-12-03_NewYork_Charlotte,New York,Charlotte,New York,Charlotte,8.5,Linear,FAVORITE,New York,-8.5,WIN
2025-12-03,2025-12-03_NewYork_Charlotte,New York,Charlotte,New York,Charlotte,8.5,Random Forest,NO BET,,,NO BET
2025-12-03,2025-12-03_NewYork_Charlotte,New York,Charlotte,New York,Charlotte,8.5,Decision Tree,NO BET,,,NO BET
2025-12-03,2025-12-03_Chicago_Brooklyn,Chicago,Brooklyn,Chicago,Brooklyn,8.5,Logistic,NO BET,,,NO BET
2025-12-03,2025-12-03_Chicago_Brooklyn,Chicago,Brooklyn,Chicago,Brooklyn,8.5,Linear,UNDERDOG,Brooklyn,8.5,WIN
2025-12-03,2025-12-03_Chicago_Brooklyn,Chicago,Brooklyn,Chicago,Brooklyn,8.5,Random Forest,FAVORITE,Chicago,-8.5,LOSS
2025-12-03,2025-12-03_Chicago_Brooklyn,Chicago,Brooklyn,Chicago,Brooklyn,8.5,Decision Tree,FAVORITE,Chicago,-8.5,LOSS
2025-12-03,2025-12-03_Houston_Sacramento,Houston,Sacramento,Houston,Sacramento,15.5,Logistic,UNDERDOG,Sacramento,15.5,LOSS
2025-12-03,2025-12-03_Houston_Sacramento,Houston,Sacramento,Houston,Sacramento,15.5,Linear,UNDERDOG,Sacramento,15.5,LOSS
2025-12-03,2025-12-03_Houston_Sacramento,Houston,Sacramento,Houston,Sacramento,15.5,Random Forest,UNDERDOG,Sacramento,15.5,LOSS
2025-12-03,2025-12-03_Houston_Sacramento,Houston,Sacramento,Houston,Sacramento,15.5,Decision Tree,UNDERDOG,Sacramento,15.5,LOSS
2025-12-03,2025-12-03_Detroit_Milwaukee,Milwaukee,Detroit,Detroit,Milwaukee,4.5,Logistic,UNDERDOG,Milwaukee,4.5,WIN
2025-12-03,2025-12-03_Detroit_Milwaukee,Milwaukee,Detroit,Detroit,Milwaukee,4.5,Linear,UNDERDOG,Milwaukee,4.5,WIN
2025-12-03,2025-12-03_Detroit_Milwaukee,Milwaukee,Detroit,Detroit,Milwaukee,4.5,Random Forest,UNDERDOG,Milwaukee,4.5,WIN
2025-12-03,2025-12-03_Detroit_Milwaukee,Milwaukee,Detroit,Detroit,Milwaukee,4.5,Decision Tree,FAVORITE,Detroit,-4.5,LOSS
2025-12-03,2025-12-03_Miami_Dallas,Dallas,Miami,Miami,Dallas,4.5,Logistic,UNDERDOG,Dallas,4.5,WIN
2025-12-03,2025-12-03_Miami_Dallas,Dallas,Miami,Miami,Dallas,4.5,Linear,UNDERDOG,Dallas,4.5,WIN
2025-12-03,2025-12-03_Miami_Dallas,Dallas,Miami,Miami,Dallas,4.5,Random Forest,UNDERDOG,Dallas,4.5,WIN
2025-12-03,2025-12-03_Miami_Dallas,Dallas,Miami,Miami,Dallas,4.5,Decision Tree,FAVORITE,Miami,-4.5,LOSS
2025-12-04,2025-12-04_Philadelphia_GoldenState,Philadelphia,Golden State,Philadelphia,Golden State,2.5,Logistic,UNDERDOG,Golden State,2.5,WIN
2025-12-04,2025-12-04_Philadelphia_GoldenState,Philadelphia,Golden State,Philadelphia,Golden State,2.5,Linear,UNDERDOG,Golden State,2.5,WIN
2025-12-04,2025-12-04_Philadelphia_GoldenState,Philadelphia,Golden State,Philadelphia,Golden State,2.5,Random Forest,UNDERDOG,Golden State,2.5,WIN
2025-12-04,2025-12-04_Philadelphia_GoldenState,Philadelphia,Golden State,Philadelphia,Golden State,2.5,Decision Tree,UNDERDOG,Golden State,2.5,WIN
2025-12-04,2025-12-04_Boston_Washington,Washington,Boston,Boston,Washington,9.5,Logistic,NO BET,,,NO BET
2025-12-04,2025-12-04_Boston_Washington,Washington,Boston,Boston,Washington,9.5,Linear,FAVORITE,Boston,-9.5,LOSS
2025-12-04,2025-12-04_Boston_Washington,Washington,Boston,Boston,Washington,9.5,Random Forest,NO BET,,,NO BET
2025-12-04,2025-12-04_Boston_Washington,Washington,Boston,Boston,Washington,9.5,Decision Tree,UNDERDOG,Washington,9.5,WIN
2025-12-04,2025-12-04_Utah_Brooklyn,Brooklyn,Utah,Utah,Brooklyn,4.5,Logistic,NO BET,,,NO BET
2025-12-04,2025-12-04_Utah_Brooklyn,Brooklyn,Utah,Utah,Brooklyn,4.5,Linear,UNDERDOG,Brooklyn,4.5,WIN
2025-12-04,2025-12-04_Utah_Brooklyn,Brooklyn,Utah,Utah,Brooklyn,4.5,Random Forest,UNDERDOG,Brooklyn,4.5,WIN
2025-12-04,2025-12-04_Utah_Brooklyn,Brooklyn,Utah,Utah,Brooklyn,4.5,Decision Tree,UNDERDOG,Brooklyn,4.5,WIN
2025-12-04,2025-12-04_Toronto_LaLakers,Toronto,La Lakers,Toronto,La Lakers,2.5,Logistic,FAVORITE,Toronto,-2.5,LOSS
2025-12-04,2025-12-04_Toronto_LaLakers,Toronto,La Lakers,Toronto,La Lakers,2.5,Linear,FAVORITE,Toronto,-2.5,LOSS
2025-12-04,2025-12-04_Toronto_LaLakers,Toronto,La Lakers,Toronto,La Lakers,2.5,Random Forest,FAVORITE,Toronto,-2.5,LOSS
2025-12-04,2025-12-04_Toronto_LaLakers,Toronto,La Lakers,Toronto,La Lakers,2.5,Decision Tree,FAVORITE,Toronto,-2.5,LOSS
2025-12-04,2025-12-04_Minnesota_NewOrleans,New Orleans,Minnesota,Minnesota,New Orleans,11.5,Logistic,UNDERDOG,New Orleans,11.5,LOSS
2025-12-04,2025-12-04_Minnesota_NewOrleans,New Orleans,Minnesota,Minnesota,New Orleans,11.5,Linear,UNDERDOG,New Orleans,11.5,LOSS
2025-12-04,2025-12-04_Minnesota_NewOrleans,New Orleans,Minnesota,Minnesota,New Orleans,11.5,Random Forest,UNDERDOG,New Orleans,11.5,LOSS
2025-12-04,2025-12-04_Minnesota_NewOrleans,New Orleans,Minnesota,Minnesota,New Orleans,11.5,Decision Tree,FAVORITE,Minnesota,-11.5,WIN
2025-12-06,2025-12-06_Brooklyn_NewOrleans,Brooklyn,New Orleans,Brooklyn,New Orleans,3.5,Logistic,FAVORITE,Brooklyn,-3.5,WIN
2025-12-06,2025-12-06_Brooklyn_NewOrleans,Brooklyn,New Orleans,Brooklyn,New Orleans,3.5,Linear,FAVORITE,Brooklyn,-3.5,WIN
2025-12-06,2025-12-06_Brooklyn_NewOrleans,Brooklyn,New Orleans,Brooklyn,New Orleans,3.5,Random Forest,FAVORITE,Brooklyn,-3.5,WIN
2025-12-06,2025-12-06_Brooklyn_NewOrleans,Brooklyn,New Orleans,Brooklyn,New Orleans,3.5,Decision Tree,FAVORITE,Brooklyn,-3.5,WIN
2025-12-06,2025-12-06_Atlanta_Washington,Washington,Atlanta,Atlanta,Washington,9.5,Logistic,UNDERDOG,Washington,9.5,LOSS
2025-12-06,2025-12-06_Atlanta_Washington,Washington,Atlanta,Atlanta,Washington,9.5,Linear,UNDERDOG,Washington,9.5,LOSS
2025-12-06,2025-12-06_Atlanta_Washington,Washington,Atlanta,Atlanta,Washington,9.5,Random Forest,UNDERDOG,Washington,9.5,LOSS
2025-12-06,2025-12-06_Atlanta_Washington,Washington,Atlanta,Atlanta,Washington,9.5,Decision Tree,FAVORITE,Atlanta,-9.5,WIN
2025-12-06,2025-12-06_Cleveland_GoldenState,Cleveland,Golden State,Cleveland,Golden State,7.5,Logistic,UNDERDOG,Golden State,7.5,WIN
2025-12-06,2025-12-06_Cleveland_GoldenState,Cleveland,Golden State,Cleveland,Golden State,7.5,Linear,FAVORITE,Cleveland,-7.5,LOSS
2025-12-06,2025-12-06_Cleveland_GoldenState,Cleveland,Golden State,Cleveland,Golden State,7.5,Random Forest,UNDERDOG,Golden State,7.5,WIN
2025-12-06,2025-12-06_Cleveland_GoldenState,Cleveland,Golden State,Cleveland,Golden State,7.5,Decision Tree,FAVORITE,Cleveland,-7.5,LOSS
2025-12-06,2025-12-06_Detroit_Milwaukee,Detroit,Milwaukee,Detroit,Milwaukee,12.5,Logistic,UNDERDOG,Milwaukee,12.5,WIN
2025-12-06,2025-12-06_Detroit_Milwaukee,Detroit,Milwaukee,Detroit,Milwaukee,12.5,Linear,UNDERDOG,Milwaukee,12.5,WIN
2025-12-06,2025-12-06_Detroit_Milwaukee,Detroit,Milwaukee,Detroit,Milwaukee,12.5,Random Forest,UNDERDOG,Milwaukee,12.5,WIN
2025-12-06,2025-12-06_Detroit_Milwaukee,Detroit,Milwaukee,Detroit,Milwaukee,12.5,Decision Tree,UNDERDOG,Milwaukee,12.5,WIN
2025-12-06,2025-12-06_Miami_Sacramento,Miami,Sacramento,Miami,Sacramento,8.5,Logistic,UNDERDOG,Sacramento,8.5,WIN
2025-12-06,2025-12-06_Miami_Sacramento,Miami,Sacramento,Miami,Sacramento,8.5,Linear,UNDERDOG,Sacramento,8.5,WIN
2025-12-06,2025-12-06_Miami_Sacramento,Miami,Sacramento,Miami,Sacramento,8.5,Random Forest,UNDERDOG,Sacramento,8.5,WIN
2025-12-06,2025-12-06_Miami_Sacramento,Miami,Sacramento,Miami,Sacramento,8.5,Decision Tree,UNDERDOG,Sacramento,8.5,WIN
2025-12-06,2025-12-06_Minnesota_LaClippers,Minnesota,La Clippers,Minnesota,La Clippers,9.5,Logistic,UNDERDOG,La Clippers,9.5,WIN
2025-12-06,2025-12-06_Minnesota_LaClippers,Minnesota,La Clippers,Minnesota,La Clippers,9.5,Linear,NO BET,,,NO BET
2025-12-06,2025-12-06_Minnesota_LaClippers,Minnesota,La Clippers,Minnesota,La Clippers,9.5,Random Forest,UNDERDOG,La Clippers,9.5,WIN
2025-12-06,2025-12-06_Minnesota_LaClippers,Minnesota,La Clippers,Minnesota,La Clippers,9.5,Decision Tree,UNDERDOG,La Clippers,9.5,WIN
2025-12-06,2025-12-06_Houston_Dallas,Dallas,Houston,Houston,Dallas,8.5,Logistic,FAVORITE,Houston,-8.5,LOSS
2025-12-06,2025-12-06_Houston_Dallas,Dallas,Houston,Houston,Dallas,8.5,Linear,FAVORITE,Houston,-8.5,LOSS
2025-12-06,2025-12-06_Houston_Dallas,Dallas,Houston,Houston,Dallas,8.5,Random Forest,UNDERDOG,Dallas,8.5,WIN
2025-12-06,2025-12-06_Houston_Dallas,Dallas,Houston,Houston,Dallas,8.5,Decision Tree,FAVORITE,Houston,-8.5,LOSS
2025-12-07,2025-12-07_NewYork_Orlando,New York,Orlando,New York,Orlando,1.5,Logistic,NO BET,,,NO BET
2025-12-07,2025-12-07_NewYork_Orlando,New York,Orlando,New York,Orlando,1.5,Linear,FAVORITE,New York,-1.5,WIN
2025-12-07,2025-12-07_NewYork_Orlando,New York,Orlando,New York,Orlando,1.5,Random Forest,UNDERDOG,Orlando,1.5,LOSS
2025-12-07,2025-12-07_NewYork_Orlando,New York,Orlando,New York,Orlando,1.5,Decision Tree,FAVORITE,New York,-1.5,WIN
2025-12-07,2025-12-07_Boston_Toronto,Toronto,Boston,Boston,Toronto,3.5,Logistic,FAVORITE,Boston,-3.5,WIN
2025-12-07,2025-12-07_Boston_Toronto,Toronto,Boston,Boston,Toronto,3.5,Linear,FAVORITE,Boston,-3.5,WIN
2025-12-07,2025-12-07_Boston_Toronto,Toronto,Boston,Boston,Toronto,3.5,Random Forest,FAVORITE,Boston,-3.5,WIN
2025-12-07,2025-12-07_Boston_Toronto,Toronto,Boston,Boston,Toronto,3.5,Decision Tree,FAVORITE,Boston,-3.5,WIN
2025-12-07,2025-12-07_Denver_Charlotte,Charlotte,Denver,Denver,Charlotte,10.5,Logistic,FAVORITE,Denver,-10.5,LOSS
2025-12-07,2025-12-07_Denver_Charlotte,Charlotte,Denver,Denver,Charlotte,10.5,Linear,FAVORITE,Denver,-10.5,LOSS
2025-12-07,2025-12-07_Denver_Charlotte,Charlotte,Denver,Denver,Charlotte,10.5,Random Forest,FAVORITE,Denver,-10.5,LOSS
2025-12-07,2025-12-07_Denver_Charlotte,Charlotte,Denver,Denver,Charlotte,10.5,Decision Tree,FAVORITE,Denver,-10.5,LOSS
2025-12-07,2025-12-07_Memphis_Portland,Memphis,Portland,Memphis,Portland,1.5,Logistic,UNDERDOG,Portland,1.5,LOSS
2025-12-07,2025-12-07_Memphis_Portland,Memphis,Portland,Memphis,Portland,1.5,Linear,UNDERDOG,Portland,1.5,LOSS
2025-12-07,2025-12-07_Memphis_Portland,Memphis,Portland,Memphis,Portland,1.5,Random Forest,UNDERDOG,Portland,1.5,LOSS
2025-12-07,2025-12-07_Memphis_Portland,Memphis,Portland,Memphis,Portland,1.5,Decision Tree,UNDERDOG,Portland,1.5,LOSS
2025-12-07,2025-12-07_GoldenState_Chicago,Chicago,Golden State,Golden State,Chicago,1.5,Logistic,UNDERDOG,Chicago,1.5,LOSS
2025-12-07,2025-12-07_GoldenState_Chicago,Chicago,Golden State,Golden State,Chicago,1.5,Linear,UNDERDOG,Chicago,1.5,LOSS
2025-12-07,2025-12-07_GoldenState_Chicago,Chicago,Golden State,Golden State,Chicago,1.5,Random Forest,UNDERDOG,Chicago,1.5,LOSS
2025-12-07,2025-12-07_GoldenState_Chicago,Chicago,Golden State,Golden State,Chicago,1.5,Decision Tree,UNDERDOG,Chicago,1.5,LOSS
2025-12-07,2025-12-07_LaLakers_Philadelphia,Philadelphia,La Lakers,La Lakers,Philadelphia,3.5,Logistic,UNDERDOG,Philadelphia,3.5,LOSS
2025-12-07,2025-12-07_LaLakers_Philadelphia,Philadelphia,La Lakers,La Lakers,Philadelphia,3.5,Linear,FAVORITE,La Lakers,-3.5,WIN
2025-12-07,2025-12-07_LaLakers_Philadelphia,Philadelphia,La Lakers,La Lakers,Philadelphia,3.5,Random Forest,UNDERDOG,Philadelphia,3.5,LOSS
2025-12-07,2025-12-07_LaLakers_Philadelphia,Philadelphia,La Lakers,La Lakers,Philadelphia,3.5,Decision Tree,FAVORITE,La Lakers,-3.5,WIN
2025-12-07,2025-12-07_OklaCity_Utah,Utah,Okla City,Okla City,Utah,9.5,Logistic,UNDERDOG,Utah,9.5,LOSS
2025-12-07,2025-12-07_OklaCity_Utah,Utah,Okla City,Okla City,Utah,9.5,Linear,UNDERDOG,Utah,9.5,LOSS
2025-12-07,2025-12-07_OklaCity_Utah,Utah,Okla City,Okla City,Utah,9.5,Random Forest,UNDERDOG,Utah,9.5,LOSS
2025-12-07,2025-12-07_OklaCity_Utah,Utah,Okla City,Okla City,Utah,9.5,Decision Tree,UNDERDOG,Utah,9.5,LOSS
2025-12-08,2025-12-08_Indiana_Sacramento,Indiana,Sacramento,Indiana,Sacramento,4.5,Logistic,UNDERDOG,Sacramento,4.5,LOSS
2025-12-08,2025-12-08_Indiana_Sacramento,Indiana,Sacramento,Indiana,Sacramento,4.5,Linear,UNDERDOG,Sacramento,4.5,LOSS
2025-12-08,2025-12-08_Indiana_Sacramento,Indiana,Sacramento,Indiana,Sacramento,4.5,Random Forest,UNDERDOG,Sacramento,4.5,LOSS
2025-12-08,2025-12-08_Indiana_Sacramento,Indiana,Sacramento,Indiana,Sacramento,4.5,Decision Tree,UNDERDOG,Sacramento,4.5,LOSS
2025-12-08,2025-12-08_Minnesota_Phoenix,Minnesota,Phoenix,Minnesota,Phoenix,9.5,Logistic,UNDERDOG,Phoenix,9.5,WIN
2025-12-08,2025-12-08_Minnesota_Phoenix,Minnesota,Phoenix,Minnesota,Phoenix,9.5,Linear,UNDERDOG,Phoenix,9.5,WIN
2025-12-08,2025-12-08_Minnesota_Phoenix,Minnesota,Phoenix,Minnesota,Phoenix,9.5,Random Forest,UNDERDOG,Phoenix,9.5,WIN
2025-12-08,2025-12-08_Minnesota_Phoenix,Minnesota,Phoenix,Minnesota,Phoenix,9.5,Decision Tree,UNDERDOG,Phoenix,9.5,WIN
2025-12-08,2025-12-08_SanAntonio_NewOrleans,New Orleans,San Antonio,San Antonio,New Orleans,9.5,Logistic,UNDERDOG,New Orleans,9.5,WIN
2025-12-08,2025-12-08_SanAntonio_NewOrleans,New Orleans,San Antonio,San Antonio,New Orleans,9.5,Linear,UNDERDOG,New Orleans,9.5,WIN
2025-12-08,2025-12-08_SanAntonio_NewOrleans,New Orleans,San Antonio,San Antonio,New Orleans,9.5,Random Forest,UNDERDOG,New Orleans,9.5,WIN
2025-12-08,2025-12-08_SanAntonio_NewOrleans,New Orleans,San Antonio,San Antonio,New Orleans,9.5,Decision Tree,UNDERDOG,New Orleans,9.5,WIN
2025-12-09,2025-12-09_Orlando_Miami,Miami,Orlando,Orlando,Miami,1.5,Logistic,FAVORITE,Orlando,-1.5,LOSS
2025-12-09,2025-12-09_Orlando_Miami,Miami,Orlando,Orlando,Miami,1.5,Linear,FAVORITE,Orlando,-1.5,LOSS
2025-12-09,2025-12-09_Orlando_Miami,Miami,Orlando,Orlando,Miami,1.5,Random Forest,FAVORITE,Orlando,-1.5,LOSS
2025-12-09,2025-12-09_Orlando_Miami,Miami,Orlando,Orlando,Miami,1.5,Decision Tree,FAVORITE,Orlando,-1.5,LOSS
2025-12-09,2025-12-09_NewYork_Toronto,Toronto,New York,New York,Toronto,4.5,Logistic,NO BET,,,NO BET
2025-12-09,2025-12-09_NewYork_Toronto,Toronto,New York,New York,Toronto,4.5,Linear,FAVORITE,New York,-4.5,WIN
2025-12-09,2025-12-09_NewYork_Toronto,Toronto,New York,New York,Toronto,4.5,Random Forest,FAVORITE,New York,-4.5,WIN
2025-12-09,2025-12-09_NewYork_Toronto,Toronto,New York,New York,Toronto,4.5,Decision Tree,UNDERDOG,Toronto,4.5,LOSS
2025-12-10,2025-12-10_OklaCity_Phoenix,Okla City,Phoenix,Okla City,Phoenix,14.5,Logistic,UNDERDOG,Phoenix,14.5,WIN
2025-12-10,2025-12-10_OklaCity_Phoenix,Okla City,Phoenix,Okla City,Phoenix,14.5,Linear,UNDERDOG,Phoenix,14.5,WIN
2025-12-10,2025-12-10_OklaCity_Phoenix,Okla City,Phoenix,Okla City,Phoenix,14.5,Random Forest,UNDERDOG,Phoenix,14.5,WIN
2025-12-10,2025-12-10_OklaCity_Phoenix,Okla City,Phoenix,Okla City,Phoenix,14.5,Decision Tree,FAVORITE,Okla City,-14.5,LOSS
2025-12-10,2025-12-10_LaLakers_SanAntonio,La Lakers,San Antonio,La Lakers,San Antonio,6.5,Logistic,FAVORITE,La Lakers,-6.5,WIN
2025-12-10,2025-12-10_LaLakers_SanAntonio,La Lakers,San Antonio,La Lakers,San Antonio,6.5,Linear,FAVORITE,La Lakers,-6.5,WIN
2025-12-10,2025-12-10_LaLakers_SanAntonio,La Lakers,San Antonio,La Lakers,San Antonio,6.5,Random Forest,UNDERDOG,San Antonio,6.5,LOSS
2025-12-10,2025-12-10_LaLakers_SanAntonio,La Lakers,San Antonio,La Lakers,San Antonio,6.5,Decision Tree,FAVORITE,La Lakers,-6.5,WIN
2025-12-11,2025-12-11_Houston_LaClippers,Houston,La Clippers,Houston,La Clippers,9.5,Logistic,FAVORITE,Houston,-9.5,LOSS
2025-12-11,2025-12-11_Houston_LaClippers,Houston,La Clippers,Houston,La Clippers,9.5,Linear,FAVORITE,Houston,-9.5,LOSS
2025-12-11,2025-12-11_Houston_LaClippers,Houston,La Clippers,Houston,La Clippers,9.5,Random Forest,FAVORITE,Houston,-9.5,LOSS
2025-12-11,2025-12-11_Houston_LaClippers,Houston,La Clippers,Houston,La Clippers,9.5,Decision Tree,FAVORITE,Houston,-9.5,LOSS
2025-12-11,2025-12-11_Boston_Milwaukee,Milwaukee,Boston,Boston,Milwaukee,9.5,Logistic,FAVORITE,Boston,-9.5,LOSS
2025-12-11,2025-12-11_Boston_Milwaukee,Milwaukee,Boston,Boston,Milwaukee,9.5,Linear,FAVORITE,Boston,-9.5,LOSS
2025-12-11,2025-12-11_Boston_Milwaukee,Milwaukee,Boston,Boston,Milwaukee,9.5,Random Forest,FAVORITE,Boston,-9.5,LOSS
2025-12-11,2025-12-11_Boston_Milwaukee,Milwaukee,Boston,Boston,Milwaukee,9.5,Decision Tree,UNDERDOG,Milwaukee,9.5,WIN
2025-12-11,2025-12-11_Portland_NewOrleans,New Orleans,Portland,Portland,New Orleans,4.5,Logistic,UNDERDOG,New Orleans,4.5,WIN
2025-12-11,2025-12-11_Portland_NewOrleans,New Orleans,Portland,Portland,New Orleans,4.5,Linear,UNDERDOG,New Orleans,4.5,WIN
2025-12-11,2025-12-11_Portland_NewOrleans,New Orleans,Portland,Portland,New Orleans,4.5,Random Forest,UNDERDOG,New Orleans,4.5,WIN
2025-12-11,2025-12-11_Portland_NewOrleans,New Orleans,Portland,Portland,New Orleans,4.5,Decision Tree,UNDERDOG,New Orleans,4.5,WIN
2025-12-11,2025-12-11_Denver_Sacramento,Sacramento,Denver,Denver,Sacramento,10.5,Logistic,FAVORITE,Denver,-10.5,WIN
2025-12-11,2025-12-11_Denver_Sacramento,Sacramento,Denver,Denver,Sacramento,10.5,Linear,FAVORITE,Denver,-10.5,WIN
2025-12-11,2025-12-11_Denver_Sacramento,Sacramento,Denver,Denver,Sacramento,10.5,Random Forest,FAVORITE,Denver,-10.5,WIN
2025-12-11,2025-12-11_Denver_Sacramento,Sacramento,Denver,Denver,Sacramento,10.5,Decision Tree,UNDERDOG,Sacramento,10.5,LOSS
2025-12-12,2025-12-12_Chicago_Charlotte,Charlotte,Chicago,Chicago,Charlotte,2.5,Logistic,FAVORITE,Chicago,-2.5,WIN
2025-12-12,2025-12-12_Chicago_Charlotte,Charlotte,Chicago,Chicago,Charlotte,2.5,Linear,FAVORITE,Chicago,-2.5,WIN
2025-12-12,2025-12-12_Chicago_Charlotte,Charlotte,Chicago,Chicago,Charlotte,2.5,Random Forest,UNDERDOG,Charlotte,2.5,LOSS
2025-12-12,2025-12-12_Chicago_Charlotte,Charlotte,Chicago,Chicago,Charlotte,2.5,Decision Tree,UNDERDOG,Charlotte,2.5,LOSS
2025-12-12,2025-12-12_Detroit_Atlanta,Detroit,Atlanta,Detroit,Atlanta,7.5,Logistic,UNDERDOG,Atlanta,7.5,LOSS
2025-12-12,2025-12-12_Detroit_Atlanta,Detroit,Atlanta,Detroit,Atlanta,7.5,Linear,UNDERDOG,Atlanta,7.5,LOSS
2025-12-12,2025-12-12_Detroit_Atlanta,Detroit,Atlanta,Detroit,Atlanta,7.5,Random Forest,UNDERDOG,Atlanta,7.5,LOSS
2025-12-12,2025-12-12_Detroit_Atlanta,Detroit,Atlanta,Detroit,Atlanta,7.5,Decision Tree,UNDERDOG,Atlanta,7.5,LOSS
2025-12-12,2025-12-12_Philadelphia_Indiana,Philadelphia,Indiana,Philadelphia,Indiana,7.5,Logistic,UNDERDOG,Indiana,7.5,LOSS
2025-12-12,2025-12-12_Philadelphia_Indiana,Philadelphia,Indiana,Philadelphia,Indiana,7.5,Linear,UNDERDOG,Indiana,7.5,LOSS
2025-12-12,2025-12-12_Philadelphia_Indiana,Philadelphia,Indiana,Philadelphia,Indiana,7.5,Random Forest,UNDERDOG,Indiana,7.5,LOSS
2025-12-12,2025-12-12_Philadelphia_Indiana,Philadelphia,Indiana,Philadelphia,Indiana,7.5,Decision Tree,UNDERDOG,Indiana,7.5,LOSS
2025-12-12,2025-12-12_Cleveland_Washington,Washington,Cleveland,Cleveland,Washington,14.5,Logistic,FAVORITE,Cleveland,-14.5,LOSS
2025-12-12,2025-12-12_Cleveland_Washington,Washington,Cleveland,Cleveland,Washington,14.5,Linear,FAVORITE,Cleveland,-14.5,LOSS
2025-12-12,2025-12-12_Cleveland_Washington,Washington,Cleveland,Cleveland,Washington,14.5,Random Forest,UNDERDOG,Washington,14.5,WIN
2025-12-12,2025-12-12_Cleveland_Washington,Washington,Cleveland,Cleveland,Washington,14.5,Decision Tree,UNDERDOG,Washington,14.5,WIN
2025-12-12,2025-12-12_Memphis_Utah,Memphis,Utah,Memphis,Utah,7.5,Logistic,NO BET,,,NO BET
2025-12-12,2025-12-12_Memphis_Utah,Memphis,Utah,Memphis,Utah,7.5,Linear,UNDERDOG,Utah,7.5,WIN
2025-12-12,2025-12-12_Memphis_Utah,Memphis,Utah,Memphis,Utah,7.5,Random Forest,FAVORITE,Memphis,-7.5,LOSS
2025-12-12,2025-12-12_Memphis_Utah,Memphis,Utah,Memphis,Utah,7.5,Decision Tree,UNDERDOG,Utah,7.5,WIN
2025-12-12,2025-12-12_Dallas_Brooklyn,Dallas,Brooklyn,Dallas,Brooklyn,7.5,Logistic,UNDERDOG,Brooklyn,7.5,LOSS
2025-12-12,2025-12-12_Dallas_Brooklyn,Dallas,Brooklyn,Dallas,Brooklyn,7.5,Linear,UNDERDOG,Brooklyn,7.5,LOSS
2025-12-12,2025-12-12_Dallas_Brooklyn,Dallas,Brooklyn,Dallas,Brooklyn,7.5,Random Forest,UNDERDOG,Brooklyn,7.5,LOSS
2025-12-12,2025-12-12_Dallas_Brooklyn,Dallas,Brooklyn,Dallas,Brooklyn,7.5,Decision Tree,UNDERDOG,Brooklyn,7.5,LOSS
2025-12-12,2025-12-12_GoldenState_Minnesota,Minnesota,Golden State,Golden State,Minnesota,1.5,Logistic,UNDERDOG,Minnesota,1.5,LOSS
2025-12-12,2025-12-12_GoldenState_Minnesota,Minnesota,Golden State,Golden State,Minnesota,1.5,Linear,UNDERDOG,Minnesota,1.5,LOSS
2025-12-12,2025-12-12_GoldenState_Minnesota,Minnesota,Golden State,Golden State,Minnesota,1.5,Random Forest,NO BET,,,NO BET
2025-12-12,2025-12-12_GoldenState_Minnesota,Minnesota,Golden State,Golden State,Minnesota,1.5,Decision Tree,UNDERDOG,Minnesota,1.5,LOSS
2025-12-13,2025-12-13_NewYork_Orlando,Orlando,New York,New York,Orlando,4.5,Logistic,FAVORITE,New York,-4.5,WIN
2025-12-13,2025-12-13_NewYork_Orlando,Orlando,New York,New York,Orlando,4.5,Linear,FAVORITE,New York,-4.5,WIN
2025-12-13,2025-12-13_NewYork_Orlando,Orlando,New York,New York,Orlando,4.5,Random Forest,FAVORITE,New York,-4.5,WIN
2025-12-13,2025-12-13_NewYork_Orlando,Orlando,New York,New York,Orlando,4.5,Decision Tree,FAVORITE,New York,-4.5,WIN
2025-12-13,2025-12-13_OklaCity_SanAntonio,San Antonio,Okla City,Okla City,San Antonio,10.5,Logistic,NO BET,,,NO BET
2025-12-13,2025-12-13_OklaCity_SanAntonio,San Antonio,Okla City,Okla City,San Antonio,10.5,Linear,FAVORITE,Okla City,-10.5,LOSS
2025-12-13,2025-12-13_OklaCity_SanAntonio,San Antonio,Okla City,Okla City,San Antonio,10.5,Random Forest,NO BET,,,NO BET
2025-12-13,2025-12-13_OklaCity_SanAntonio,San Antonio,Okla City,Okla City,San Antonio,10.5,Decision Tree,FAVORITE,Okla City,-10.5,LOSS
2025-12-14,2025-12-14_Indiana_Washington,Indiana,Washington,Indiana,Washington,9.5,Logistic,FAVORITE,Indiana,-9.5,LOSS
2025-12-14,2025-12-14_Indiana_Washington,Indiana,Washington,Indiana,Washington,9.5,Linear,UNDERDOG,Washington,9.5,WIN
2025-12-14,2025-12-14_Indiana_Washington,Indiana,Washington,Indiana,Washington,9.5,Random Forest,FAVORITE,Indiana,-9.5,LOSS
2025-12-14,2025-12-14_Indiana_Washington,Indiana,Washington,Indiana,Washington,9.5,Decision Tree,FAVORITE,Indiana,-9.5,LOSS
2025-12-14,2025-12-14_Cleveland_Charlotte,Cleveland,Charlotte,Cleveland,Charlotte,11.5,Logistic,FAVORITE,Cleveland,-11.5,LOSS
2025-12-14,2025-12-14_Cleveland_Charlotte,Cleveland,Charlotte,Cleveland,Charlotte,11.5,Linear,FAVORITE,Cleveland,-11.5,LOSS
2025-12-14,2025-12-14_Cleveland_Charlotte,Cleveland,Charlotte,Cleveland,Charlotte,11.5,Random Forest,NO BET,,,NO BET
2025-12-14,2025-12-14_Cleveland_Charlotte,Cleveland,Charlotte,Cleveland,Charlotte,11.5,Decision Tree,UNDERDOG,Charlotte,11.5,WIN
2025-12-14,2025-12-14_Atlanta_Philadelphia,Atlanta,Philadelphia,Atlanta,Philadelphia,5.5,Logistic,NO BET,,,NO BET
2025-12-14,2025-12-14_Atlanta_Philadelphia,Atlanta,Philadelphia,Atlanta,Philadelphia,5.5,Linear,NO BET,,,NO BET
2025-12-14,2025-12-14_Atlanta_Philadelphia,Atlanta,Philadelphia,Atlanta,Philadelphia,5.5,Random Forest,NO BET,,,NO BET
2025-12-14,2025-12-14_Atlanta_Philadelphia,Atlanta,Philadelphia,Atlanta,Philadelphia,5.5,Decision Tree,UNDERDOG,Philadelphia,5.5,WIN
2025-12-14,2025-12-14_Milwaukee_Brooklyn,Brooklyn,Milwaukee,Milwaukee,Brooklyn,1.5,Logistic,UNDERDOG,Brooklyn,1.5,WIN
2025-12-14,2025-12-14_Milwaukee_Brooklyn,Brooklyn,Milwaukee,Milwaukee,Brooklyn,1.5,Linear,UNDERDOG,Brooklyn,1.5,WIN
2025-12-14,2025-12-14_Milwaukee_Brooklyn,Brooklyn,Milwaukee,Milwaukee,Brooklyn,1.5,Random Forest,UNDERDOG,Brooklyn,1.5,WIN
2025-12-14,2025-12-14_Milwaukee_Brooklyn,Brooklyn,Milwaukee,Milwaukee,Brooklyn,1.5,Decision Tree,UNDERDOG,Brooklyn,1.5,WIN
2025-12-14,2025-12-14_Minnesota_Sacramento,Minnesota,Sacramento,Minnesota,Sacramento,10.5,Logistic,UNDERDOG,Sacramento,10.5,LOSS
2025-12-14,2025-12-14_Minnesota_Sacramento,Minnesota,Sacramento,Minnesota,Sacramento,10.5,Linear,UNDERDOG,Sacramento,10.5,LOSS
2025-12-14,2025-12-14_Minnesota_Sacramento,Minnesota,Sacramento,Minnesota,Sacramento,10.5,Random Forest,UNDERDOG,Sacramento,10.5,LOSS
2025-12-14,2025-12-14_Minnesota_Sacramento,Minnesota,Sacramento,Minnesota,Sacramento,10.5,Decision Tree,UNDERDOG,Sacramento,10.5,LOSS
2025-12-14,2025-12-14_Chicago_NewOrleans,Chicago,New Orleans,Chicago,New Orleans,4.5,Logistic,NO BET,,,NO BET
2025-12-14,2025-12-14_Chicago_NewOrleans,Chicago,New Orleans,Chicago,New Orleans,4.5,Linear,NO BET,,,NO BET
2025-12-14,2025-12-14_Chicago_NewOrleans,Chicago,New Orleans,Chicago,New Orleans,4.5,Random Forest,FAVORITE,Chicago,-4.5,LOSS
2025-12-14,2025-12-14_Chicago_NewOrleans,Chicago,New Orleans,Chicago,New Orleans,4.5,Decision Tree,UNDERDOG,New Orleans,4.5,WIN
2025-12-14,2025-12-14_LaLakers_Phoenix,Phoenix,La Lakers,La Lakers,Phoenix,1.5,Logistic,FAVORITE,La Lakers,-1.5,WIN
2025-12-14,2025-12-14_LaLakers_Phoenix,Phoenix,La Lakers,La Lakers,Phoenix,1.5,Linear,FAVORITE,La Lakers,-1.5,WIN
2025-12-14,2025-12-14_LaLakers_Phoenix,Phoenix,La Lakers,La Lakers,Phoenix,1.5,Random Forest,UNDERDOG,Phoenix,1.5,LOSS
2025-12-14,2025-12-14_LaLakers_Phoenix,Phoenix,La Lakers,La Lakers,Phoenix,1.5,Decision Tree,UNDERDOG,Phoenix,1.5,LOSS
2025-12-14,2025-12-14_GoldenState_Portland,Portland,Golden State,Golden State,Portland,4.5,Logistic,UNDERDOG,Portland,4.5,WIN
2025-12-14,2025-12-14_GoldenState_Portland,Portland,Golden State,Golden State,Portland,4.5,Linear,UNDERDOG,Portland,4.5,WIN
2025-12-14,2025-12-14_GoldenState_Portland,Portland,Golden State,Golden State,Portland,4.5,Random Forest,UNDERDOG,Portland,4.5,WIN
2025-12-14,2025-12-14_GoldenState_Portland,Portland,Golden State,Golden State,Portland,4.5,Decision Tree,UNDERDOG,Portland,4.5,WIN
2025-12-16,2025-12-16_NewYork_Utah,Utah,New York,New York,Utah,2.5,Logistic,UNDERDOG,Utah,2.5,PENDING
2025-12-16,2025-12-16_NewYork_Utah,Utah,New York,New York,Utah,2.5,Linear,UNDERDOG,Utah,2.5,PENDING
2025-12-16,2025-12-16_NewYork_Utah,Utah,New York,New York,Utah,2.5,Random Forest,UNDERDOG,Utah,2.5,PENDING
2025-12-16,2025-12-16_NewYork_Utah,Utah,New York,New York,Utah,2.5,Decision Tree,UNDERDOG,Utah,2.5,PENDING
2025-12-17,2025-12-17_Cleveland_Chicago,Chicago,Cleveland,Cleveland,Chicago,5.5,Logistic,FAVORITE,Cleveland,-5.5,PENDING
2025-12-17,2025-12-17_Cleveland_Chicago,Chicago,Cleveland,Cleveland,Chicago,5.5,Linear,UNDERDOG,Chicago,5.5,PENDING
2025-12-17,2025-12-17_Cleveland_Chicago,Chicago,Cleveland,Cleveland,Chicago,5.5,Random Forest,UNDERDOG,Chicago,5.5,PENDING
2025-12-17,2025-12-17_Cleveland_Chicago,Chicago,Cleveland,Cleveland,Chicago,5.5,Decision Tree,UNDERDOG,Chicago,5.5,PENDING
2025-12-17,2025-12-17_Minnesota_Memphis,Minnesota,Memphis,Minnesota,Memphis,7.5,Logistic,UNDERDOG,Memphis,7.5,PENDING
2025-12-17,2025-12-17_Minnesota_Memphis,Minnesota,Memphis,Minnesota,Memphis,7.5,Linear,UNDERDOG,Memphis,7.5,PENDING
2025-12-17,2025-12-17_Minnesota_Memphis,Minnesota,Memphis,Minnesota,Memphis,7.5,Random Forest,UNDERDOG,Memphis,7.5,PENDING
2025-12-17,2025-12-17_Minnesota_Memphis,Minnesota,Memphis,Minnesota,Memphis,7.5,Decision Tree,FAVORITE,Minnesota,-7.5,PENDING
