date,favorite,underdog,spread,fav_odds,dog_odds,fav_implied_prob,dog_implied_prob,actual_cover,model_type,logistic_fav_prob,logistic_dog_prob,logistic_fav_edge,logistic_dog_edge,logistic_best_edge,logistic_best_side,logistic_predicted_cover,logistic_correct,linear_fav_prob,linear_dog_prob,linear_fav_edge,linear_dog_edge,linear_best_edge,linear_best_side,linear_predicted_cover,linear_correct,rf_fav_prob,rf_dog_prob,rf_fav_edge,rf_dog_edge,rf_best_edge,rf_best_side,rf_predicted_cover,rf_correct
2025-10-22,Cleveland,New York,1.5,-110.0,-110.0,0.5238095238095238,0.5238095238095238,0.0,Away Favorite,0.5,0.5,-0.023809523809523836,-0.023809523809523836,0.023809523809523836,UNDERDOG,0,True,0.49526066350710896,0.504739336492891,-0.02854886030241488,-0.019070187316632792,0.02854886030241488,UNDERDOG,0,True,0.4198373827397742,0.5801626172602258,-0.10397214106974961,0.05635309345070194,0.10397214106974961,UNDERDOG,0,True
2025-10-22,Charlotte,Brooklyn,5.5,109.0,-113.0,0.4784688995215311,0.5305164319248826,1.0,Home Favorite,0.4818346592715066,0.5181653407284934,0.0033657597499754943,-0.012351091196389219,0.012351091196389219,FAVORITE,0,False,0.46491228070175444,0.5350877192982455,-0.013556618819776656,0.004571287373362876,0.013556618819776656,UNDERDOG,0,False,0.3794118457608126,0.6205881542391873,-0.0990570537607185,0.09007172231430471,0.0990570537607185,UNDERDOG,0,False
2025-10-22,Orlando,Miami,8.5,100.0,-103.0,0.5,0.5073891625615764,0.0,Home Favorite,0.4818346592715066,0.5181653407284934,-0.018165340728493407,0.010776178166917005,0.018165340728493407,UNDERDOG,0,True,0.46491228070175444,0.5350877192982455,-0.03508771929824556,0.0276985567366691,0.03508771929824556,UNDERDOG,0,True,0.3794118457608126,0.6205881542391873,-0.1205881542391874,0.11319899167761094,0.1205881542391874,UNDERDOG,0,True
2025-10-22,Atlanta,Toronto,5.5,-101.0,100.0,0.5024875621890548,0.5,0.0,Home Favorite,0.4818346592715066,0.5181653407284934,-0.020652902917548177,0.018165340728493407,0.020652902917548177,UNDERDOG,0,True,0.46491228070175444,0.5350877192982455,-0.03757528148730033,0.0350877192982455,0.03757528148730033,UNDERDOG,0,True,0.3794118457608126,0.6205881542391873,-0.12307571642824217,0.12058815423918734,0.12307571642824217,UNDERDOG,0,True
2025-10-22,Boston,Philadelphia,4.5,-104.0,101.0,0.5098039215686274,0.4975124378109453,0.0,Home Favorite,0.4818346592715066,0.5181653407284934,-0.027969262297120823,0.02065290291754812,0.027969262297120823,UNDERDOG,0,True,0.46491228070175444,0.5350877192982455,-0.04489164086687297,0.037575281487300216,0.04489164086687297,UNDERDOG,0,True,0.3794118457608126,0.6205881542391873,-0.1303920758078148,0.12307571642824205,0.1303920758078148,UNDERDOG,0,True
2025-10-22,Detroit,Chicago,2.5,-105.0,100.0,0.5121951219512195,0.5,0.0,Away Favorite,0.5,0.5,-0.012195121951219523,0.0,0.012195121951219523,UNDERDOG,0,True,0.49526066350710896,0.504739336492891,-0.016934458444110567,0.004739336492891044,0.016934458444110567,UNDERDOG,0,True,0.4198373827397742,0.5801626172602258,-0.0923577392114453,0.08016261726022578,0.0923577392114453,UNDERDOG,0,True
2025-10-22,Memphis,New Orleans,3.5,-110.0,-110.0,0.5238095238095238,0.5238095238095238,1.0,Home Favorite,0.4818346592715066,0.5181653407284934,-0.04197486453801724,-0.005644183081030429,0.04197486453801724,UNDERDOG,0,False,0.46491228070175444,0.5350877192982455,-0.05889724310776939,0.011278195488721665,0.05889724310776939,UNDERDOG,0,False,0.3794118457608126,0.6205881542391873,-0.14439767804871123,0.0967786304296635,0.14439767804871123,UNDERDOG,0,False
2025-10-22,Milwaukee,Washington,10.5,105.0,-117.0,0.4878048780487805,0.5391705069124424,1.0,Home Favorite,0.4818346592715066,0.5181653407284934,-0.0059702187772738835,-0.021005166183948987,0.021005166183948987,FAVORITE,0,False,0.46491228070175444,0.5350877192982455,-0.022892597347026034,-0.004082787614196892,0.022892597347026034,UNDERDOG,0,False,0.3794118457608126,0.6205881542391873,-0.10839303228796787,0.08141764732674495,0.10839303228796787,UNDERDOG,0,False
2025-10-22,La Clippers,Utah,9.5,-110.0,-110.0,0.5238095238095238,0.5238095238095238,0.0,Away Favorite,0.5,0.5,-0.023809523809523836,-0.023809523809523836,0.023809523809523836,UNDERDOG,0,True,0.49526066350710896,0.504739336492891,-0.02854886030241488,-0.019070187316632792,0.02854886030241488,UNDERDOG,0,True,0.4198373827397742,0.5801626172602258,-0.10397214106974961,0.05635309345070194,0.10397214106974961,UNDERDOG,0,True
2025-10-22,Dallas,San Antonio,2.5,-110.0,-110.0,0.5238095238095238,0.5238095238095238,0.0,Home Favorite,0.4818346592715066,0.5181653407284934,-0.04197486453801724,-0.005644183081030429,0.04197486453801724,UNDERDOG,0,True,0.46491228070175444,0.5350877192982455,-0.05889724310776939,0.011278195488721665,0.05889724310776939,UNDERDOG,0,True,0.3794118457608126,0.6205881542391873,-0.14439767804871123,0.0967786304296635,0.14439767804871123,UNDERDOG,0,True
2025-10-22,Phoenix,Sacramento,4.5,104.0,-108.0,0.49019607843137253,0.5192307692307693,0.0,Home Favorite,0.4818346592715066,0.5181653407284934,-0.008361419159865935,-0.001065428502275867,0.008361419159865935,UNDERDOG,0,True,0.46491228070175444,0.5350877192982455,-0.025283797729618085,0.015856950067476228,0.025283797729618085,UNDERDOG,0,True,0.3794118457608126,0.6205881542391873,-0.11078423267055992,0.10135738500841807,0.11078423267055992,UNDERDOG,0,True
2025-10-22,Minnesota,Portland,4.5,-110.0,-110.0,0.5238095238095238,0.5238095238095238,0.0,Away Favorite,0.5,0.5,-0.023809523809523836,-0.023809523809523836,0.023809523809523836,UNDERDOG,0,True,0.49526066350710896,0.504739336492891,-0.02854886030241488,-0.019070187316632792,0.02854886030241488,UNDERDOG,0,True,0.4198373827397742,0.5801626172602258,-0.10397214106974961,0.05635309345070194,0.10397214106974961,UNDERDOG,0,True
2025-10-23,Okla City,Indiana,8.5,-110.0,-110.0,0.5238095238095238,0.5238095238095238,0.0,Away Favorite,0.48878492565833875,0.5112150743416612,-0.03502459815118508,-0.01259444946786259,0.03502459815118508,UNDERDOG,0,True,0.28995204207617653,0.7100479579238235,-0.2338574817333473,0.18623843411429963,0.2338574817333473,UNDERDOG,0,True,0.3700051494806241,0.629994850519376,-0.15380437432889976,0.10618532670985215,0.15380437432889976,UNDERDOG,0,True
2025-10-23,Golden State,Denver,2.5,-110.0,-110.0,0.5238095238095238,0.5238095238095238,1.0,Home Favorite,0.5087316819378226,0.4912683180621774,-0.015077841871701247,-0.032541205747346424,0.032541205747346424,FAVORITE,1,True,0.6216512688859466,0.3783487311140534,0.09784174507642274,-0.1454607926954704,0.1454607926954704,FAVORITE,1,True,0.4609075317057592,0.5390924682942408,-0.06290199210376463,0.01528294448471701,0.06290199210376463,UNDERDOG,0,False
2025-10-24,Toronto,Milwaukee,1.5,-107.0,102.0,0.5169082125603864,0.49504950495049505,0.0,Home Favorite,0.7593462242518005,0.24065377574819946,0.2424380116914141,-0.2543957292022956,0.2543957292022956,FAVORITE,1,False,0.8921452751610426,0.10785472483895742,0.37523706260065615,-0.38719478011153763,0.38719478011153763,FAVORITE,1,False,0.45041695156695155,0.5495830484330484,-0.06649126099343489,0.05453354348255335,0.06649126099343489,UNDERDOG,0,True
2025-10-24,Orlando,Atlanta,4.5,-107.0,105.0,0.5169082125603864,0.4878048780487805,0.0,Home Favorite,0.5350513539213926,0.4649486460786074,0.018143141361006143,-0.022856231970173058,0.022856231970173058,FAVORITE,1,False,0.7660537074679119,0.2339462925320881,0.24914549490752547,-0.2538585855166924,0.2538585855166924,FAVORITE,1,False,0.5251192182966377,0.47488078170336234,0.00821100573625122,-0.012924096345418135,0.012924096345418135,FAVORITE,1,False
2025-10-24,Cleveland,Brooklyn,11.5,-106.0,-103.0,0.5145631067961165,0.5073891625615764,0.0,Away Favorite,0.46405108915658416,0.5359489108434159,-0.050512017639532336,0.028559748281839492,0.050512017639532336,UNDERDOG,0,True,0.5640959181996917,0.43590408180030826,0.04953281140357524,-0.07148508076126814,0.07148508076126814,FAVORITE,1,False,0.5048674379645471,0.49513256203545286,-0.00969566883156936,-0.01225660052612354,0.01225660052612354,FAVORITE,1,False
2025-10-24,New York,Boston,3.5,-110.0,-110.0,0.5238095238095238,0.5238095238095238,1.0,Home Favorite,0.5953873631716976,0.4046126368283024,0.07157783936217377,-0.11919688698122144,0.11919688698122144,FAVORITE,1,True,0.6536759259194649,0.3463240740805351,0.12986640210994105,-0.17748544972898872,0.17748544972898872,FAVORITE,1,True,0.39245486748530634,0.6075451325146937,-0.1313546563242175,0.08373560870516983,0.1313546563242175,UNDERDOG,0,False
2025-10-24,Houston,Detroit,6.5,103.0,-106.0,0.49261083743842365,0.5145631067961165,0.0,Home Favorite,0.6468446252096388,0.3531553747903612,0.15423378777121516,-0.1614077320057553,0.1614077320057553,FAVORITE,1,False,0.846834979071281,0.15316502092871898,0.35422414163285737,-0.3613980858673975,0.3613980858673975,FAVORITE,1,False,0.477605175145221,0.522394824854779,-0.01500566229320266,0.007831718058662451,0.01500566229320266,UNDERDOG,0,True
2025-10-24,Memphis,Miami,2.5,-106.0,101.0,0.5145631067961165,0.4975124378109453,0.0,Home Favorite,0.39287701547574455,0.6071229845242554,-0.12168609132037195,0.10961054671331011,0.12168609132037195,UNDERDOG,0,True,0.3160242904740289,0.6839757095259711,-0.19853881632208759,0.1864632717150258,0.19853881632208759,UNDERDOG,0,True,0.4735510686786332,0.5264489313213667,-0.041012038117483274,0.028936493510421435,0.041012038117483274,UNDERDOG,0,True
2025-10-24,San Antonio,New Orleans,4.5,-110.0,-110.0,0.5238095238095238,0.5238095238095238,0.0,Away Favorite,0.44587961104747276,0.5541203889525272,-0.07792991276205108,0.030310865143003407,0.07792991276205108,UNDERDOG,0,True,0.1772702308177158,0.8227297691822841,-0.346539292991808,0.2989202453727603,0.346539292991808,UNDERDOG,0,True,0.6135540862290864,0.38644591377091364,0.08974456241956252,-0.1373636100386102,0.1373636100386102,FAVORITE,1,False
2025-10-24,Dallas,Washington,9.5,-110.0,-110.0,0.5238095238095238,0.5238095238095238,0.0,Home Favorite,0.4192664308258161,0.580733569174184,-0.10454309298370773,0.056924045364660114,0.10454309298370773,UNDERDOG,0,True,0.2205971408468443,0.7794028591531557,-0.30321238296267955,0.2555933353436318,0.30321238296267955,UNDERDOG,0,True,0.41466658491751957,0.5853334150824805,-0.10914293889200427,0.061523891272956654,0.10914293889200427,UNDERDOG,0,True
2025-10-24,Minnesota,La Lakers,2.5,106.0,-112.0,0.4854368932038835,0.5283018867924528,0.0,Away Favorite,0.35866303110835535,0.6413369688916446,-0.12677386209552816,0.11303508209919177,0.12677386209552816,UNDERDOG,0,True,0.19072289726711616,0.8092771027328838,-0.29471399593676734,0.28097521594043096,0.29471399593676734,UNDERDOG,0,True,0.5353654701666872,0.46463452983331277,0.04992857696280373,-0.06366735695914005,0.06366735695914005,FAVORITE,1,False
2025-10-24,Golden State,Portland,2.5,-110.0,-110.0,0.5238095238095238,0.5238095238095238,0.0,Away Favorite,0.3793449216053533,0.6206550783946467,-0.1444646022041705,0.0968455545851229,0.1444646022041705,UNDERDOG,0,True,0.07350849922990083,0.9264915007700991,-0.450301024579623,0.4026819769605753,0.450301024579623,UNDERDOG,0,True,0.49282258329283146,0.5071774167071685,-0.030986940516692374,-0.016632107102355298,0.030986940516692374,UNDERDOG,0,True
2025-10-24,Sacramento,Utah,5.5,-110.0,-110.0,0.5238095238095238,0.5238095238095238,0.0,Home Favorite,0.5153044305083079,0.4846955694916921,-0.00850509330121596,-0.03911395431783171,0.03911395431783171,FAVORITE,1,False,0.4250552304236683,0.5749447695763317,-0.09875429338585556,0.051135245766807835,0.09875429338585556,UNDERDOG,0,True,0.44222914280006315,0.5577708571999369,-0.08158038100946069,0.03396133339041307,0.08158038100946069,UNDERDOG,0,True
2025-10-24,La Clippers,Phoenix,9.5,-108.0,103.0,0.5192307692307693,0.49261083743842365,1.0,Home Favorite,0.2082282358196417,0.7917717641803583,-0.3110025334111276,0.2991609267419347,0.3110025334111276,UNDERDOG,0,False,0.0,1.0,-0.5192307692307693,0.5073891625615763,0.5192307692307693,UNDERDOG,0,False,0.3415154692392329,0.6584845307607671,-0.17771529999153635,0.16587369332234342,0.17771529999153635,UNDERDOG,0,False
2025-10-25,Orlando,Chicago,6.5,112.0,-119.0,0.4716981132075472,0.54337899543379,1.0,Home Favorite,0.36923904802490365,0.6307609519750963,-0.10245906518264353,0.08738195654130632,0.10245906518264353,UNDERDOG,0,False,0.34718672604437717,0.6528132739556228,-0.12451138716317,0.10943427852183285,0.12451138716317,UNDERDOG,0,False,0.3598317753800483,0.6401682246199517,-0.11186633782749889,0.09678922918616173,0.11186633782749889,UNDERDOG,0,False
2025-10-25,Okla City,Atlanta,6.5,101.0,-108.0,0.4975124378109453,0.5192307692307693,1.0,Away Favorite,0.3563964340059576,0.6436035659940424,-0.14111600380498768,0.12437279676327317,0.14111600380498768,UNDERDOG,0,False,0.09017200790845548,0.9098279920915445,-0.4073404299024898,0.39059722286077525,0.4073404299024898,UNDERDOG,0,False,0.3010855975456335,0.6989144024543665,-0.19642684026531176,0.17968363322359726,0.19642684026531176,UNDERDOG,0,False
2025-10-25,Philadelphia,Charlotte,4.5,-106.0,102.0,0.5145631067961165,0.49504950495049505,0.0,Home Favorite,0.37187694290867956,0.6281230570913204,-0.14268616388743693,0.1330735521408254,0.14268616388743693,UNDERDOG,0,True,0.2158045194142317,0.7841954805857683,-0.29875858738188477,0.2891459756352732,0.29875858738188477,UNDERDOG,0,True,0.3981882161813962,0.6018117838186038,-0.11637489061472028,0.10676227886810874,0.11637489061472028,UNDERDOG,0,True
2025-10-25,Memphis,Indiana,1.5,105.0,-113.0,0.4878048780487805,0.5305164319248826,1.0,Home Favorite,0.3689995973715287,0.6310004026284712,-0.11880528067725177,0.10048397070358861,0.11880528067725177,UNDERDOG,0,False,0.26622674931157686,0.7337732506884231,-0.22157812873720362,0.20325681876354051,0.22157812873720362,UNDERDOG,0,False,0.4405897435897436,0.5594102564102563,-0.047215134459036856,0.028893824485373698,0.047215134459036856,UNDERDOG,0,False
2025-10-25,Denver,Phoenix,13.5,106.0,-113.0,0.4854368932038835,0.5305164319248826,1.0,Home Favorite,0.5496209308197969,0.4503790691802031,0.0641840376159134,-0.08013736274467953,0.08013736274467953,FAVORITE,1,True,0.6337418061443533,0.36625819385564673,0.14830491294046977,-0.1642582380692359,0.1642582380692359,FAVORITE,1,True,0.5763347322659186,0.4236652677340814,0.09089783906203508,-0.1068511641908012,0.1068511641908012,FAVORITE,1,True
2025-10-26,San Antonio,Brooklyn,10.5,-111.0,105.0,0.5260663507109005,0.4878048780487805,0.0,Away Favorite,0.3930002190721562,0.6069997809278438,-0.13306613163874426,0.11919490287906331,0.13306613163874426,UNDERDOG,0,True,0.2097189411090915,0.7902810588909085,-0.31634740960180896,0.302476180842128,0.31634740960180896,UNDERDOG,0,True,0.3951434638888916,0.6048565361111085,-0.13092288682200887,0.11705165806232798,0.13092288682200887,UNDERDOG,0,True
2025-10-26,Detroit,Boston,3.5,-104.0,-103.0,0.5098039215686274,0.5073891625615764,1.0,Home Favorite,0.37446361722642363,0.6255363827735764,-0.1353403043422038,0.11814722021199997,0.1353403043422038,UNDERDOG,0,False,0.16413343078426046,0.8358665692157395,-0.34567049078436696,0.32847740665416314,0.34567049078436696,UNDERDOG,0,False,0.33341964747788866,0.6665803525221113,-0.17638427409073876,0.15919118996053494,0.17638427409073876,UNDERDOG,0,False
2025-10-26,Cleveland,Milwaukee,6.5,-105.0,-101.0,0.5121951219512195,0.5024875621890548,0.0,Home Favorite,0.6797867440048246,0.32021325599517536,0.16759162205360512,-0.1822743061938794,0.1822743061938794,FAVORITE,1,False,0.9020800269419703,0.09791997305802969,0.3898849049907508,-0.4045675891310251,0.4045675891310251,FAVORITE,1,False,0.5928800761731732,0.4071199238268268,0.08068495422195365,-0.09536763836222795,0.09536763836222795,FAVORITE,1,False
2025-10-26,New York,Miami,2.5,-110.0,-110.0,0.5238095238095238,0.5238095238095238,0.0,Away Favorite,0.6800184378059969,0.3199815621940031,0.15620891399647308,-0.20382796161552075,0.20382796161552075,FAVORITE,1,False,0.9093477203159511,0.09065227968404888,0.3855381965064273,-0.43315724412547496,0.43315724412547496,FAVORITE,1,False,0.43844733911517864,0.5615526608848214,-0.0853621846943452,0.03774313707529753,0.0853621846943452,UNDERDOG,0,True
2025-10-26,Washington,Charlotte,2.5,101.0,-111.0,0.4975124378109453,0.5260663507109005,0.0,Home Favorite,0.5897580146208788,0.41024198537912115,0.09224557680993356,-0.11582436533177931,0.11582436533177931,FAVORITE,1,False,0.5892219875980795,0.41077801240192047,0.09170954978713425,-0.11528833830898,0.11528833830898,FAVORITE,1,False,0.5103360237300225,0.4896639762699775,0.01282358591907723,-0.03640237444092298,0.03640237444092298,FAVORITE,1,False
2025-10-26,Minnesota,Indiana,12.5,102.0,-105.0,0.49504950495049505,0.5121951219512195,0.0,Home Favorite,0.44086217445739795,0.559137825542602,-0.0541873304930971,0.04694270359138253,0.0541873304930971,UNDERDOG,0,True,0.48652646381993964,0.5134735361800604,-0.008523041130555409,0.0012784142288408962,0.008523041130555409,UNDERDOG,0,True,0.5752497894865912,0.4247502105134088,0.08020028453609618,-0.08744491143781075,0.08744491143781075,FAVORITE,1,False
2025-10-26,Dallas,Toronto,1.5,-110.0,-110.0,0.5238095238095238,0.5238095238095238,1.0,Home Favorite,0.36783220556942214,0.6321677944305779,-0.1559773182401017,0.10835827062105408,0.1559773182401017,UNDERDOG,0,False,0.21099893996058078,0.7890010600394193,-0.31281058384894306,0.26519153622989544,0.31281058384894306,UNDERDOG,0,False,0.3844087634587634,0.6155912365412366,-0.13940076035076043,0.09178171273171276,0.13940076035076043,UNDERDOG,0,False
2025-10-26,La Clippers,Portland,8.5,-110.0,-110.0,0.5238095238095238,0.5238095238095238,0.0,Home Favorite,0.6675913285621079,0.3324086714378921,0.14378180475258406,-0.19140085237163174,0.19140085237163174,FAVORITE,1,False,0.7684432644404244,0.23155673555957557,0.2446337406309006,-0.29225278824994827,0.29225278824994827,FAVORITE,1,False,0.5494360506446155,0.45056394935538446,0.0256265268350917,-0.07324557445413937,0.07324557445413937,FAVORITE,1,False
2025-10-26,La Lakers,Sacramento,2.5,-111.0,107.0,0.5260663507109005,0.4830917874396135,1.0,Away Favorite,0.32001254313594274,0.6799874568640573,-0.20605380757495773,0.19689566942444375,0.20605380757495773,UNDERDOG,0,False,0.24970128157742758,0.7502987184225725,-0.2763650691334729,0.26720693098295895,0.2763650691334729,UNDERDOG,0,False,0.36656737277075585,0.6334326272292441,-0.15949897794014462,0.1503408397896306,0.15949897794014462,UNDERDOG,0,False
2025-10-27,Cleveland,Detroit,2.5,100.0,-102.0,0.5,0.504950495049505,1.0,Away Favorite,0.5781036625027148,0.42189633749728517,0.07810366250271483,-0.08305415755221979,0.08305415755221979,FAVORITE,1,True,0.8126577042092265,0.18734229579077355,0.31265770420922645,-0.3176081992587314,0.3176081992587314,FAVORITE,1,True,0.6234072980339235,0.3765927019660765,0.12340729803392347,-0.12835779308342843,0.12835779308342843,FAVORITE,1,True
2025-10-27,Orlando,Philadelphia,5.5,-117.0,113.0,0.5391705069124424,0.4694835680751174,0.0,Away Favorite,0.47515412352614206,0.5248458764738579,-0.06401638338630034,0.05536230839874057,0.06401638338630034,UNDERDOG,0,True,0.47209628391100117,0.5279037160889988,-0.06707422300144122,0.0584201480138814,0.06707422300144122,UNDERDOG,0,True,0.5078435646312868,0.49215643536871323,-0.03132694228115562,0.022672867293595855,0.03132694228115562,UNDERDOG,1,False
2025-10-27,Atlanta,Chicago,2.5,101.0,-107.0,0.4975124378109453,0.5169082125603864,0.0,Away Favorite,0.34200829284170353,0.6579917071582965,-0.15550414496924175,0.14108349459791003,0.15550414496924175,UNDERDOG,0,True,0.0,1.0,-0.4975124378109453,0.48309178743961356,0.4975124378109453,UNDERDOG,0,True,0.31940822996482643,0.6805917700351736,-0.17810420784611886,0.16368355747478713,0.17810420784611886,UNDERDOG,0,True
2025-10-27,Houston,Brooklyn,15.5,-106.0,104.0,0.5145631067961165,0.49019607843137253,1.0,Home Favorite,0.7571739301857315,0.24282606981426846,0.24261082338961504,-0.24737000861710406,0.24737000861710406,FAVORITE,1,True,0.9331602902547154,0.06683970974528464,0.41859718345859886,-0.4233563686860879,0.4233563686860879,FAVORITE,1,True,0.7125771103896105,0.28742288961038953,0.19801400359349397,-0.202773188820983,0.202773188820983,FAVORITE,1,True
2025-10-27,New Orleans,Boston,1.5,-110.0,-110.0,0.5238095238095238,0.5238095238095238,0.0,Home Favorite,0.5488444887301188,0.4511555112698812,0.025034964920594982,-0.07265401253964265,0.07265401253964265,FAVORITE,1,False,0.5943559623495375,0.40564403765046253,0.07054643854001363,-0.1181654861590613,0.1181654861590613,FAVORITE,1,False,0.4930189989039093,0.5069810010960907,-0.030790524905614514,-0.01682852271343316,0.030790524905614514,UNDERDOG,0,True
2025-10-27,San Antonio,Toronto,4.5,-107.0,106.0,0.5169082125603864,0.4854368932038835,0.0,Away Favorite,0.3218883983812056,0.6781116016187945,-0.19501981417918085,0.19267470841491097,0.19501981417918085,UNDERDOG,0,True,0.21435137892230238,0.7856486210776976,-0.30255683363808406,0.3002117278738141,0.30255683363808406,UNDERDOG,0,True,0.4202535570658483,0.5797464429341517,-0.09665465549453811,0.09430954973026817,0.09665465549453811,UNDERDOG,0,True
2025-10-27,Okla City,Dallas,8.5,-110.0,-110.0,0.5238095238095238,0.5238095238095238,0.0,Away Favorite,0.6044457516633203,0.39555424833667974,0.08063622785379643,-0.1282552754728441,0.1282552754728441,FAVORITE,1,False,0.7006329311196106,0.29936706888038944,0.17682340731008672,-0.2244424549291344,0.2244424549291344,FAVORITE,1,False,0.4466238703971592,0.5533761296028408,-0.07718565341236466,0.029566605793316936,0.07718565341236466,UNDERDOG,0,True
2025-10-27,Utah,Phoenix,1.5,-110.0,-110.0,0.5238095238095238,0.5238095238095238,1.0,Home Favorite,0.7246723985820944,0.2753276014179056,0.2008628747725706,-0.24848192239161826,0.24848192239161826,FAVORITE,1,True,0.9140750951888448,0.08592490481115522,0.39026557137932094,-0.4378846189983686,0.4378846189983686,FAVORITE,1,True,0.6742355258127429,0.32576447418725707,0.1504260020032191,-0.19804504962226677,0.19804504962226677,FAVORITE,1,True
2025-10-27,Denver,Minnesota,6.5,-104.0,100.0,0.5098039215686274,0.5,1.0,Away Favorite,0.5346390557792308,0.46536094422076923,0.02483513421060335,-0.034639055779230765,0.034639055779230765,FAVORITE,1,True,0.8787770728270494,0.12122292717295058,0.368973151258422,-0.3787770728270494,0.3787770728270494,FAVORITE,1,True,0.5676089180234188,0.43239108197658116,0.057804996454791424,-0.06760891802341884,0.06760891802341884,FAVORITE,1,True
2025-10-27,Golden State,Memphis,7.5,-112.0,106.0,0.5283018867924528,0.4854368932038835,0.0,Away Favorite,0.34977252400670866,0.6502274759932913,-0.17852936278574416,0.16479058278940784,0.17852936278574416,UNDERDOG,0,True,0.3061775477700974,0.6938224522299026,-0.2221243390223554,0.20838555902601907,0.2221243390223554,UNDERDOG,0,True,0.5845610047846889,0.41543899521531114,0.05625911799223604,-0.06999789798857237,0.06999789798857237,FAVORITE,1,False
2025-10-27,Portland,La Lakers,2.5,-110.0,-110.0,0.5238095238095238,0.5238095238095238,1.0,Away Favorite,0.7146861912302016,0.2853138087697984,0.19087666742067777,-0.23849571503972544,0.23849571503972544,FAVORITE,1,True,0.7705498288440895,0.2294501711559105,0.24674030503456568,-0.29435935265361335,0.29435935265361335,FAVORITE,1,True,0.6087203225072682,0.39127967749273185,0.08491079869774432,-0.132529846316792,0.132529846316792,FAVORITE,1,True
2025-10-28,Philadelphia,Washington,4.5,-110.0,-110.0,0.5238095238095238,0.5238095238095238,1.0,Away Favorite,0.5723981849258993,0.42760181507410067,0.0485886611163755,-0.09620770873542317,0.09620770873542317,FAVORITE,1,True,0.6728405231544919,0.32715947684550806,0.1490309993449681,-0.19665004696401578,0.19665004696401578,FAVORITE,1,True,0.6073792846936021,0.39262071530639786,0.0835697608840783,-0.13118880850312598,0.13118880850312598,FAVORITE,1,True
2025-10-28,Miami,Charlotte,6.5,-110.0,-110.0,0.5238095238095238,0.5238095238095238,1.0,Home Favorite,0.8444250702552878,0.1555749297447122,0.32061554644576395,-0.3682345940648116,0.3682345940648116,FAVORITE,1,True,1.0,0.0,0.47619047619047616,-0.5238095238095238,0.5238095238095238,FAVORITE,1,True,0.6553861900834329,0.3446138099165671,0.13157666627390907,-0.17919571389295674,0.17919571389295674,FAVORITE,1,True
2025-10-28,New York,Milwaukee,1.5,-110.0,-110.0,0.5238095238095238,0.5238095238095238,0.0,Away Favorite,0.5731430128801549,0.4268569871198451,0.049333489070631065,-0.09695253668967874,0.09695253668967874,FAVORITE,1,False,0.6374947790472661,0.36250522095273385,0.11368525523774231,-0.16130430285678998,0.16130430285678998,FAVORITE,1,False,0.40061255690226116,0.5993874430977388,-0.12319696690726267,0.075577919288215,0.12319696690726267,UNDERDOG,0,True
2025-10-28,Okla City,Sacramento,10.5,-110.0,-110.0,0.5238095238095238,0.5238095238095238,0.0,Home Favorite,0.4683847189896408,0.5316152810103592,-0.055424804819883045,0.007805757200835317,0.055424804819883045,UNDERDOG,0,True,0.46155565240542407,0.5384443475945759,-0.06225387140409977,0.014634823785052098,0.06225387140409977,UNDERDOG,0,True,0.3646421967995326,0.6353578032004674,-0.15916732700999126,0.11154827939094358,0.15916732700999126,UNDERDOG,0,True
2025-10-28,La Clippers,Golden State,1.5,-110.0,-110.0,0.5238095238095238,0.5238095238095238,0.0,Away Favorite,0.5092552579898886,0.4907447420101114,-0.01455426581963526,-0.03306478179941241,0.03306478179941241,FAVORITE,1,False,0.7757019906098307,0.2242980093901693,0.25189246680030686,-0.29951151441935453,0.29951151441935453,FAVORITE,1,False,0.5785410349296233,0.4214589650703767,0.05473151112009944,-0.10235055873914711,0.10235055873914711,FAVORITE,1,False
2025-10-29,Houston,Toronto,5.5,-102.0,-106.0,0.504950495049505,0.5145631067961165,1.0,Away Favorite,0.28730874410018137,0.7126912558998186,-0.2176417509493236,0.19812814910370213,0.2176417509493236,UNDERDOG,0,False,0.2646381007741938,0.7353618992258062,-0.24031239427531115,0.2207987924296897,0.24031239427531115,UNDERDOG,0,False,0.27441468222686566,0.7255853177731344,-0.2305358128226393,0.2110222109770179,0.2305358128226393,UNDERDOG,0,False
2025-10-29,Cleveland,Boston,3.5,103.0,-106.0,0.49261083743842365,0.5145631067961165,0.0,Away Favorite,0.48446690574901435,0.5155330942509857,-0.0081439316894093,0.0009699874548692033,0.0081439316894093,UNDERDOG,0,True,0.5056700133226022,0.4943299866773978,0.013059175884178542,-0.020233120118718695,0.020233120118718695,FAVORITE,1,False,0.5076553412176996,0.4923446587823004,0.015044503779275964,-0.022218448013816117,0.022218448013816117,FAVORITE,1,False
2025-10-29,Orlando,Detroit,1.5,-110.0,108.0,0.5238095238095238,0.4807692307692308,0.0,Away Favorite,0.8071491582912897,0.19285084170871025,0.2833396344817659,-0.28791838906052053,0.28791838906052053,FAVORITE,1,False,1.0,0.0,0.47619047619047616,-0.4807692307692308,0.4807692307692308,FAVORITE,1,False,0.6478365246391812,0.3521634753608188,0.12402700082965734,-0.12860575540841196,0.12860575540841196,FAVORITE,1,False
2025-10-29,Atlanta,Brooklyn,8.5,105.0,-111.0,0.4878048780487805,0.5260663507109005,0.0,Away Favorite,0.3075399148415251,0.6924600851584749,-0.18026496320725538,0.16639373444757444,0.18026496320725538,UNDERDOG,0,True,0.20376373301493012,0.7962362669850699,-0.28404114503385036,0.2701699162741694,0.28404114503385036,UNDERDOG,0,True,0.5114597278838034,0.48854027211619655,0.023654849835022973,-0.037526078594703915,0.037526078594703915,FAVORITE,1,False
2025-10-29,Chicago,Sacramento,4.5,-111.0,106.0,0.5260663507109005,0.4854368932038835,1.0,Home Favorite,0.3270754485673634,0.6729245514326365,-0.19899090214353704,0.18748765822875302,0.19899090214353704,UNDERDOG,0,False,0.26073668810604483,0.7392633118939551,-0.26532966260485563,0.2538264186900716,0.26532966260485563,UNDERDOG,0,False,0.3801030381405311,0.619896961859469,-0.14596331257036937,0.13446006865558546,0.14596331257036937,UNDERDOG,0,False
2025-10-29,Dallas,Indiana,5.5,-114.0,103.0,0.5327102803738317,0.49261083743842365,0.0,Home Favorite,0.4504407958527668,0.5495592041472332,-0.08226948452106492,0.056948366708809595,0.08226948452106492,UNDERDOG,0,True,0.3869106465228064,0.6130893534771936,-0.14579963385102535,0.12047851603876997,0.14579963385102535,UNDERDOG,0,True,0.3272684244659768,0.6727315755340232,-0.2054418559078549,0.18012073809559953,0.2054418559078549,UNDERDOG,0,True
2025-10-29,Denver,New Orleans,12.5,-110.0,-110.0,0.5238095238095238,0.5238095238095238,1.0,Home Favorite,0.6772658785142587,0.3227341214857413,0.15345635470473484,-0.20107540232378251,0.20107540232378251,FAVORITE,1,True,0.8659785188846064,0.13402148111539358,0.3421689950750826,-0.38978804269413025,0.38978804269413025,FAVORITE,1,True,0.5748301560891552,0.4251698439108448,0.051020632279631384,-0.09863967989867906,0.09863967989867906,FAVORITE,1,True
2025-10-29,Portland,Utah,3.5,-110.0,-110.0,0.5238095238095238,0.5238095238095238,0.0,Away Favorite,0.647355844990112,0.352644155009888,0.12354632118058817,-0.17116536879963584,0.17116536879963584,FAVORITE,1,False,0.7359686184361224,0.2640313815638776,0.21215909462659854,-0.2597781422456462,0.2597781422456462,FAVORITE,1,False,0.5369831338435607,0.46301686615643933,0.013173610034036831,-0.0607926576530845,0.0607926576530845,FAVORITE,1,False
2025-10-29,Minnesota,La Lakers,7.5,-101.0,-109.0,0.5024875621890548,0.5215311004784688,0.0,Home Favorite,0.34825856456780213,0.6517414354321979,-0.15422899762125264,0.13021033495372902,0.15422899762125264,UNDERDOG,0,True,0.3254037061791084,0.6745962938208916,-0.17708385600994636,0.15306519334242275,0.17708385600994636,UNDERDOG,0,True,0.37291950058587175,0.6270804994141282,-0.12956806160318302,0.1055493989356594,0.12956806160318302,UNDERDOG,0,True
2025-10-29,Memphis,Phoenix,1.5,-109.0,101.0,0.5215311004784688,0.4975124378109453,0.0,Away Favorite,0.4539820068109847,0.5460179931890152,-0.06754909366748413,0.04850555537806994,0.06754909366748413,UNDERDOG,0,True,0.5015541916815235,0.4984458083184765,-0.01997690879694536,0.0009333705075312282,0.01997690879694536,UNDERDOG,1,False,0.5033667961049536,0.4966332038950464,-0.01816430437351524,-0.0008792339158988915,0.01816430437351524,UNDERDOG,1,False
2025-10-30,Orlando,Charlotte,1.5,-122.0,109.0,0.5495495495495496,0.4784688995215311,1.0,Away Favorite,0.5850617098536243,0.41493829014637573,0.03551216030407467,-0.06353060937515537,0.06353060937515537,FAVORITE,1,True,0.7572542027216653,0.24274579727833467,0.20770465317211573,-0.23572310224319643,0.23572310224319643,FAVORITE,1,True,0.5930760810071155,0.4069239189928845,0.04352653145756591,-0.0715449805286466,0.0715449805286466,FAVORITE,1,True
2025-10-30,Golden State,Milwaukee,3.5,-101.0,-111.0,0.5024875621890548,0.5260663507109005,0.0,Away Favorite,0.29912473558051134,0.7008752644194887,-0.20336282660854343,0.1748089137085882,0.20336282660854343,UNDERDOG,0,True,0.35914719538797224,0.6408528046120278,-0.14334036680108253,0.1147864539011273,0.14334036680108253,UNDERDOG,0,True,0.22738821735035958,0.7726117826496404,-0.2750993448386952,0.2465454319387399,0.2750993448386952,UNDERDOG,0,True
2025-10-30,Okla City,Washington,15.5,101.0,-107.0,0.4975124378109453,0.5169082125603864,0.0,Away Favorite,0.446949654226545,0.553050345773455,-0.050562783584400306,0.036142133213068584,0.050562783584400306,UNDERDOG,0,True,0.4326198753834345,0.5673801246165655,-0.06489256242751079,0.05047191205617907,0.06489256242751079,UNDERDOG,0,True,0.3874452767870062,0.6125547232129938,-0.1100671610239391,0.09564651065260732,0.1100671610239391,UNDERDOG,0,True
2025-10-30,San Antonio,Miami,5.5,-107.0,103.0,0.5169082125603864,0.49261083743842365,0.0,Away Favorite,0.22139099550831773,0.7786090044916822,-0.2955172170520687,0.2859981670532586,0.2955172170520687,UNDERDOG,0,True,0.0,1.0,-0.5169082125603864,0.5073891625615763,0.5169082125603864,UNDERDOG,0,True,0.28428224454327156,0.7157177554567284,-0.23262596801711488,0.2231069180183048,0.23262596801711488,UNDERDOG,0,True
2025-10-31,Atlanta,Indiana,2.5,103.0,-106.0,0.49261083743842365,0.5145631067961165,1.0,Away Favorite,0.375464382030963,0.624535617969037,-0.11714645540746066,0.1099725111729205,0.11714645540746066,UNDERDOG,0,False,0.2850433730508329,0.7149566269491672,-0.20756746438759077,0.20039352015305067,0.20756746438759077,UNDERDOG,0,False,0.3554164531663983,0.6445835468336016,-0.13719438427202535,0.13002044003748514,0.13719438427202535,UNDERDOG,0,False
2025-10-31,Boston,Philadelphia,1.5,-102.0,-107.0,0.504950495049505,0.5169082125603864,0.0,Away Favorite,0.5073803282591187,0.4926196717408813,0.002429833209613763,-0.024288540819505156,0.024288540819505156,FAVORITE,1,False,0.5076567824222995,0.4923432175777005,0.002706287372794547,-0.02456499498268594,0.02456499498268594,FAVORITE,1,False,0.409307008413511,0.590692991586489,-0.09564348663599398,0.07378477902610259,0.09564348663599398,UNDERDOG,0,True
2025-10-31,Cleveland,Toronto,4.5,-102.0,-105.0,0.504950495049505,0.5121951219512195,0.0,Home Favorite,0.6602456287383639,0.3397543712616361,0.15529513368885894,-0.17244075068958342,0.17244075068958342,FAVORITE,1,False,0.725894997005915,0.274105002994085,0.22094450195641002,-0.2380901189571345,0.2380901189571345,FAVORITE,1,False,0.6170764119601329,0.38292358803986715,0.1121259169106279,-0.12927153391135238,0.12927153391135238,FAVORITE,1,False
2025-10-31,New York,Chicago,5.5,-110.0,-110.0,0.5238095238095238,0.5238095238095238,0.0,Away Favorite,0.578823553319279,0.42117644668072096,0.0550140295097552,-0.10263307712880287,0.10263307712880287,FAVORITE,1,False,0.5890140280747718,0.41098597192522823,0.06520450426524793,-0.1128235518842956,0.1128235518842956,FAVORITE,1,False,0.6585447509724892,0.3414552490275108,0.13473522716296538,-0.18235427478201305,0.18235427478201305,FAVORITE,1,False
2025-10-31,Memphis,La Lakers,2.5,104.0,-111.0,0.49019607843137253,0.5260663507109005,1.0,Away Favorite,0.41466956481024936,0.5853304351897506,-0.07552651362112317,0.05926408447885012,0.07552651362112317,UNDERDOG,0,False,0.4233774534628,0.5766225465372,-0.06681862496857255,0.050556195826299555,0.06681862496857255,UNDERDOG,0,False,0.33405940155277664,0.6659405984472233,-0.1561366768785959,0.13987424773632284,0.1561366768785959,UNDERDOG,0,False
2025-10-31,Phoenix,Utah,3.5,-110.0,-110.0,0.5238095238095238,0.5238095238095238,1.0,Home Favorite,0.5288361178153695,0.47116388218463046,0.005026594005845708,-0.05264564162489338,0.05264564162489338,FAVORITE,1,True,0.3311228606953296,0.6688771393046704,-0.19268666311419425,0.14506761549514657,0.19268666311419425,UNDERDOG,0,False,0.4004333182190259,0.5995666817809742,-0.12337620559049794,0.07575715797145033,0.12337620559049794,UNDERDOG,0,False
2025-10-31,Denver,Portland,5.5,108.0,-113.0,0.4807692307692308,0.5305164319248826,0.0,Away Favorite,0.3394715385917197,0.6605284614082803,-0.1412976921775111,0.13001202948339763,0.1412976921775111,UNDERDOG,0,True,0.4196271603390906,0.5803728396609094,-0.061142070430140194,0.04985640773602673,0.061142070430140194,UNDERDOG,0,True,0.4221693121693122,0.5778306878306878,-0.05859991859991859,0.04731425590580518,0.05859991859991859,UNDERDOG,0,True
2025-10-31,La Clippers,New Orleans,10.5,-110.0,-110.0,0.5238095238095238,0.5238095238095238,0.0,Home Favorite,0.7518618281883583,0.24813817181164166,0.2280523043788345,-0.2756713519978822,0.2756713519978822,FAVORITE,1,False,1.0,0.0,0.47619047619047616,-0.5238095238095238,0.5238095238095238,FAVORITE,1,False,0.6239052063747875,0.3760947936252125,0.10009568256526369,-0.14771473018431136,0.14771473018431136,FAVORITE,1,False
2025-11-01,Orlando,Washington,9.5,109.0,-112.0,0.4784688995215311,0.5283018867924528,1.0,Away Favorite,0.7350221370922224,0.2649778629077776,0.2565532375706913,-0.26332402388467524,0.26332402388467524,FAVORITE,1,True,0.9603854127208096,0.03961458727919043,0.4819165131992785,-0.4886872995132624,0.4886872995132624,FAVORITE,1,True,0.6763460887701163,0.32365391122988374,0.19787718924858516,-0.20464797556256908,0.20464797556256908,FAVORITE,1,True
2025-11-01,Minnesota,Charlotte,4.5,104.0,-112.0,0.49019607843137253,0.5283018867924528,1.0,Away Favorite,0.509975953454262,0.49002404654573795,0.019779875022889526,-0.03827784024671488,0.03827784024671488,FAVORITE,1,True,0.6446179366411255,0.35538206335887446,0.15442185820975302,-0.17291982343357837,0.17291982343357837,FAVORITE,1,True,0.5159597825984731,0.4840402174015269,0.025763704167100554,-0.044261669390925906,0.044261669390925906,FAVORITE,1,True
2025-11-01,Golden State,Indiana,11.5,113.0,-117.0,0.4694835680751174,0.5391705069124424,0.0,Away Favorite,0.36405014228281346,0.6359498577171865,-0.10543342579230391,0.09677935080474409,0.10543342579230391,UNDERDOG,0,True,0.47858809830445503,0.521411901695545,0.00910453022933766,-0.017758605216897427,0.017758605216897427,FAVORITE,0,True,0.469681159495113,0.530318840504887,0.00019759141999564633,-0.008851666407555414,0.008851666407555414,FAVORITE,0,True
2025-11-01,Houston,Boston,5.5,103.0,-104.0,0.49261083743842365,0.5098039215686274,1.0,Away Favorite,0.5668016287598414,0.4331983712401586,0.07419079132141776,-0.07660555032846883,0.07660555032846883,FAVORITE,1,True,0.9038502755124345,0.09614972448756554,0.4112394380740108,-0.4136541970810619,0.4136541970810619,FAVORITE,1,True,0.524349434470758,0.475650565529242,0.03173859703233434,-0.03415335603938541,0.03415335603938541,FAVORITE,1,True
2025-11-01,Milwaukee,Sacramento,7.5,109.0,-115.0,0.4784688995215311,0.5348837209302325,0.0,Home Favorite,0.6723133103053345,0.3276866896946655,0.19384441078380338,-0.207197031235567,0.207197031235567,FAVORITE,1,False,0.7473679939142966,0.25263200608570335,0.26889909439276555,-0.28225171484452916,0.28225171484452916,FAVORITE,1,False,0.4749113120259592,0.5250886879740408,-0.00355758749557189,-0.009795032956191663,0.009795032956191663,FAVORITE,0,True
2025-11-01,Detroit,Dallas,7.5,-103.0,101.0,0.5073891625615764,0.4975124378109453,1.0,Home Favorite,0.4321753662643495,0.5678246337356505,-0.07521379629722691,0.07031219592470522,0.07521379629722691,UNDERDOG,0,False,0.43084044047642006,0.5691595595235799,-0.07654872208515634,0.0716471217126346,0.07654872208515634,UNDERDOG,0,False,0.4601790247115003,0.5398209752884997,-0.047210137850076106,0.04230853747755442,0.047210137850076106,UNDERDOG,0,False
2025-11-02,Okla City,New Orleans,13.5,-110.0,-110.0,0.5238095238095238,0.5238095238095238,1.0,Home Favorite,0.5406683504744327,0.45933164952556726,0.0168588266649089,-0.06447787428395657,0.06447787428395657,FAVORITE,1,True,0.6479066992277229,0.3520933007722771,0.12409717541819909,-0.17171622303724676,0.17171622303724676,FAVORITE,1,True,0.5173415171776741,0.48265848282232593,-0.006468006631849765,-0.04115104098719791,0.04115104098719791,FAVORITE,1,True
2025-11-02,Philadelphia,Brooklyn,5.5,107.0,-110.0,0.4830917874396135,0.5238095238095238,1.0,Away Favorite,0.6991142615155732,0.3008857384844268,0.2160224740759597,-0.22292378532509705,0.22292378532509705,FAVORITE,1,True,0.8770928067036852,0.12290719329631483,0.39400101926407166,-0.400902330513209,0.400902330513209,FAVORITE,1,True,0.7364073306583601,0.26359266934163994,0.25331554321874655,-0.2602168544678839,0.2602168544678839,FAVORITE,1,True
2025-11-02,Charlotte,Utah,1.5,-110.0,-110.0,0.5238095238095238,0.5238095238095238,1.0,Home Favorite,0.645528688405654,0.354471311594346,0.12171916459613019,-0.16933821221517786,0.16933821221517786,FAVORITE,1,True,0.5885144806465329,0.4114855193534671,0.06470495683700905,-0.11232400445605673,0.11232400445605673,FAVORITE,1,True,0.5733802314754793,0.42661976852452066,0.049570707665955505,-0.09718975528500318,0.09718975528500318,FAVORITE,1,True
2025-11-02,Cleveland,Atlanta,6.5,102.0,-107.0,0.49504950495049505,0.5169082125603864,1.0,Home Favorite,0.432126311538067,0.567873688461933,-0.06292319341242802,0.05096547590154654,0.06292319341242802,UNDERDOG,0,False,0.4073930690805856,0.5926069309194144,-0.08765643586990945,0.07569871835902797,0.08765643586990945,UNDERDOG,0,False,0.4722538546434249,0.527746145356575,-0.022795650307070148,0.01083793279618861,0.022795650307070148,UNDERDOG,0,False
2025-11-02,Toronto,Memphis,4.5,-106.0,104.0,0.5145631067961165,0.49019607843137253,1.0,Home Favorite,0.50944024177405,0.49055975822595,-0.005122865022066492,0.000363679794577465,0.005122865022066492,UNDERDOG,1,True,0.4771691319865361,0.5228308680134639,-0.0373939748095804,0.03263478958209137,0.0373939748095804,UNDERDOG,0,False,0.4660432485846732,0.5339567514153267,-0.04851985821144328,0.043760672983954196,0.04851985821144328,UNDERDOG,0,False
2025-11-02,New York,Chicago,7.5,-110.0,-110.0,0.5238095238095238,0.5238095238095238,1.0,Home Favorite,0.6213883435773332,0.3786116564226668,0.09757881976780935,-0.14519786738685703,0.14519786738685703,FAVORITE,1,True,0.9030880066883267,0.09691199331167333,0.37927848287880284,-0.4268975304978505,0.4268975304978505,FAVORITE,1,True,0.6722494198217442,0.32775058017825576,0.1484398960122204,-0.19605894363126808,0.19605894363126808,FAVORITE,1,True
2025-11-02,San Antonio,Phoenix,5.5,-104.0,-103.0,0.5098039215686274,0.5073891625615764,0.0,Away Favorite,0.2109482127566093,0.7890517872433906,-0.2988557088120181,0.28166262468181424,0.2988557088120181,UNDERDOG,0,True,0.0,1.0,-0.5098039215686274,0.4926108374384236,0.5098039215686274,UNDERDOG,0,True,0.16562829641470894,0.8343717035852911,-0.3441756251539185,0.3269825410237147,0.3441756251539185,UNDERDOG,0,True
2025-11-02,La Lakers,Miami,4.5,-112.0,103.0,0.5283018867924528,0.49261083743842365,0.0,Away Favorite,0.2626432746618854,0.7373567253381146,-0.2656586121305674,0.24474588789969093,0.2656586121305674,UNDERDOG,0,True,0.0357078211736479,0.9642921788263521,-0.4925940656188049,0.47168134138792844,0.4925940656188049,UNDERDOG,0,True,0.17945665888507645,0.8205433411149236,-0.3488452279073764,0.3279325036764999,0.3488452279073764,UNDERDOG,0,True
2025-11-03,Minnesota,Brooklyn,8.5,-116.0,104.0,0.5370370370370371,0.49019607843137253,1.0,Away Favorite,0.5520266763154533,0.4479733236845467,0.014989639278416234,-0.04222275474682585,0.04222275474682585,FAVORITE,1,True,0.6108121451616428,0.38918785483835716,0.07377510812460575,-0.10100822359301537,0.10100822359301537,FAVORITE,1,True,0.6549818634889962,0.34501813651100377,0.11794482645195914,-0.14517794192036876,0.14517794192036876,FAVORITE,1,True
2025-11-03,Milwaukee,Indiana,6.5,105.0,-108.0,0.4878048780487805,0.5192307692307693,0.0,Away Favorite,0.32862007069814186,0.6713799293018581,-0.1591848073506386,0.1521491600710888,0.1591848073506386,UNDERDOG,0,True,0.2611663224423811,0.738833677557619,-0.2266385556063994,0.2196029083268497,0.2266385556063994,UNDERDOG,0,True,0.42975273252107626,0.5702472674789237,-0.05805214552770421,0.05101649824815446,0.05805214552770421,UNDERDOG,0,True
2025-11-03,Boston,Utah,10.5,-110.0,-110.0,0.5238095238095238,0.5238095238095238,0.0,Home Favorite,0.4311371601247217,0.5688628398752783,-0.09267236368480214,0.04505331606575447,0.09267236368480214,UNDERDOG,0,True,0.3280994634644153,0.6719005365355847,-0.19571006034510852,0.14809101272606084,0.19571006034510852,UNDERDOG,0,True,0.33315276430429974,0.6668472356957003,-0.1906567595052241,0.14303771188617642,0.1906567595052241,UNDERDOG,0,True
2025-11-03,New York,Washington,12.5,-110.0,-110.0,0.5238095238095238,0.5238095238095238,1.0,Home Favorite,0.4256667195079304,0.5743332804920696,-0.09814280430159344,0.05052375668254572,0.09814280430159344,UNDERDOG,0,False,0.3950692985625015,0.6049307014374985,-0.12874022524702233,0.08112117762797466,0.12874022524702233,UNDERDOG,0,False,0.4287350901832154,0.5712649098167846,-0.09507443362630846,0.047455386007260736,0.09507443362630846,UNDERDOG,0,False
2025-11-03,Houston,Dallas,12.5,-106.0,102.0,0.5145631067961165,0.49504950495049505,0.0,Home Favorite,0.5623664045503163,0.4376335954496837,0.04780329775419978,-0.057415909500811324,0.057415909500811324,FAVORITE,1,False,0.5157669073000704,0.48423309269992965,0.0012038005039538557,-0.0108164122505654,0.0108164122505654,FAVORITE,1,False,0.4487747646586122,0.5512252353413878,-0.06578834213750429,0.05617573039089274,0.06578834213750429,UNDERDOG,0,True
2025-11-03,Detroit,Memphis,4.5,100.0,-105.0,0.5,0.5121951219512195,1.0,Away Favorite,0.41293528390881307,0.5870647160911869,-0.08706471609118693,0.07486959413996741,0.08706471609118693,UNDERDOG,0,False,0.35230224492229656,0.6476977550777034,-0.14769775507770344,0.13550263312648392,0.14769775507770344,UNDERDOG,0,False,0.2783713496759304,0.7216286503240696,-0.2216286503240696,0.20943352837285012,0.2216286503240696,UNDERDOG,0,False
2025-11-03,Denver,Sacramento,11.5,-108.0,106.0,0.5192307692307693,0.4854368932038835,0.0,Home Favorite,0.7336886590470152,0.2663113409529848,0.21445788981624592,-0.2191255522508987,0.2191255522508987,FAVORITE,1,False,0.856609144143017,0.14339085585698297,0.33737837491224776,-0.34204603734690053,0.34204603734690053,FAVORITE,1,False,0.5562280876782761,0.44377191232172386,0.036997318447506866,-0.04166498088215964,0.04166498088215964,FAVORITE,1,False
2025-11-03,Portland,La Lakers,3.5,106.0,-113.0,0.4854368932038835,0.5305164319248826,0.0,Home Favorite,0.4942199169029999,0.5057800830970001,0.008783023699116377,-0.02473634882788256,0.02473634882788256,FAVORITE,0,True,0.43939044831306423,0.5606095516869358,-0.04604644489081927,0.0300931197620532,0.04604644489081927,UNDERDOG,0,True,0.3989896389990749,0.6010103610009251,-0.08644725420480859,0.07049392907604246,0.08644725420480859,UNDERDOG,0,True
2025-11-03,La Clippers,Miami,8.5,109.0,-111.0,0.4784688995215311,0.5260663507109005,0.0,Away Favorite,0.5079297088442633,0.49207029115573675,0.02946080932273215,-0.033996059555163716,0.033996059555163716,FAVORITE,1,False,0.5826118400251576,0.41738815997484235,0.10414294050362655,-0.10867819073605811,0.10867819073605811,FAVORITE,1,False,0.47742216853039543,0.5225778314696046,-0.0010467309911356693,-0.0034885192412958954,0.0034885192412958954,FAVORITE,0,True
2025-11-04,Toronto,Milwaukee,3.5,105.0,-114.0,0.4878048780487805,0.5327102803738317,1.0,Home Favorite,0.48893541937161433,0.5110645806283857,0.0011305413228338557,-0.021645699745446056,0.021645699745446056,FAVORITE,0,False,0.41425375805303877,0.5857462419469612,-0.07355111999574171,0.05303596157312951,0.07355111999574171,UNDERDOG,0,False,0.3676658478713476,0.6323341521286524,-0.12013903017743288,0.09962387175482068,0.12013903017743288,UNDERDOG,0,False
2025-11-04,Orlando,Atlanta,3.5,100.0,-103.0,0.5,0.5073891625615764,0.0,Away Favorite,0.7743535015670415,0.22564649843295848,0.2743535015670415,-0.2817426641286179,0.2817426641286179,FAVORITE,1,False,0.9945076616863189,0.005492338313681122,0.4945076616863189,-0.5018968242478953,0.5018968242478953,FAVORITE,1,False,0.5118839002123698,0.48811609978763015,0.011883900212369847,-0.019273062773946248,0.019273062773946248,FAVORITE,1,False
2025-11-04,Chicago,Philadelphia,1.5,103.0,-106.0,0.49261083743842365,0.5145631067961165,1.0,Home Favorite,0.42458534199786785,0.5754146580021322,-0.0680254954405558,0.06085155120601571,0.0680254954405558,UNDERDOG,0,False,0.30251438401014535,0.6974856159898546,-0.1900964534282783,0.1829225091937381,0.1900964534282783,UNDERDOG,0,False,0.4018144893899203,0.5981855106100797,-0.09079634804850334,0.08362240381396324,0.09079634804850334,UNDERDOG,0,False
2025-11-04,New Orleans,Charlotte,2.5,-110.0,-110.0,0.5238095238095238,0.5238095238095238,1.0,Home Favorite,0.40426406140734883,0.5957359385926512,-0.119545462402175,0.07192641478312733,0.119545462402175,UNDERDOG,0,False,0.25876140174252155,0.7412385982574785,-0.2650481220670023,0.21742907444795467,0.2650481220670023,UNDERDOG,0,False,0.35469221762128866,0.6453077823787113,-0.16911730618823517,0.1214982585691875,0.16911730618823517,UNDERDOG,0,False
2025-11-04,Golden State,Phoenix,10.5,-112.0,104.0,0.5283018867924528,0.49019607843137253,0.0,Away Favorite,0.28602457709678675,0.7139754229032133,-0.24227730969566608,0.22377934447184072,0.24227730969566608,UNDERDOG,0,True,0.27440572980902783,0.7255942701909721,-0.253896156983425,0.23539819175959958,0.253896156983425,UNDERDOG,0,True,0.32594313129540753,0.6740568687045925,-0.2023587554970453,0.18386079027321994,0.2023587554970453,UNDERDOG,0,True
2025-11-04,Okla City,La Clippers,7.5,106.0,-109.0,0.4854368932038835,0.5215311004784688,1.0,Away Favorite,0.47307223139982446,0.5269277686001755,-0.01236466180405904,0.005396668121706694,0.01236466180405904,UNDERDOG,0,False,0.48811524636048415,0.5118847536395159,0.0026783531566006435,-0.009646346838952935,0.009646346838952935,FAVORITE,0,False,0.28179162561213245,0.7182083743878676,-0.20364526759175106,0.1966772739093987,0.20364526759175106,UNDERDOG,0,False
2025-11-05,Cleveland,Philadelphia,9.5,-116.0,113.0,0.5370370370370371,0.4694835680751174,1.0,Home Favorite,0.33558085396683346,0.6644191460331665,-0.20145618307020363,0.19493557795804917,0.20145618307020363,UNDERDOG,0,False,0.1352830273501211,0.8647169726498789,-0.401754009686916,0.3952334045747615,0.401754009686916,UNDERDOG,0,False,0.5878003101587472,0.41219968984125277,0.05076327312171014,-0.057283878233864605,0.057283878233864605,FAVORITE,1,True
2025-11-05,Detroit,Utah,9.5,-110.0,-110.0,0.5238095238095238,0.5238095238095238,1.0,Home Favorite,0.3221187575422249,0.6778812424577751,-0.20169076626729893,0.1540717186482513,0.20169076626729893,UNDERDOG,0,False,0.1760596919063156,0.8239403080936845,-0.34774983190320824,0.3001307842841606,0.34774983190320824,UNDERDOG,0,False,0.4659955406398933,0.5340044593601068,-0.057813983169630545,0.010194935550582929,0.057813983169630545,UNDERDOG,0,False
2025-11-05,Indiana,Brooklyn,6.5,-104.0,-103.0,0.5098039215686274,0.5073891625615764,0.0,Home Favorite,0.5666860939237671,0.4333139060762329,0.056882172355139704,-0.07407525648534352,0.07407525648534352,FAVORITE,1,False,0.6098642098596809,0.39013579014031907,0.10006028829105351,-0.11725337242125733,0.11725337242125733,FAVORITE,1,False,0.435813549871703,0.5641864501282969,-0.0739903716969244,0.05679728756672053,0.0739903716969244,UNDERDOG,0,True
2025-11-05,Boston,Washington,12.5,-106.0,-102.0,0.5145631067961165,0.504950495049505,1.0,Home Favorite,0.40503386874373765,0.5949661312562624,-0.10952923805237885,0.09001563620675745,0.10952923805237885,UNDERDOG,0,False,0.3210145438753804,0.6789854561246196,-0.19354856292073608,0.17403496107511462,0.19354856292073608,UNDERDOG,0,False,0.24342528190114224,0.7565747180988578,-0.2711378248949743,0.25162422304935284,0.2711378248949743,UNDERDOG,0,False
2025-11-05,New York,Minnesota,4.5,-110.0,-110.0,0.5238095238095238,0.5238095238095238,1.0,Home Favorite,0.4642115558367224,0.5357884441632776,-0.059597967972801424,0.011978920353753808,0.059597967972801424,UNDERDOG,0,False,0.39590668335172685,0.6040933166482731,-0.12790284045779698,0.08028379283874931,0.12790284045779698,UNDERDOG,0,False,0.4897373619198,0.5102626380802,-0.03407216188972384,-0.013546885729323832,0.03407216188972384,UNDERDOG,0,False
2025-11-05,Houston,Memphis,7.5,-106.0,-102.0,0.5145631067961165,0.504950495049505,1.0,Away Favorite,0.6713680788742157,0.3286319211257843,0.15680497207809918,-0.17631857392372063,0.17631857392372063,FAVORITE,1,True,0.866248143026884,0.13375185697311598,0.3516850362307675,-0.371198638076389,0.371198638076389,FAVORITE,1,True,0.6314348633613871,0.3685651366386129,0.1168717565652706,-0.13638535841089205,0.13638535841089205,FAVORITE,1,True
2025-11-05,Dallas,New Orleans,7.5,-110.0,-110.0,0.5238095238095238,0.5238095238095238,0.0,Home Favorite,0.5428201207757142,0.4571798792242858,0.01901059696619034,-0.06662964458523801,0.06662964458523801,FAVORITE,1,False,0.6535738088002768,0.3464261911997232,0.129764284990753,-0.17738333260980066,0.17738333260980066,FAVORITE,1,False,0.6663947881384247,0.3336052118615753,0.14258526432890084,-0.1902043119479485,0.1902043119479485,FAVORITE,1,False
2025-11-05,Denver,Miami,9.5,-101.0,-106.0,0.5024875621890548,0.5145631067961165,1.0,Home Favorite,0.640218949746748,0.359781050253252,0.1377313875576932,-0.15478205654286448,0.15478205654286448,FAVORITE,1,True,0.6825403975364935,0.31745960246350646,0.18005283534743877,-0.19710350433261004,0.19710350433261004,FAVORITE,1,True,0.5479934312006612,0.45200656879933876,0.04550586901160647,-0.06255653799677774,0.06255653799677774,FAVORITE,1,True
2025-11-05,La Lakers,San Antonio,2.5,100.0,-104.0,0.5,0.5098039215686274,0.0,Away Favorite,0.31786493687215045,0.6821350631278496,-0.18213506312784955,0.17233114155922213,0.18213506312784955,UNDERDOG,0,True,0.19827264197089584,0.8017273580291042,-0.30172735802910416,0.2919234364604768,0.30172735802910416,UNDERDOG,0,True,0.32550550907497494,0.674494490925025,-0.17449449092502506,0.1646905693563976,0.17449449092502506,UNDERDOG,0,True
2025-11-05,Okla City,Portland,4.5,107.0,-111.0,0.4830917874396135,0.5260663507109005,0.0,Away Favorite,0.5171231113702376,0.4828768886297624,0.03403132393062408,-0.04318946208113805,0.04318946208113805,FAVORITE,1,False,0.6352192675884911,0.3647807324115089,0.15212748014887761,-0.1612856182993916,0.1612856182993916,FAVORITE,1,False,0.45109277085948635,0.5489072291405137,-0.03199901658012716,0.022840878429613243,0.03199901658012716,UNDERDOG,0,True
2025-11-05,Sacramento,Golden State,2.5,-116.0,107.0,0.5370370370370371,0.4830917874396135,1.0,Home Favorite,0.4000887667338438,0.5999112332661563,-0.1369482703031933,0.11681944582654274,0.1369482703031933,UNDERDOG,0,False,0.3220878576395913,0.6779121423604086,-0.2149491793974458,0.19482035492079514,0.2149491793974458,UNDERDOG,0,False,0.4169422164650325,0.5830577835349675,-0.1200948205720046,0.099965996095354,0.1200948205720046,UNDERDOG,0,False
2025-11-06,Phoenix,La Clippers,2.5,-107.0,104.0,0.5169082125603864,0.49019607843137253,0.0,Away Favorite,0.3901969287128809,0.6098030712871191,-0.12671128384750552,0.11960699285574655,0.12671128384750552,UNDERDOG,0,True,0.4159733123456464,0.5840266876543536,-0.10093490021474005,0.09383060922298109,0.10093490021474005,UNDERDOG,0,True,0.3847452313628168,0.6152547686371832,-0.13216298119756964,0.12505869020581067,0.13216298119756964,UNDERDOG,0,True
2025-11-07,Orlando,Boston,3.5,100.0,-106.0,0.5,0.5145631067961165,1.0,Home Favorite,0.4192638587290397,0.5807361412709603,-0.0807361412709603,0.0661730344748438,0.0807361412709603,UNDERDOG,0,False,0.2446555583147115,0.7553444416852885,-0.25534444168528847,0.24078133488917197,0.25534444168528847,UNDERDOG,0,False,0.4352760660926321,0.564723933907368,-0.06472393390736791,0.05016082711125147,0.06472393390736791,UNDERDOG,0,False
2025-11-07,Cleveland,Washington,13.5,-101.0,101.0,0.5024875621890548,0.4975124378109453,1.0,Away Favorite,0.3818740087266226,0.6181259912733774,-0.12061355346243219,0.12061355346243213,0.12061355346243219,UNDERDOG,0,False,0.2720509117814181,0.727949088218582,-0.23043665040763667,0.23043665040763667,0.23043665040763667,UNDERDOG,0,False,0.4115822510822511,0.5884177489177489,-0.09090531110680367,0.09090531110680361,0.09090531110680367,UNDERDOG,0,False
2025-11-07,Atlanta,Toronto,2.5,101.0,-107.0,0.4975124378109453,0.5169082125603864,0.0,Home Favorite,0.4671570464740449,0.5328429535259551,-0.030355391336900406,0.015934740965568683,0.030355391336900406,UNDERDOG,0,True,0.4536962578055637,0.5463037421944363,-0.043816180005381566,0.0293955296340499,0.043816180005381566,UNDERDOG,0,True,0.43972831794702605,0.560271682052974,-0.05778411986391924,0.043363469492587514,0.05778411986391924,UNDERDOG,0,True
2025-11-07,Detroit,Brooklyn,10.5,101.0,-104.0,0.4975124378109453,0.5098039215686274,1.0,Away Favorite,0.3816257468398227,0.6183742531601772,-0.11588669097112259,0.10857033159154983,0.11588669097112259,UNDERDOG,0,False,0.3563232141326259,0.6436767858673741,-0.14118922367831938,0.13387286429874667,0.14118922367831938,UNDERDOG,0,False,0.23774201350846128,0.7622579864915388,-0.259770424302484,0.25245406492291134,0.259770424302484,UNDERDOG,0,False
2025-11-07,Houston,San Antonio,4.5,107.0,-116.0,0.4830917874396135,0.5370370370370371,0.0,Away Favorite,0.6315104661940617,0.3684895338059383,0.1484186787544482,-0.1685475032310988,0.1685475032310988,FAVORITE,1,False,0.7345603560474473,0.2654396439525527,0.2514685686078338,-0.2715973930844844,0.2715973930844844,FAVORITE,1,False,0.5695116791663347,0.4304883208336653,0.08641989172672121,-0.10654871620337181,0.10654871620337181,FAVORITE,1,False
2025-11-07,Miami,Charlotte,4.5,-109.0,103.0,0.5215311004784688,0.49261083743842365,1.0,Home Favorite,0.6749792345909836,0.32502076540901637,0.1534481341125148,-0.1675900720294073,0.1675900720294073,FAVORITE,1,True,0.814090607513943,0.18590939248605698,0.2925595070354742,-0.3067014449523667,0.3067014449523667,FAVORITE,1,True,0.613248520349044,0.386751479650956,0.09171741987057513,-0.10585935778746763,0.10585935778746763,FAVORITE,1,True
2025-11-07,Memphis,Dallas,4.5,100.0,-105.0,0.5,0.5121951219512195,1.0,Home Favorite,0.41469113654793316,0.5853088634520669,-0.08530886345206684,0.07311374150084737,0.08530886345206684,UNDERDOG,0,False,0.36043793632532983,0.6395620636746702,-0.13956206367467017,0.12736694172345064,0.13956206367467017,UNDERDOG,0,False,0.45571834450959087,0.5442816554904091,-0.04428165549040913,0.032086533539189555,0.04428165549040913,UNDERDOG,0,False
2025-11-07,Milwaukee,Chicago,4.5,-101.0,-103.0,0.5024875621890548,0.5073891625615764,1.0,Home Favorite,0.5412234724683096,0.4587765275316904,0.038735910279254826,-0.048612635029886,0.048612635029886,FAVORITE,1,True,0.6266237596084134,0.37337624039158657,0.12413619741935866,-0.13401292216998983,0.13401292216998983,FAVORITE,1,True,0.6055814989306384,0.3944185010693616,0.10309393674158362,-0.1129706614922148,0.1129706614922148,FAVORITE,1,True
2025-11-07,Minnesota,Utah,11.5,-110.0,-110.0,0.5238095238095238,0.5238095238095238,1.0,Home Favorite,0.36907795342962985,0.6309220465703702,-0.154731570379894,0.10711252276084637,0.154731570379894,UNDERDOG,0,False,0.24560728261220877,0.7543927173877912,-0.27820224119731507,0.2305831935782674,0.27820224119731507,UNDERDOG,0,False,0.4635138663864261,0.5364861336135739,-0.060295657423097726,0.012676609804050054,0.060295657423097726,UNDERDOG,0,False
2025-11-07,Denver,Golden State,10.5,101.0,-111.0,0.4975124378109453,0.5260663507109005,1.0,Home Favorite,0.6545953548593576,0.3454046451406424,0.15708291704841232,-0.18066170557025807,0.18066170557025807,FAVORITE,1,True,0.8121640782599768,0.18783592174002317,0.31465164044903154,-0.3382304289708773,0.3382304289708773,FAVORITE,1,True,0.6551142356959702,0.34488576430402984,0.15760179788502487,-0.18118058640687063,0.18118058640687063,FAVORITE,1,True
2025-11-07,Okla City,Sacramento,10.5,-112.0,108.0,0.5283018867924528,0.4807692307692308,1.0,Away Favorite,0.7275657129338724,0.2724342870661276,0.19926382614141958,-0.20833494370310318,0.20833494370310318,FAVORITE,1,True,0.9177052614757513,0.08229473852424873,0.38940337468329844,-0.39847449224498205,0.39847449224498205,FAVORITE,1,True,0.6233856340080463,0.37661436599195375,0.09508374721559343,-0.10415486477727703,0.10415486477727703,FAVORITE,1,True
2025-11-08,Dallas,Washington,4.5,-111.0,105.0,0.5260663507109005,0.4878048780487805,1.0,Away Favorite,0.42676820499345247,0.5732317950065475,-0.099298145717448,0.08542691695776705,0.099298145717448,UNDERDOG,0,False,0.38931296896004014,0.6106870310399599,-0.13675338175086033,0.12288215299117944,0.13675338175086033,UNDERDOG,0,False,0.5365132304720838,0.46348676952791623,0.010446879761183303,-0.024318108520864246,0.024318108520864246,FAVORITE,1,True
2025-11-08,Philadelphia,Toronto,5.5,101.0,-110.0,0.4975124378109453,0.5238095238095238,1.0,Home Favorite,0.47174452623441787,0.5282554737655821,-0.025767911576527414,0.004445949956058293,0.025767911576527414,UNDERDOG,0,False,0.4676770279079094,0.5323229720920906,-0.029835409903035903,0.008513448282566727,0.029835409903035903,UNDERDOG,0,False,0.4828264125630812,0.5171735874369188,-0.01468602524786411,-0.006635936372605067,0.01468602524786411,UNDERDOG,0,False
2025-11-08,La Lakers,Atlanta,3.5,-105.0,103.0,0.5121951219512195,0.49261083743842365,0.0,Away Favorite,0.3134799700305256,0.6865200299694745,-0.19871515192069394,0.19390919253105082,0.19871515192069394,UNDERDOG,0,True,0.170438001861074,0.829561998138926,-0.3417571200901455,0.3369511607005023,0.3417571200901455,UNDERDOG,0,True,0.22110231790224688,0.7788976820977531,-0.29109280404897264,0.28628684465932946,0.29109280404897264,UNDERDOG,0,True
2025-11-08,Cleveland,Chicago,8.5,-102.0,-102.0,0.504950495049505,0.504950495049505,0.0,Home Favorite,0.5431560733753116,0.4568439266246884,0.03820557832580662,-0.04810656842481653,0.04810656842481653,FAVORITE,1,False,0.678643647897637,0.321356352102363,0.17369315284813203,-0.18359414294714194,0.18359414294714194,FAVORITE,1,False,0.6292936485844853,0.37070635141551467,0.12434315353498038,-0.1342441436339903,0.1342441436339903,FAVORITE,1,False
2025-11-08,Portland,Miami,3.5,-108.0,100.0,0.5192307692307693,0.5,0.0,Away Favorite,0.35462955633596244,0.6453704436640375,-0.16460121289480684,0.1453704436640375,0.16460121289480684,UNDERDOG,0,True,0.2424410932986533,0.7575589067013467,-0.276789675932116,0.25755890670134673,0.276789675932116,UNDERDOG,0,True,0.33800560362020277,0.6619943963797972,-0.1812251656105665,0.16199439637979718,0.1812251656105665,UNDERDOG,0,True
2025-11-08,San Antonio,New Orleans,10.5,-110.0,-110.0,0.5238095238095238,0.5238095238095238,0.0,Home Favorite,0.5745854177496033,0.42541458225039674,0.05077589394007942,-0.09839494155912709,0.09839494155912709,FAVORITE,1,False,0.6601345755767212,0.33986542442327883,0.13632505176719734,-0.183944099386245,0.183944099386245,FAVORITE,1,False,0.5959601103136184,0.4040398896863816,0.07215058650409456,-0.11976963412314223,0.11976963412314223,FAVORITE,1,False
2025-11-08,Denver,Indiana,12.5,109.0,-114.0,0.4784688995215311,0.5327102803738317,1.0,Home Favorite,0.5331602370784873,0.46683976292151275,0.054691337556956154,-0.06587051745231898,0.06587051745231898,FAVORITE,1,True,0.5660018680550206,0.4339981319449794,0.08753296853348952,-0.09871214842885234,0.09871214842885234,FAVORITE,1,True,0.5198075247080509,0.4801924752919491,0.04133862518651982,-0.05251780508188264,0.05251780508188264,FAVORITE,1,True
2025-11-08,La Clippers,Phoenix,5.5,103.0,-110.0,0.49261083743842365,0.5238095238095238,1.0,Away Favorite,0.35010887915291933,0.6498911208470807,-0.14250195828550433,0.12608159703755684,0.14250195828550433,UNDERDOG,0,False,0.2629270390592722,0.7370729609407278,-0.22968379837915143,0.213263437131204,0.22968379837915143,UNDERDOG,0,False,0.307917994377982,0.692082005622018,-0.18469284306044165,0.1682724818124942,0.18469284306044165,UNDERDOG,0,False
2025-11-09,Houston,Milwaukee,4.5,102.0,-106.0,0.49504950495049505,0.5145631067961165,1.0,Away Favorite,0.5053907032278135,0.49460929677218646,0.010341198277318497,-0.01995381002393004,0.01995381002393004,FAVORITE,1,True,0.5204905381241884,0.47950946187581156,0.025441033173693395,-0.03505364492030494,0.03505364492030494,FAVORITE,1,True,0.531035998869599,0.46896400113040104,0.03598649391910391,-0.045599105665715456,0.045599105665715456,FAVORITE,1,True
2025-11-09,New York,Brooklyn,15.5,-110.0,-110.0,0.5238095238095238,0.5238095238095238,1.0,Home Favorite,0.6188018961043493,0.3811981038956507,0.09499237229482549,-0.14261141991387316,0.14261141991387316,FAVORITE,1,True,0.7915907000255115,0.20840929997448854,0.2677811762159876,-0.3154002238350353,0.3154002238350353,FAVORITE,1,True,0.5542735586346011,0.44572644136539885,0.030464034825077313,-0.07808308244412498,0.07808308244412498,FAVORITE,1,True
2025-11-09,Orlando,Boston,3.5,-111.0,104.0,0.5260663507109005,0.49019607843137253,0.0,Home Favorite,0.420177754214423,0.5798222457855771,-0.10588859649647747,0.08962616735420453,0.10588859649647747,UNDERDOG,0,True,0.27951967936541067,0.7204803206345893,-0.2465466713454898,0.2302842422032168,0.2465466713454898,UNDERDOG,0,True,0.43778500148815574,0.5622149985118443,-0.08828134922274472,0.07201892008047178,0.08828134922274472,UNDERDOG,0,True
2025-11-09,Okla City,Memphis,10.5,-104.0,101.0,0.5098039215686274,0.4975124378109453,1.0,Away Favorite,0.5559682367074158,0.4440317632925842,0.04616431513878838,-0.05348067451836108,0.05348067451836108,FAVORITE,1,True,0.642035790652099,0.35796420934790096,0.13223186908347162,-0.13954822846304432,0.13954822846304432,FAVORITE,1,True,0.5251198466370567,0.4748801533629433,0.01531592506842927,-0.02263228444800197,0.02263228444800197,FAVORITE,1,True
2025-11-09,Detroit,Philadelphia,4.5,103.0,-109.0,0.49261083743842365,0.5215311004784688,0.0,Away Favorite,0.43810976877636726,0.5618902312236327,-0.054501068662056396,0.04035913074516384,0.054501068662056396,UNDERDOG,0,True,0.43207820004221464,0.5679217999577854,-0.06053263739620901,0.04639069947931651,0.06053263739620901,UNDERDOG,0,True,0.48264298490929264,0.5173570150907074,-0.009967852529131016,-0.004174085387761428,0.009967852529131016,UNDERDOG,0,True
2025-11-09,Golden State,Indiana,12.5,-103.0,101.0,0.5073891625615764,0.4975124378109453,0.0,Away Favorite,0.38138820941465096,0.618611790585349,-0.12600095314692544,0.1210993527744037,0.12600095314692544,UNDERDOG,0,True,0.35015905553133414,0.6498409444686659,-0.15723010703024226,0.15232850665772063,0.15723010703024226,UNDERDOG,0,True,0.26551516671706543,0.7344848332829346,-0.24187399584451097,0.23697239547198928,0.24187399584451097,UNDERDOG,0,True
2025-11-09,Minnesota,Sacramento,5.5,104.0,-105.0,0.49019607843137253,0.5121951219512195,1.0,Away Favorite,0.5340549559047693,0.46594504409523074,0.04385887747339673,-0.04625007785598878,0.04625007785598878,FAVORITE,1,True,0.5841457742265654,0.41585422577343456,0.09394969579519291,-0.09634089617778496,0.09634089617778496,FAVORITE,1,True,0.5214133084147149,0.4785866915852851,0.031217229983342365,-0.033608430365934416,0.033608430365934416,FAVORITE,1,True
2025-11-10,La Lakers,Charlotte,8.5,-104.0,-105.0,0.5098039215686274,0.5121951219512195,1.0,Away Favorite,0.5537786927420432,0.44622130725795683,0.04397477117341575,-0.06597381469326269,0.06597381469326269,FAVORITE,1,True,0.5328450837900529,0.4671549162099471,0.023041162221425493,-0.04504020574127243,0.04504020574127243,FAVORITE,1,True,0.6546043641043642,0.3453956358956358,0.14480044253573676,-0.1667994860555837,0.1667994860555837,FAVORITE,1,True
2025-11-10,Detroit,Washington,11.5,-109.0,104.0,0.5215311004784688,0.49019607843137253,0.0,Home Favorite,0.4572981862008756,0.5427018137991244,-0.06423291427759326,0.05250573536775188,0.06423291427759326,UNDERDOG,0,True,0.47393098845084763,0.5260690115491524,-0.04760011202762121,0.03587293311777989,0.04760011202762121,UNDERDOG,0,True,0.4683725604081893,0.5316274395918107,-0.053158540070279536,0.04143136116043816,0.053158540070279536,UNDERDOG,0,True
2025-11-10,Orlando,Portland,2.5,104.0,-108.0,0.49019607843137253,0.5192307692307693,1.0,Home Favorite,0.5384410944208164,0.46155890557918355,0.04824501598944392,-0.05767186365158572,0.05767186365158572,FAVORITE,1,True,0.5170404496990528,0.48295955030094717,0.0268443712676803,-0.0362712189298221,0.0362712189298221,FAVORITE,1,True,0.6802321599398602,0.3197678400601398,0.19003608150848766,-0.19946292917062947,0.19946292917062947,FAVORITE,1,True
2025-11-10,Cleveland,Miami,7.5,-102.0,100.0,0.504950495049505,0.5,0.0,Away Favorite,0.3156655267262406,0.6843344732737594,-0.18928496832326436,0.1843344732737594,0.18928496832326436,UNDERDOG,0,True,0.17464930903454567,0.8253506909654543,-0.3303011860149593,0.3253506909654543,0.3303011860149593,UNDERDOG,0,True,0.2178079433557146,0.7821920566442854,-0.2871425516937903,0.28219205664428537,0.2871425516937903,UNDERDOG,0,True
2025-11-10,San Antonio,Chicago,4.5,101.0,-108.0,0.4975124378109453,0.5192307692307693,0.0,Away Favorite,0.34994055151394626,0.6500594484860538,-0.14757188629699902,0.13082867925528452,0.14757188629699902,UNDERDOG,0,True,0.23555343781359814,0.7644465621864018,-0.2619589999973472,0.24521579295563256,0.2619589999973472,UNDERDOG,0,True,0.3419697170171688,0.6580302829828313,-0.1555427207937765,0.138799513752062,0.1555427207937765,UNDERDOG,0,True
2025-11-10,Milwaukee,Dallas,2.5,102.0,-106.0,0.49504950495049505,0.5145631067961165,0.0,Away Favorite,0.27270983520586,0.72729016479414,-0.22233966974463504,0.2127270579980235,0.22233966974463504,UNDERDOG,0,True,0.10928923736058166,0.8907107626394184,-0.3857602675899134,0.3761476558433019,0.3857602675899134,UNDERDOG,0,True,0.17952271719219418,0.8204772828078059,-0.3155267877583009,0.30591417601168935,0.3155267877583009,UNDERDOG,0,True
2025-11-10,Phoenix,New Orleans,9.5,-110.0,-110.0,0.5238095238095238,0.5238095238095238,1.0,Home Favorite,0.531624606144346,0.46837539385565397,0.007815082334822199,-0.05543412995386987,0.05543412995386987,FAVORITE,1,True,0.5003009387552276,0.49969906124477237,-0.023508585054296205,-0.024110462564751467,0.024110462564751467,FAVORITE,1,True,0.4831534259977102,0.5168465740022898,-0.04065609781181362,-0.006962949807233998,0.04065609781181362,UNDERDOG,0,False
2025-11-10,Minnesota,Utah,7.5,-110.0,-110.0,0.5238095238095238,0.5238095238095238,0.0,Away Favorite,0.5189125345308597,0.4810874654691403,-0.00489698927866411,-0.04272205834038356,0.04272205834038356,FAVORITE,1,False,0.5622097764211205,0.43779022357887953,0.03840025261159663,-0.0860193002306443,0.0860193002306443,FAVORITE,1,False,0.5072039992032293,0.49279600079677066,-0.016605524606294497,-0.031013523012753175,0.031013523012753175,FAVORITE,1,False
2025-11-10,La Clippers,Atlanta,4.5,-108.0,103.0,0.5192307692307693,0.49261083743842365,0.0,Away Favorite,0.33280203165273087,0.6671979683472691,-0.1864287375780384,0.17458713090884542,0.1864287375780384,UNDERDOG,0,True,0.2555175730725178,0.7444824269274821,-0.26371319615825145,0.25187158948905847,0.26371319615825145,UNDERDOG,0,True,0.4653300137148799,0.5346699862851201,-0.053900755515889354,0.042059148846696426,0.053900755515889354,UNDERDOG,0,True
2025-11-11,Toronto,Brooklyn,10.5,108.0,-110.0,0.4807692307692308,0.5238095238095238,0.0,Away Favorite,0.7013658874846035,0.2986341125153965,0.2205966567153727,-0.22517541129412733,0.22517541129412733,FAVORITE,1,False,0.7991575764073579,0.20084242359264215,0.31838834563812707,-0.3229671002168817,0.3229671002168817,FAVORITE,1,False,0.529004506160777,0.470995493839223,0.048235275391546206,-0.052814029970300824,0.052814029970300824,FAVORITE,1,False
2025-11-11,New York,Memphis,9.5,-110.0,-110.0,0.5238095238095238,0.5238095238095238,1.0,Home Favorite,0.49201650274571573,0.5079834972542843,-0.0317930210638081,-0.01582602655523957,0.0317930210638081,UNDERDOG,0,False,0.5580527249168012,0.44194727508319875,0.03424320110727741,-0.08186224872632508,0.08186224872632508,FAVORITE,1,True,0.6170193887862998,0.3829806112137002,0.09320986497677597,-0.14082891259582364,0.14082891259582364,FAVORITE,1,True
2025-11-11,Philadelphia,Boston,1.5,-102.0,-104.0,0.504950495049505,0.5098039215686274,1.0,Home Favorite,0.5192164481451963,0.4807835518548037,0.014265953095691342,-0.029020369713823713,0.029020369713823713,FAVORITE,1,True,0.5622382925303738,0.43776170746962617,0.057287797480868874,-0.07204221409900124,0.07204221409900124,FAVORITE,1,True,0.6034132182959895,0.3965867817040105,0.09846272324648453,-0.1132171398646169,0.1132171398646169,FAVORITE,1,True
2025-11-11,Okla City,Golden State,7.5,-106.0,101.0,0.5145631067961165,0.4975124378109453,0.0,Away Favorite,0.5027858988510177,0.49721410114898235,-0.011777207945098844,-0.00029833666196293906,0.011777207945098844,UNDERDOG,1,False,0.537491976068623,0.462508023931377,0.02292886927250648,-0.035004413879568264,0.035004413879568264,FAVORITE,1,False,0.46900280376867004,0.53099719623133,-0.04556030302744646,0.03348475842038473,0.04556030302744646,UNDERDOG,0,True
2025-11-11,Indiana,Utah,2.5,-110.0,-110.0,0.5238095238095238,0.5238095238095238,0.0,Away Favorite,0.33495222731124275,0.6650477726887573,-0.1888572964982811,0.14123824887923342,0.1888572964982811,UNDERDOG,0,True,0.158259158169885,0.841740841830115,-0.36555036563963883,0.31793131802059116,0.36555036563963883,UNDERDOG,0,True,0.3665820445277992,0.6334179554722008,-0.15722747928172465,0.10960843166267698,0.15722747928172465,UNDERDOG,0,True
2025-11-11,Denver,Sacramento,8.5,-109.0,101.0,0.5215311004784688,0.4975124378109453,1.0,Away Favorite,0.5449654257772564,0.4550345742227436,0.02343432529878753,-0.04247786358820166,0.04247786358820166,FAVORITE,1,True,0.6300544003711492,0.36994559962885076,0.10852329989268039,-0.12756683818209452,0.12756683818209452,FAVORITE,1,True,0.6384220290216205,0.3615779709783795,0.11689092854315164,-0.13593446683256577,0.13593446683256577,FAVORITE,1,True
2025-11-12,Milwaukee,Charlotte,4.5,-113.0,104.0,0.5305164319248826,0.49019607843137253,0.0,Away Favorite,0.6388825021728463,0.36111749782715374,0.10836607024796363,-0.12907858060421878,0.12907858060421878,FAVORITE,1,False,0.6846507770327669,0.3153492229672331,0.15413434510788426,-0.17484685546413942,0.17484685546413942,FAVORITE,1,False,0.6069271249583749,0.39307287504162514,0.07641069303349224,-0.09712320338974739,0.09712320338974739,FAVORITE,1,False
2025-11-12,Detroit,Chicago,1.5,104.0,-117.0,0.49019607843137253,0.5391705069124424,0.0,Away Favorite,0.5925178633435128,0.40748213665648725,0.10232178491214022,-0.13168837025595515,0.13168837025595515,FAVORITE,1,False,0.582138274676769,0.41786172532323096,0.09194219624539651,-0.12130878158921143,0.12130878158921143,FAVORITE,1,False,0.6566963991638716,0.34330360083612843,0.16650032073249904,-0.19586690607631396,0.19586690607631396,FAVORITE,1,False
2025-11-12,New York,Orlando,4.5,-110.0,-110.0,0.5238095238095238,0.5238095238095238,0.0,Home Favorite,0.46995092872393335,0.5300490712760666,-0.05385859508559049,0.006239547466542761,0.05385859508559049,UNDERDOG,0,True,0.4512791760094252,0.5487208239905748,-0.07253034780009865,0.02491130018105092,0.07253034780009865,UNDERDOG,0,True,0.5870520369970401,0.4129479630029599,0.06324251318751628,-0.11086156080656395,0.11086156080656395,FAVORITE,1,False
2025-11-12,Boston,Memphis,6.5,-102.0,-104.0,0.504950495049505,0.5098039215686274,1.0,Home Favorite,0.5363238507679013,0.46367614923209866,0.03137335571839639,-0.04612777233652876,0.04612777233652876,FAVORITE,1,True,0.4920864377301664,0.5079135622698336,-0.01286405731933854,-0.0018903592987937756,0.01286405731933854,UNDERDOG,0,False,0.38600812190579703,0.613991878094203,-0.11894237314370792,0.10418795652557555,0.11894237314370792,UNDERDOG,0,False
2025-11-12,Miami,Cleveland,5.5,-106.0,103.0,0.5145631067961165,0.49261083743842365,0.0,Home Favorite,0.5984376072117517,0.40156239278824835,0.08387450041563516,-0.09104844465017531,0.09104844465017531,FAVORITE,1,False,0.6727971662893373,0.3272028337106627,0.15823405949322078,-0.16540800372776093,0.16540800372776093,FAVORITE,1,False,0.538772866009766,0.46122713399023396,0.02420975921364954,-0.03138370344818969,0.03138370344818969,FAVORITE,1,False
2025-11-12,Houston,Washington,16.5,-110.0,101.0,0.5238095238095238,0.4975124378109453,1.0,Home Favorite,0.7421996987345647,0.2578003012654353,0.21839017492504087,-0.23971213654551,0.23971213654551,FAVORITE,1,True,0.897680638467818,0.10231936153218202,0.37387111465829415,-0.39519307627876327,0.39519307627876327,FAVORITE,1,True,0.5215003700577103,0.4784996299422897,-0.0023091537518135086,-0.019012807868655612,0.019012807868655612,FAVORITE,1,True
2025-11-12,Portland,New Orleans,8.5,-110.0,-110.0,0.5238095238095238,0.5238095238095238,0.0,Away Favorite,0.6397749666525017,0.36022503334749834,0.11596544284297783,-0.1635844904620255,0.1635844904620255,FAVORITE,1,False,0.661312333848288,0.338687666151712,0.1375028100387642,-0.18512185765781186,0.18512185765781186,FAVORITE,1,False,0.4438830883113743,0.5561169116886258,-0.07992643549814954,0.03230738787910192,0.07992643549814954,UNDERDOG,0,True
2025-11-12,San Antonio,Golden State,4.5,100.0,-104.0,0.5,0.5098039215686274,1.0,Away Favorite,0.4287759264530454,0.5712240735469546,-0.07122407354695459,0.061420151978327175,0.07122407354695459,UNDERDOG,0,False,0.41995372301237077,0.5800462769876292,-0.08004627698762923,0.07024235541900181,0.08004627698762923,UNDERDOG,0,False,0.28968595154845156,0.7103140484515484,-0.21031404845154844,0.20051012688292102,0.21031404845154844,UNDERDOG,0,False
2025-11-12,Dallas,Phoenix,1.5,100.0,-109.0,0.5,0.5215311004784688,1.0,Away Favorite,0.4244296951374399,0.5755703048625601,-0.07557030486256011,0.054039204384091266,0.07557030486256011,UNDERDOG,0,False,0.31592690057474987,0.6840730994252502,-0.18407309942525013,0.16254199894678134,0.18407309942525013,UNDERDOG,0,False,0.4114552109521085,0.5885447890478914,-0.08854478904789148,0.06701368856942258,0.08854478904789148,UNDERDOG,0,False
2025-11-12,Okla City,La Lakers,6.5,-111.0,108.0,0.5260663507109005,0.4807692307692308,0.0,Away Favorite,0.4503842354484708,0.5496157645515292,-0.07568211526242968,0.06884653378229838,0.07568211526242968,UNDERDOG,0,True,0.5144531923740421,0.4855468076259579,-0.011613158336858387,0.004777576856727139,0.011613158336858387,UNDERDOG,1,False,0.3394261097814985,0.6605738902185014,-0.18664024092940196,0.17980465944927065,0.18664024092940196,UNDERDOG,0,True
2025-11-12,Atlanta,Sacramento,3.5,-102.0,-105.0,0.504950495049505,0.5121951219512195,1.0,Away Favorite,0.5869725758587109,0.4130274241412891,0.08202208080920592,-0.0991676978099304,0.0991676978099304,FAVORITE,1,True,0.6371014317435009,0.36289856825649913,0.1321509366939959,-0.1492965536947204,0.1492965536947204,FAVORITE,1,True,0.6321622036374358,0.3678377963625642,0.12721170858793085,-0.14435732558865533,0.14435732558865533,FAVORITE,1,True
2025-11-12,Denver,La Clippers,3.5,100.0,-107.0,0.5,0.5169082125603864,1.0,Away Favorite,0.3695333619790996,0.6304666380209004,-0.13046663802090042,0.11355842546051398,0.13046663802090042,UNDERDOG,0,False,0.2944224561869492,0.7055775438130508,-0.20557754381305082,0.18866933125266439,0.20557754381305082,UNDERDOG,0,False,0.2888438249465016,0.7111561750534984,-0.21115617505349837,0.19424796249311194,0.21115617505349837,UNDERDOG,0,False
2025-11-14,New York,Miami,6.5,-110.0,-110.0,0.5238095238095238,0.5238095238095238,1.0,Home Favorite,0.6198779819191205,0.38012201808087953,0.09606845810959663,-0.1436875057286443,0.1436875057286443,FAVORITE,1,True,0.7500684994941375,0.24993150050586255,0.22625897568461362,-0.2738780233036613,0.2738780233036613,FAVORITE,1,True,0.6403750909122636,0.35962490908773637,0.1165655671027398,-0.16418461472178747,0.16418461472178747,FAVORITE,1,True
2025-11-14,Orlando,Brooklyn,13.5,-108.0,105.0,0.5192307692307693,0.4878048780487805,0.0,Home Favorite,0.5677195703187415,0.43228042968125846,0.048488801087972266,-0.05552444836752202,0.05552444836752202,FAVORITE,1,False,0.627390377428441,0.37260962257155905,0.10815960819767168,-0.11519525547722143,0.11519525547722143,FAVORITE,1,False,0.5068693942481429,0.4931306057518571,-0.01236137498262635,0.005325727703076599,0.01236137498262635,UNDERDOG,1,False
2025-11-14,Detroit,Philadelphia,4.5,100.0,-108.0,0.5,0.5192307692307693,1.0,Home Favorite,0.4778336762975614,0.5221663237024385,-0.022166323702438595,0.002935554471669266,0.022166323702438595,UNDERDOG,0,False,0.5416032817217572,0.4583967182782428,0.0416032817217572,-0.060834050952526475,0.060834050952526475,FAVORITE,1,True,0.611440667144616,0.388559332855384,0.11144066714461598,-0.13067143637538525,0.13067143637538525,FAVORITE,1,True
2025-11-14,Houston,Portland,7.5,102.0,-104.0,0.49504950495049505,0.5098039215686274,1.0,Home Favorite,0.7009777874379963,0.2990222125620037,0.20592828248750128,-0.21078170900662374,0.21078170900662374,FAVORITE,1,True,0.8373787432877848,0.16262125671221517,0.3423292383372898,-0.34718266485641225,0.34718266485641225,FAVORITE,1,True,0.6679132916534494,0.33208670834655063,0.17286378670295433,-0.1777172132220768,0.1777172132220768,FAVORITE,1,True
2025-11-14,Milwaukee,Charlotte,9.5,100.0,-104.0,0.5,0.5098039215686274,1.0,Home Favorite,0.44445154351720934,0.5555484564827906,-0.055548456482790665,0.04574453491416319,0.055548456482790665,UNDERDOG,0,False,0.4089567702616901,0.5910432297383099,-0.09104322973830992,0.0812393081696825,0.09104322973830992,UNDERDOG,0,False,0.4126836161370615,0.5873163838629385,-0.0873163838629385,0.07751246229431108,0.0873163838629385,UNDERDOG,0,False
2025-11-14,Minnesota,Sacramento,11.5,-110.0,103.0,0.5238095238095238,0.49261083743842365,1.0,Home Favorite,0.5054513095719967,0.4945486904280033,-0.01835821423752715,0.0019378529895796581,0.01835821423752715,UNDERDOG,1,True,0.4396772342994906,0.5603227657005094,-0.08413228951003321,0.06771192826208577,0.08413228951003321,UNDERDOG,0,False,0.5212693802598716,0.4787306197401284,-0.002540143549652263,-0.013880217698295227,0.013880217698295227,FAVORITE,1,True
2025-11-14,La Lakers,New Orleans,9.5,-110.0,-110.0,0.5238095238095238,0.5238095238095238,1.0,Away Favorite,0.4378936058383825,0.5621063941616176,-0.08591591797114134,0.038296870352093726,0.08591591797114134,UNDERDOG,0,False,0.4305456618027828,0.5694543381972172,-0.09326386200674103,0.04564481438769341,0.09326386200674103,UNDERDOG,0,False,0.27298457117110936,0.7270154288288906,-0.2508249526384145,0.20320590501936675,0.2508249526384145,UNDERDOG,0,False
2025-11-14,La Clippers,Dallas,2.5,-104.0,-104.0,0.5098039215686274,0.5098039215686274,1.0,Away Favorite,0.3840651207309325,0.6159348792690675,-0.1257388008376949,0.10613095770044012,0.1257388008376949,UNDERDOG,0,False,0.37712547407640673,0.6228745259235933,-0.13267844749222069,0.11307060435496585,0.13267844749222069,UNDERDOG,0,False,0.3725545292740422,0.6274454707259578,-0.13724939229458522,0.11764154915733038,0.13724939229458522,UNDERDOG,0,False
2025-11-14,San Antonio,Golden State,2.5,-104.0,-103.0,0.5098039215686274,0.5073891625615764,0.0,Away Favorite,0.26219479149057345,0.7378052085094265,-0.24760913007805396,0.23041604594785015,0.24760913007805396,UNDERDOG,0,True,0.09130631315801424,0.9086936868419857,-0.4184976084106132,0.4013045242804093,0.4184976084106132,UNDERDOG,0,True,0.3410643893761761,0.6589356106238239,-0.1687395321924513,0.15154644806224749,0.1687395321924513,UNDERDOG,0,True
2025-11-15,Cleveland,Memphis,11.5,107.0,-108.0,0.4830917874396135,0.5192307692307693,0.0,Home Favorite,0.510039454220731,0.48996054577926895,0.02694766678111754,-0.02927022345150032,0.02927022345150032,FAVORITE,1,False,0.5132296642055936,0.48677033579440643,0.030137876765980065,-0.032460433436362846,0.032460433436362846,FAVORITE,1,False,0.4012828395454177,0.5987171604545822,-0.0818089478941958,0.07948639122381296,0.0818089478941958,UNDERDOG,0,True
2025-11-15,Okla City,Charlotte,15.5,-116.0,112.0,0.5370370370370371,0.4716981132075472,0.0,Away Favorite,0.4339880563586328,0.5660119436413672,-0.10304898067840429,0.09431383043382002,0.10304898067840429,UNDERDOG,0,True,0.45966882080888644,0.5403311791911136,-0.07736821622815065,0.06863306598356644,0.07736821622815065,UNDERDOG,0,True,0.4750120179658803,0.5249879820341197,-0.06202501907115682,0.053289868826572495,0.06202501907115682,UNDERDOG,0,True
2025-11-15,Toronto,Indiana,6.5,-112.0,104.0,0.5283018867924528,0.49019607843137253,1.0,Away Favorite,0.6290590328174414,0.37094096718255865,0.10075714602498853,-0.11925511124881388,0.11925511124881388,FAVORITE,1,True,0.6817561444632225,0.3182438555367775,0.1534542576707697,-0.17195222289459505,0.17195222289459505,FAVORITE,1,True,0.631253541496821,0.368746458503179,0.10295165470436818,-0.12144961992819353,0.12144961992819353,FAVORITE,1,True
2025-11-15,La Lakers,Milwaukee,1.5,-101.0,-112.0,0.5024875621890548,0.5283018867924528,1.0,Away Favorite,0.5535074569630472,0.44649254303695285,0.05101989477399238,-0.08180934375549997,0.08180934375549997,FAVORITE,1,True,0.581673754367489,0.418326245632511,0.07918619217843426,-0.10997564115994185,0.10997564115994185,FAVORITE,1,True,0.4090875242572858,0.5909124757427142,-0.09340003793176899,0.06261058895026139,0.09340003793176899,UNDERDOG,0,False
2025-11-15,Minnesota,Denver,2.5,-111.0,101.0,0.5260663507109005,0.4975124378109453,0.0,Home Favorite,0.44825918799056275,0.5517408120094373,-0.07780716272033772,0.05422837419849197,0.07780716272033772,UNDERDOG,0,True,0.3575430905328401,0.6424569094671599,-0.16852326017806035,0.14494447165621466,0.16852326017806035,UNDERDOG,0,True,0.5228141997602249,0.4771858002397751,-0.0032521509506755475,-0.020326637571170203,0.020326637571170203,FAVORITE,1,False
2025-11-16,Boston,La Clippers,6.5,109.0,-119.0,0.4784688995215311,0.54337899543379,0.0,Home Favorite,0.5117777382593158,0.48822226174068417,0.03330883873778473,-0.05515673369310581,0.05515673369310581,FAVORITE,1,False,0.49686363779772824,0.5031363622022718,0.018394738276197142,-0.04024263323151822,0.04024263323151822,FAVORITE,0,True,0.4226364999979617,0.5773635000020383,-0.05583239952356939,0.03398450456824831,0.05583239952356939,UNDERDOG,0,True
2025-11-16,San Antonio,Sacramento,8.5,-104.0,-101.0,0.5098039215686274,0.5024875621890548,0.0,Away Favorite,0.5786416792348583,0.4213583207651417,0.0688377576662309,-0.08112924142391309,0.08112924142391309,FAVORITE,1,False,0.6139336525302628,0.3860663474697372,0.10412973096163536,-0.11642121471931755,0.11642121471931755,FAVORITE,1,False,0.602452939681921,0.39754706031807896,0.09264901811329362,-0.10494050187097581,0.10494050187097581,FAVORITE,1,False
2025-11-16,Washington,Brooklyn,2.5,-111.0,103.0,0.5260663507109005,0.49261083743842365,0.0,Home Favorite,0.6579519665216671,0.3420480334783329,0.13188561581076663,-0.15056280396009075,0.15056280396009075,FAVORITE,1,False,0.7432118315495877,0.2567881684504123,0.21714548083868723,-0.23582266898801135,0.23582266898801135,FAVORITE,1,False,0.609123423300256,0.39087657669974396,0.08305707258935557,-0.1017342607386797,0.1017342607386797,FAVORITE,1,False
2025-11-16,Houston,Orlando,7.5,-107.0,-103.0,0.5169082125603864,0.5073891625615764,0.0,Home Favorite,0.5893372591265211,0.41066274087347887,0.07242904656613469,-0.09672642168809753,0.09672642168809753,FAVORITE,1,False,0.5875016067942769,0.4124983932057231,0.07059339423389044,-0.09489076935585328,0.09489076935585328,FAVORITE,1,False,0.625392259913999,0.37460774008600095,0.10848404735361261,-0.13278142247557545,0.13278142247557545,FAVORITE,1,False
2025-11-16,Golden State,New Orleans,10.5,-110.0,-110.0,0.5238095238095238,0.5238095238095238,1.0,Away Favorite,0.5470978247114837,0.4529021752885163,0.02328830090195988,-0.07090734852100755,0.07090734852100755,FAVORITE,1,True,0.5725604391100042,0.4274395608899958,0.04875091530048037,-0.09636996291952804,0.09636996291952804,FAVORITE,1,True,0.5364280342605895,0.4635719657394105,0.012618510451065656,-0.06023755807011333,0.06023755807011333,FAVORITE,1,True
2025-11-16,Portland,Dallas,4.5,107.0,-109.0,0.4830917874396135,0.5215311004784688,0.0,Away Favorite,0.5170573807725092,0.4829426192274908,0.03396559333289567,-0.038588481250978024,0.038588481250978024,FAVORITE,1,False,0.46334344911755704,0.536656550882443,-0.01974833832205647,0.015125450403974172,0.01974833832205647,UNDERDOG,0,True,0.48556228956228964,0.5144377104377104,0.0024705021226761326,-0.007093390040758485,0.007093390040758485,FAVORITE,0,True
2025-11-16,Atlanta,Phoenix,1.5,100.0,-106.0,0.5,0.5145631067961165,1.0,Away Favorite,0.3177462219545183,0.6822537780454817,-0.1822537780454817,0.1676906712493652,0.1822537780454817,UNDERDOG,0,False,0.20945005053368254,0.7905499494663175,-0.29054994946631746,0.275986842670201,0.29054994946631746,UNDERDOG,0,False,0.27259273618121166,0.7274072638187883,-0.22740726381878834,0.2128441570226718,0.22740726381878834,UNDERDOG,0,False
2025-11-16,Chicago,Utah,4.5,-110.0,-110.0,0.5238095238095238,0.5238095238095238,0.0,Away Favorite,0.64568803398758,0.35431196601242,0.12187851017805618,-0.16949755779710385,0.16949755779710385,FAVORITE,1,False,0.5499682006717341,0.45003179932826587,0.026158676862210295,-0.07377772448125797,0.07377772448125797,FAVORITE,1,False,0.5320707359595098,0.4679292640404902,0.008261212149985986,-0.05588025976903366,0.05588025976903366,FAVORITE,1,False
2025-11-17,Cleveland,Milwaukee,7.5,102.0,-104.0,0.49504950495049505,0.5098039215686274,1.0,Home Favorite,0.5467819299985411,0.45321807000145886,0.05173242504804609,-0.056585851567168555,0.056585851567168555,FAVORITE,1,True,0.5544376177574044,0.4455623822425956,0.059388112806909366,-0.06424153932603183,0.06424153932603183,FAVORITE,1,True,0.5321647827404412,0.4678352172595588,0.037115277789946166,-0.04196870430906863,0.04196870430906863,FAVORITE,1,True
2025-11-17,Detroit,Indiana,11.5,103.0,-114.0,0.49261083743842365,0.5327102803738317,1.0,Home Favorite,0.5049270377339881,0.49507296226601194,0.012316200295564406,-0.037637318107819784,0.037637318107819784,FAVORITE,1,True,0.4799526804413554,0.5200473195586446,-0.012658156997068237,-0.012662960815187141,0.012662960815187141,FAVORITE,0,False,0.532121418826514,0.467878581173486,0.03951058138809033,-0.0648316992003457,0.0648316992003457,FAVORITE,1,True
2025-11-17,Philadelphia,La Clippers,5.5,-102.0,-102.0,0.504950495049505,0.504950495049505,0.0,Home Favorite,0.42570626514502047,0.5742937348549795,-0.07924422990448449,0.06934323980547452,0.07924422990448449,UNDERDOG,0,True,0.3466108534766581,0.6533891465233419,-0.15833964157284686,0.14843865147383695,0.15833964157284686,UNDERDOG,0,True,0.5221981882791881,0.47780181172081193,0.017247693229683114,-0.027148683328693024,0.027148683328693024,FAVORITE,1,False
2025-11-17,Miami,New York,1.5,-110.0,-110.0,0.5238095238095238,0.5238095238095238,1.0,Home Favorite,0.5937147965984175,0.4062852034015825,0.06990527278889369,-0.11752432040794136,0.11752432040794136,FAVORITE,1,True,0.6086084388495978,0.3913915611504022,0.08479891504007397,-0.13241796265912165,0.13241796265912165,FAVORITE,1,True,0.6273006906853836,0.37269930931461637,0.1034911668758598,-0.15111021449490747,0.15111021449490747,FAVORITE,1,True
2025-11-17,Toronto,Charlotte,8.5,-107.0,102.0,0.5169082125603864,0.49504950495049505,0.0,Home Favorite,0.5216561774028132,0.4783438225971868,0.004747964842426788,-0.01670568235330827,0.01670568235330827,FAVORITE,1,False,0.5695421613376058,0.4304578386623942,0.052633948777219386,-0.06459166628810087,0.06459166628810087,FAVORITE,1,False,0.6371305361745551,0.36286946382544494,0.12022232361416862,-0.1321800411250501,0.1321800411250501,FAVORITE,1,False
2025-11-17,Minnesota,Dallas,14.5,105.0,-111.0,0.4878048780487805,0.5260663507109005,1.0,Home Favorite,0.4447485666885802,0.5552514333114198,-0.04305631136020027,0.02918508260051933,0.04305631136020027,UNDERDOG,0,False,0.33922518075956,0.66077481924044,-0.1485796972892205,0.13470846852953955,0.1485796972892205,UNDERDOG,0,False,0.5964215977669547,0.4035784022330453,0.10861671971817422,-0.12248794847785516,0.12248794847785516,FAVORITE,1,True
2025-11-17,Okla City,New Orleans,17.5,-110.0,-110.0,0.5238095238095238,0.5238095238095238,0.0,Away Favorite,0.6080623253921094,0.39193767460789064,0.08425280158258552,-0.1318718492016332,0.1318718492016332,FAVORITE,1,False,0.7595910529101145,0.24040894708988547,0.2357815291005907,-0.28340057671963836,0.28340057671963836,FAVORITE,1,False,0.5043439581664599,0.49565604183354006,-0.019465565643063898,-0.028153481975983774,0.028153481975983774,FAVORITE,1,False
2025-11-17,Denver,Chicago,14.5,102.0,-104.0,0.49504950495049505,0.5098039215686274,0.0,Home Favorite,0.602573106801477,0.397426893198523,0.10752360185098198,-0.11237702837010444,0.11237702837010444,FAVORITE,1,False,0.5419065009520541,0.45809349904794594,0.046856996001559015,-0.051710422520681476,0.051710422520681476,FAVORITE,1,False,0.6233508089126739,0.3766491910873261,0.12830130396217887,-0.13315473048130133,0.13315473048130133,FAVORITE,1,False
2025-11-18,Golden State,Orlando,3.5,108.0,-112.0,0.4807692307692308,0.5283018867924528,0.0,Away Favorite,0.42035333386572,0.5796466661342801,-0.06041589690351079,0.05134477934182724,0.06041589690351079,UNDERDOG,0,True,0.40473961615417287,0.5952603838458271,-0.07602961461505792,0.06695849705337431,0.07602961461505792,UNDERDOG,0,True,0.398149676707219,0.601850323292781,-0.08261955406201177,0.07354843650032816,0.08261955406201177,UNDERDOG,0,True
2025-11-18,Boston,Brooklyn,10.5,-110.0,105.0,0.5238095238095238,0.4878048780487805,1.0,Away Favorite,0.5430931037140447,0.45690689628595527,0.019283579904520898,-0.03089798176282521,0.03089798176282521,FAVORITE,1,True,0.582744068164972,0.41725593183502796,0.058934544355448204,-0.07054894621375252,0.07054894621375252,FAVORITE,1,True,0.6318978564433518,0.36810214355664816,0.108088332633828,-0.11970273449213231,0.11970273449213231,FAVORITE,1,True
2025-11-18,Detroit,Atlanta,1.5,110.0,-115.0,0.47619047619047616,0.5348837209302325,1.0,Away Favorite,0.33684727987639757,0.6631527201236025,-0.1393431963140786,0.12826899919336998,0.1393431963140786,UNDERDOG,0,False,0.29858248646122365,0.7014175135387763,-0.1776079897292525,0.16653379260854384,0.1776079897292525,UNDERDOG,0,False,0.44672288770105945,0.5532771122989406,-0.02946758848941672,0.0183933913687081,0.02946758848941672,UNDERDOG,0,False
2025-11-18,San Antonio,Memphis,6.5,105.0,-109.0,0.4878048780487805,0.5215311004784688,0.0,Away Favorite,0.44924656057342477,0.5507534394265752,-0.03855831747535571,0.02922233894810633,0.03855831747535571,UNDERDOG,0,True,0.4003634574665788,0.5996365425334211,-0.08744142058220167,0.07810544205495229,0.08744142058220167,UNDERDOG,0,True,0.41293221566848554,0.5870677843315144,-0.07487266238029494,0.06553668385304556,0.07487266238029494,UNDERDOG,0,True
2025-11-18,La Lakers,Utah,12.5,-110.0,-110.0,0.5238095238095238,0.5238095238095238,1.0,Home Favorite,0.6302793988681415,0.36972060113185845,0.10646987505861771,-0.15408892267766539,0.15408892267766539,FAVORITE,1,True,0.5736162860277364,0.4263837139722636,0.049806762218212564,-0.09742580983726024,0.09742580983726024,FAVORITE,1,True,0.5910344563009304,0.40896554369906957,0.0672249324914066,-0.11484398011045427,0.11484398011045427,FAVORITE,1,True
2025-11-18,Portland,Phoenix,2.5,101.0,-106.0,0.4975124378109453,0.5145631067961165,0.0,Home Favorite,0.6371649445033377,0.3628350554966623,0.13965250669239243,-0.15172805129945421,0.15172805129945421,FAVORITE,1,False,0.6821836687034584,0.31781633129654163,0.18467123089251308,-0.19674677549957487,0.19674677549957487,FAVORITE,1,False,0.6092274530735895,0.3907725469264105,0.11171501526264421,-0.123790559869706,0.123790559869706,FAVORITE,1,False
2025-11-20,Orlando,La Clippers,5.5,-103.0,101.0,0.5073891625615764,0.4975124378109453,1.0,Home Favorite,0.48912749803787037,0.5108725019621296,-0.018261664523706034,0.013360064151184348,0.018261664523706034,UNDERDOG,0,False,0.4753642060063832,0.5246357939936168,-0.03202495655519322,0.027123356182671532,0.03202495655519322,UNDERDOG,0,False,0.5561807725553174,0.4438192274446826,0.04879160999374099,-0.05369321036626268,0.05369321036626268,FAVORITE,1,True
2025-11-20,Memphis,Sacramento,2.5,-101.0,-102.0,0.5024875621890548,0.504950495049505,1.0,Home Favorite,0.47552836603912113,0.5244716339608788,-0.02695919614993364,0.01952113891137386,0.02695919614993364,UNDERDOG,0,False,0.4927603486986082,0.5072396513013918,-0.009727213490446585,0.002289156251886859,0.009727213490446585,UNDERDOG,0,False,0.41642561051218246,0.5835743894878176,-0.0860619516768723,0.07862389443831264,0.0860619516768723,UNDERDOG,0,False
2025-11-20,Philadelphia,Milwaukee,2.5,102.0,-108.0,0.49504950495049505,0.5192307692307693,1.0,Away Favorite,0.45880305953189976,0.5411969404681003,-0.036246445418595286,0.021966171237331023,0.036246445418595286,UNDERDOG,0,False,0.4602863129944943,0.5397136870055057,-0.03476319195600075,0.02048291777473643,0.03476319195600075,UNDERDOG,0,False,0.34563301456102336,0.6543669854389766,-0.1494164903894717,0.13513621620820737,0.1494164903894717,UNDERDOG,0,False
2025-11-20,San Antonio,Atlanta,1.5,103.0,-111.0,0.49261083743842365,0.5260663507109005,0.0,Away Favorite,0.3564204772761086,0.6435795227238914,-0.13619036016231506,0.11751317201299094,0.13619036016231506,UNDERDOG,0,True,0.3441552670780764,0.6558447329219236,-0.14845557036034723,0.1297783822110231,0.14845557036034723,UNDERDOG,0,True,0.3142819510621297,0.6857180489378703,-0.17832888637629396,0.15965169822696978,0.17832888637629396,UNDERDOG,0,True
2025-11-21,Cleveland,Indiana,13.5,-110.0,109.0,0.5238095238095238,0.4784688995215311,0.0,Home Favorite,0.5236609983214255,0.47633900167857446,-0.00014852548809829447,-0.0021298978429566406,0.0021298978429566406,FAVORITE,1,False,0.5679567507245953,0.4320432492754047,0.04414722691507145,-0.04642565024612638,0.04642565024612638,FAVORITE,1,False,0.47480877961546264,0.5251912203845374,-0.049000744194061197,0.04672232086300626,0.049000744194061197,UNDERDOG,0,True
2025-11-21,Boston,Brooklyn,14.5,-110.0,107.0,0.5238095238095238,0.4830917874396135,0.0,Home Favorite,0.4741149147944651,0.5258850852055349,-0.04969460901505873,0.04279329776592139,0.04969460901505873,UNDERDOG,0,True,0.39811797941407345,0.6018820205859265,-0.12569154439545038,0.11879023314631304,0.12569154439545038,UNDERDOG,0,True,0.5511913104802191,0.4488086895197809,0.02738178667069524,-0.034283097919832584,0.034283097919832584,FAVORITE,1,False
2025-11-21,Toronto,Washington,13.5,-112.0,107.0,0.5283018867924528,0.4830917874396135,1.0,Home Favorite,0.5009757400441618,0.4990242599558382,-0.027326146748291036,0.015932472516224705,0.027326146748291036,UNDERDOG,1,True,0.4962092616117885,0.5037907383882114,-0.0320926251806643,0.020698950948597916,0.0320926251806643,UNDERDOG,0,False,0.5544442933806838,0.4455557066193162,0.02614240658823097,-0.0375360808202973,0.0375360808202973,FAVORITE,1,True
2025-11-21,Chicago,Miami,2.5,100.0,-107.0,0.5,0.5169082125603864,0.0,Home Favorite,0.5977834853561945,0.4022165146438055,0.09778348535619452,-0.11469169791658096,0.11469169791658096,FAVORITE,1,False,0.7153488696828171,0.2846511303171829,0.21534886968281708,-0.23225708224320352,0.23225708224320352,FAVORITE,1,False,0.6143160472579825,0.3856839527420175,0.1143160472579825,-0.13122425981836894,0.13122425981836894,FAVORITE,1,False
2025-11-21,Dallas,New Orleans,3.5,-110.0,-110.0,0.5238095238095238,0.5238095238095238,0.0,Home Favorite,0.49607173309377983,0.5039282669062202,-0.027737790715744004,-0.019881256903303668,0.027737790715744004,UNDERDOG,0,True,0.44771144185279504,0.552288558147205,-0.07609808195672879,0.028479034337681175,0.07609808195672879,UNDERDOG,0,True,0.3296797586683813,0.6703202413316187,-0.19412976514114255,0.14651071752209488,0.19412976514114255,UNDERDOG,0,True
2025-11-21,Minnesota,Phoenix,4.5,-102.0,-103.0,0.504950495049505,0.5073891625615764,0.0,Away Favorite,0.4952873996813054,0.5047126003186946,-0.009663095368199537,-0.002676562242881819,0.009663095368199537,UNDERDOG,0,True,0.5212805101888632,0.47871948981113677,0.016330015139358278,-0.028669672750439634,0.028669672750439634,FAVORITE,1,False,0.5541328279579769,0.4458671720420231,0.04918233290847196,-0.061521990519553316,0.061521990519553316,FAVORITE,1,False
2025-11-21,Houston,Denver,2.5,-102.0,-107.0,0.504950495049505,0.5169082125603864,0.0,Home Favorite,0.6107420162411747,0.38925798375882525,0.10579152119166979,-0.12765022880156118,0.12765022880156118,FAVORITE,1,False,0.7079486654934142,0.2920513345065858,0.20299817044390922,-0.2248568780538006,0.2248568780538006,FAVORITE,1,False,0.60673863908094,0.39326136091906005,0.10178814403143499,-0.12364685164132638,0.12364685164132638,FAVORITE,1,False
2025-11-21,Okla City,Utah,16.5,-110.0,-110.0,0.5238095238095238,0.5238095238095238,1.0,Away Favorite,0.30164440989880853,0.6983555901011915,-0.2221651139107153,0.1745460662916677,0.2221651139107153,UNDERDOG,0,False,0.2616088113786871,0.7383911886213129,-0.26220071243083676,0.21458166481178909,0.26220071243083676,UNDERDOG,0,False,0.32254062509176296,0.677459374908237,-0.20126889871776088,0.1536498510987132,0.20126889871776088,UNDERDOG,0,False
2025-11-21,Golden State,Portland,8.5,102.0,-110.0,0.49504950495049505,0.5238095238095238,0.0,Away Favorite,0.2166792696393986,0.7833207303606013,-0.27837023531109645,0.2595112065510775,0.27837023531109645,UNDERDOG,0,True,0.0,1.0,-0.49504950495049505,0.47619047619047616,0.49504950495049505,UNDERDOG,0,True,0.20114237468836912,0.7988576253116308,-0.2939071302621259,0.275048101502107,0.2939071302621259,UNDERDOG,0,True
2025-11-22,La Clippers,Charlotte,1.5,102.0,-104.0,0.49504950495049505,0.5098039215686274,1.0,Away Favorite,0.32557940333301505,0.674420596666985,-0.16947010161748,0.16461667509835753,0.16947010161748,UNDERDOG,0,False,0.20132671212092218,0.7986732878790779,-0.29372279282957287,0.28886936631045046,0.29372279282957287,UNDERDOG,0,False,0.23287263990352472,0.7671273600964753,-0.26217686504697035,0.2573234385278479,0.26217686504697035,UNDERDOG,0,False
2025-11-22,Orlando,New York,1.5,-110.0,-110.0,0.5238095238095238,0.5238095238095238,1.0,Home Favorite,0.41245861120953886,0.5875413887904611,-0.11135091259998497,0.0637318649809373,0.11135091259998497,UNDERDOG,0,False,0.42453053644101424,0.5754694635589858,-0.0992789873685096,0.051659939749461925,0.0992789873685096,UNDERDOG,0,False,0.5560505831810337,0.44394941681896627,0.032241059371509895,-0.07986010699055757,0.07986010699055757,FAVORITE,1,True
2025-11-22,Atlanta,New Orleans,8.5,-110.0,-110.0,0.5238095238095238,0.5238095238095238,1.0,Away Favorite,0.21993924695717648,0.7800607530428235,-0.30387027685234735,0.2562512292332997,0.30387027685234735,UNDERDOG,0,False,0.0,1.0,-0.5238095238095238,0.47619047619047616,0.5238095238095238,UNDERDOG,0,False,0.2808427684268237,0.7191572315731762,-0.24296675538270013,0.1953477077636524,0.24296675538270013,UNDERDOG,0,False
2025-11-22,Chicago,Washington,12.5,-107.0,101.0,0.5169082125603864,0.4975124378109453,0.0,Home Favorite,0.5858713446996399,0.41412865530036014,0.06896313213925342,-0.08338378251058515,0.08338378251058515,FAVORITE,1,False,0.5685875431979203,0.43141245680207974,0.05167933063753383,-0.06609998100886555,0.06609998100886555,FAVORITE,1,False,0.7460814920097601,0.25391850799023985,0.2291732794493737,-0.24359392982070543,0.24359392982070543,FAVORITE,1,False
2025-11-22,Detroit,Milwaukee,8.5,102.0,-107.0,0.49504950495049505,0.5169082125603864,1.0,Away Favorite,0.4259944310601898,0.5740055689398103,-0.06905507389030524,0.057097356379423814,0.06905507389030524,UNDERDOG,0,False,0.33114589044827636,0.6688541095517236,-0.1639036145022187,0.1519458969913372,0.1639036145022187,UNDERDOG,0,False,0.4649114950568483,0.5350885049431517,-0.030138009893646733,0.018180292382765306,0.030138009893646733,UNDERDOG,0,False
2025-11-22,Dallas,Memphis,1.5,101.0,-105.0,0.4975124378109453,0.5121951219512195,0.0,Home Favorite,0.5049824672652593,0.4950175327347407,0.00747002945431402,-0.017177589216478828,0.017177589216478828,FAVORITE,1,False,0.48867456665700315,0.5113254333429968,-0.008837871153942134,-0.000869688608222674,0.008837871153942134,UNDERDOG,0,True,0.39196296709582823,0.6080370329041718,-0.10554947071511706,0.09584191095295225,0.10554947071511706,UNDERDOG,0,True
2025-11-22,Denver,Sacramento,10.5,-104.0,102.0,0.5098039215686274,0.49504950495049505,0.0,Home Favorite,0.5917999105767704,0.4082000894232296,0.08199598900814298,-0.08684941552726544,0.08684941552726544,FAVORITE,1,False,0.5425249080441705,0.45747509195582947,0.03272098647554311,-0.037574412994665574,0.037574412994665574,FAVORITE,1,False,0.5094125445086832,0.49058745549131677,-0.0003913770599441868,-0.0044620494591782744,0.0044620494591782744,FAVORITE,1,False
2025-11-23,Philadelphia,Miami,1.5,-101.0,-104.0,0.5024875621890548,0.5098039215686274,1.0,Away Favorite,0.30827039156227964,0.6917296084377204,-0.19421717062677513,0.18192568686909294,0.19421717062677513,UNDERDOG,0,False,0.16066974874691486,0.8393302512530851,-0.3418178134421399,0.3295263296844577,0.3418178134421399,UNDERDOG,0,False,0.3520906974735286,0.6479093025264714,-0.15039686471552616,0.13810538095784397,0.15039686471552616,UNDERDOG,0,False
2025-11-23,Atlanta,Charlotte,7.5,-101.0,-102.0,0.5024875621890548,0.504950495049505,0.0,Home Favorite,0.5591151303042285,0.44088486969577145,0.056627568115173776,-0.0640656253537335,0.0640656253537335,FAVORITE,1,False,0.7170293973295414,0.2829706026704586,0.21454183514048664,-0.22197989237904636,0.22197989237904636,FAVORITE,1,False,0.5821948029374545,0.4178051970625455,0.07970724074839974,-0.08714529798695947,0.08714529798695947,FAVORITE,1,False
2025-11-23,Boston,Orlando,5.5,115.0,-124.0,0.46511627906976744,0.5535714285714286,1.0,Home Favorite,0.49286562056815536,0.5071343794318446,0.027749341498387925,-0.04643704913958402,0.04643704913958402,FAVORITE,0,False,0.44671240187634753,0.5532875981236525,-0.018403877193419904,-0.0002838304477761344,0.018403877193419904,UNDERDOG,0,False,0.5892386367648866,0.41076136323511336,0.1241223576951192,-0.14281006533631524,0.14281006533631524,FAVORITE,1,True
2025-11-23,Cleveland,La Clippers,8.5,-102.0,-104.0,0.504950495049505,0.5098039215686274,1.0,Home Favorite,0.5880964597360833,0.41190354026391673,0.08314596468657831,-0.09790038130471068,0.09790038130471068,FAVORITE,1,True,0.6680163964485254,0.3319836035514746,0.16306590139902044,-0.1778203180171528,0.1778203180171528,FAVORITE,1,True,0.5556043042743627,0.4443956957256373,0.05065380922485774,-0.06540822584299011,0.06540822584299011,FAVORITE,1,True
2025-11-23,Toronto,Brooklyn,12.5,-106.0,100.0,0.5145631067961165,0.5,0.0,Home Favorite,0.4293459584457161,0.5706540415542839,-0.0852171483504004,0.0706540415542839,0.0852171483504004,UNDERDOG,0,True,0.33965819238729544,0.6603418076127046,-0.17490491440882106,0.16034180761270456,0.17490491440882106,UNDERDOG,0,True,0.48824219214395453,0.5117578078560454,-0.026320914652161964,0.01175780785604541,0.026320914652161964,UNDERDOG,0,True
2025-11-23,Okla City,Portland,16.5,112.0,-119.0,0.4716981132075472,0.54337899543379,0.0,Away Favorite,0.5127992110422108,0.4872007889577892,0.04110109783466365,-0.0561782064760008,0.0561782064760008,FAVORITE,1,False,0.5635015506588417,0.43649844934115833,0.09180343745129449,-0.10688054609263165,0.10688054609263165,FAVORITE,1,False,0.4885506626433584,0.5114493373566416,0.016852549435811215,-0.031929658077148426,0.031929658077148426,FAVORITE,0,True
2025-11-23,Phoenix,San Antonio,2.5,-104.0,101.0,0.5098039215686274,0.4975124378109453,0.0,Away Favorite,0.3598016705948691,0.6401983294051309,-0.1500022509737583,0.1426858915941856,0.1500022509737583,UNDERDOG,0,True,0.18771401388473524,0.8122859861152647,-0.3220899076838922,0.3147735483043194,0.3220899076838922,UNDERDOG,0,True,0.3532913023941882,0.6467086976058118,-0.1565126191744392,0.14919625979486656,0.1565126191744392,UNDERDOG,0,True
2025-11-23,La Lakers,Utah,9.5,-110.0,-110.0,0.5238095238095238,0.5238095238095238,0.0,Away Favorite,0.46022860678860616,0.5397713932113939,-0.06358091702091767,0.015961869401870055,0.06358091702091767,UNDERDOG,0,True,0.38201480153131606,0.6179851984686839,-0.14179472227820777,0.0941756746591601,0.14179472227820777,UNDERDOG,0,True,0.3876925670601504,0.6123074329398497,-0.13611695674937346,0.08849790913032585,0.13611695674937346,UNDERDOG,0,True
2025-11-24,Detroit,Indiana,10.5,-103.0,-104.0,0.5073891625615764,0.5098039215686274,0.0,Away Favorite,0.6423231819731472,0.3576768180268528,0.1349340194115708,-0.1521271035417746,0.1521271035417746,FAVORITE,1,False,0.7521868687202447,0.24781313127975535,0.24479770615866825,-0.26199079028887207,0.26199079028887207,FAVORITE,1,False,0.8077525215011991,0.19224747849880086,0.30036335893962274,-0.31755644306982656,0.31755644306982656,FAVORITE,1,False
2025-11-24,Cleveland,Toronto,2.5,-102.0,-104.0,0.504950495049505,0.5098039215686274,0.0,Away Favorite,0.21399000140091,0.78600999859909,-0.29096049364859494,0.2762060770304626,0.29096049364859494,UNDERDOG,0,True,0.016466805466138434,0.9835331945338616,-0.4884836895833665,0.47372927296523415,0.4884836895833665,UNDERDOG,0,True,0.18024049191054878,0.8197595080894512,-0.32471000313895615,0.3099555865208238,0.32471000313895615,UNDERDOG,0,True
2025-11-24,New York,Brooklyn,13.5,-110.0,-110.0,0.5238095238095238,0.5238095238095238,0.0,Away Favorite,0.5098025618992738,0.49019743810072625,-0.014006961910250082,-0.03361208570879759,0.03361208570879759,FAVORITE,1,False,0.5068431598603592,0.4931568401396408,-0.01696636394916462,-0.030652683669883052,0.030652683669883052,FAVORITE,1,False,0.4621883186746612,0.5378116813253389,-0.06162120513486263,0.014002157515815017,0.06162120513486263,UNDERDOG,0,True
2025-11-24,Miami,Dallas,8.5,-111.0,107.0,0.5260663507109005,0.4830917874396135,0.0,Home Favorite,0.37496316452973055,0.6250368354702694,-0.1511031861811699,0.14194504803065594,0.1511031861811699,UNDERDOG,0,True,0.3260712984875166,0.6739287015124834,-0.19999505222338387,0.1908369140728699,0.19999505222338387,UNDERDOG,0,True,0.3652994922731132,0.6347005077268868,-0.16076685843778726,0.1516087202872733,0.16076685843778726,UNDERDOG,0,True
2025-11-24,Denver,Memphis,8.5,107.0,-116.0,0.4830917874396135,0.5370370370370371,1.0,Away Favorite,0.3920396721573929,0.6079603278426071,-0.09105211528222062,0.07092329080557003,0.09105211528222062,UNDERDOG,0,False,0.29153862693917676,0.7084613730608232,-0.19155316050043675,0.17142433602378615,0.19155316050043675,UNDERDOG,0,False,0.3097113989233704,0.6902886010766296,-0.1733803885162431,0.1532515640395925,0.1733803885162431,UNDERDOG,0,False
2025-11-24,Milwaukee,Portland,1.5,-111.0,101.0,0.5260663507109005,0.4975124378109453,0.0,Home Favorite,0.5620361024880108,0.43796389751198916,0.03596975177711037,-0.05954854029895612,0.05954854029895612,FAVORITE,1,False,0.5585389335265298,0.44146106647347017,0.03247258281562937,-0.05605137133747512,0.05605137133747512,FAVORITE,1,False,0.6082678236675639,0.39173217633243607,0.08220147295666347,-0.10578026147850922,0.10578026147850922,FAVORITE,1,False
2025-11-24,Chicago,New Orleans,5.5,-110.0,-110.0,0.5238095238095238,0.5238095238095238,0.0,Away Favorite,0.41323065392785874,0.5867693460721413,-0.1105788698816651,0.06295982226261743,0.1105788698816651,UNDERDOG,0,True,0.28655863173046836,0.7134413682695316,-0.23725089207905548,0.1896318444600078,0.23725089207905548,UNDERDOG,0,True,0.35958966552882954,0.6404103344711705,-0.1642198582806943,0.11660081066164663,0.1642198582806943,UNDERDOG,0,True
2025-11-24,Houston,Phoenix,6.5,-101.0,-104.0,0.5024875621890548,0.5098039215686274,1.0,Away Favorite,0.2260255677099221,0.7739744322900779,-0.27646199447913267,0.2641705107214505,0.27646199447913267,UNDERDOG,0,False,0.03377891797522875,0.9662210820247712,-0.468708644213826,0.4564171604561438,0.468708644213826,UNDERDOG,0,False,0.3988585620316036,0.6011414379683964,-0.10362900015745119,0.09133751639976895,0.10362900015745119,UNDERDOG,0,False
2025-11-24,Golden State,Utah,14.5,-110.0,-110.0,0.5238095238095238,0.5238095238095238,1.0,Home Favorite,0.5991827448673824,0.40081725513261757,0.0753732210578586,-0.12299226867690627,0.12299226867690627,FAVORITE,1,True,0.5582487924866635,0.4417512075133365,0.034439268677139645,-0.08205831629618732,0.08205831629618732,FAVORITE,1,True,0.5241094700173956,0.4758905299826044,0.00029994620787177073,-0.04791899382691944,0.04791899382691944,FAVORITE,1,True
2025-11-24,Minnesota,Sacramento,9.5,-101.0,-105.0,0.5024875621890548,0.5121951219512195,0.0,Away Favorite,0.39139205056151966,0.6086079494384804,-0.11109551162753512,0.09641282748726088,0.11109551162753512,UNDERDOG,0,True,0.3386684287106042,0.6613315712893958,-0.16381913347845056,0.14913644933817627,0.16381913347845056,UNDERDOG,0,True,0.3882582728560663,0.6117417271439337,-0.11422928933298848,0.09954660519271419,0.11422928933298848,UNDERDOG,0,True
2025-11-25,Atlanta,Washington,10.5,100.0,-108.0,0.5,0.5192307692307693,0.0,Away Favorite,0.36786836151800634,0.6321316384819937,-0.13213163848199366,0.11290086925122444,0.13213163848199366,UNDERDOG,0,True,0.25564206221136665,0.7443579377886334,-0.24435793778863335,0.22512716855786408,0.24435793778863335,UNDERDOG,0,True,0.4901111110839139,0.5098888889160861,-0.00988888891608608,-0.009341880314683193,0.00988888891608608,UNDERDOG,0,True
2025-11-25,Orlando,Philadelphia,3.5,-101.0,-107.0,0.5024875621890548,0.5169082125603864,1.0,Away Favorite,0.6738772566056712,0.3261227433943288,0.17138969441661644,-0.19078546916605765,0.19078546916605765,FAVORITE,1,True,0.7921631739641075,0.20783682603589249,0.28967561177505274,-0.30907138652449395,0.30907138652449395,FAVORITE,1,True,0.6650771660219934,0.3349228339780066,0.16258960383293863,-0.18198537858237984,0.18198537858237984,FAVORITE,1,True
2025-11-25,La Lakers,La Clippers,6.5,107.0,-111.0,0.4830917874396135,0.5260663507109005,0.0,Away Favorite,0.4315650669126469,0.568434933087353,-0.05152672052696661,0.04236858237645258,0.05152672052696661,UNDERDOG,0,True,0.3805220808172945,0.6194779191827056,-0.10256970662231901,0.0934115684718051,0.10256970662231901,UNDERDOG,0,True,0.5506124103046265,0.4493875896953735,0.06752062286501298,-0.07667876101552695,0.07667876101552695,FAVORITE,1,False
2025-11-26,Detroit,Boston,3.5,106.0,-113.0,0.4854368932038835,0.5305164319248826,0.0,Away Favorite,0.6165093662104004,0.3834906337895996,0.13107247300651692,-0.14702579813528305,0.14702579813528305,FAVORITE,1,False,0.6751817977916058,0.3248182022083942,0.1897449045877223,-0.20569822971648843,0.20569822971648843,FAVORITE,1,False,0.5317998929576797,0.4682001070423203,0.04636299975379621,-0.062316324882562335,0.062316324882562335,FAVORITE,1,False
2025-11-26,New York,Charlotte,6.5,-110.0,-110.0,0.5238095238095238,0.5238095238095238,1.0,Away Favorite,0.4848288774939195,0.5151711225060804,-0.03898064631560433,-0.0086384013034434,0.03898064631560433,UNDERDOG,0,False,0.5022824930030455,0.4977175069969545,-0.02152703080647833,-0.02609201681256934,0.02609201681256934,FAVORITE,1,True,0.7050388423083958,0.29496115769160425,0.18122931849887192,-0.2288483661179196,0.2288483661179196,FAVORITE,1,True
2025-11-26,Miami,Milwaukee,8.5,-102.0,-105.0,0.504950495049505,0.5121951219512195,0.0,Home Favorite,0.38321111355505943,0.6167888864449406,-0.12173938149444552,0.10459376449372104,0.12173938149444552,UNDERDOG,0,True,0.3050664364337532,0.6949335635662468,-0.19988405861575176,0.18273844161502728,0.19988405861575176,UNDERDOG,0,True,0.29074999740114194,0.7092500025988581,-0.21420049764836302,0.19705488064763854,0.21420049764836302,UNDERDOG,0,True
2025-11-26,Toronto,Indiana,10.5,-107.0,102.0,0.5169082125603864,0.49504950495049505,0.0,Home Favorite,0.4583318353388893,0.5416681646611107,-0.05857637722149711,0.04661865971061563,0.05857637722149711,UNDERDOG,0,True,0.4129669102840386,0.5870330897159615,-0.10394130227634785,0.09198358476546642,0.10394130227634785,UNDERDOG,0,True,0.43642684705375734,0.5635731529462427,-0.0804813655066291,0.06852364799574762,0.0804813655066291,UNDERDOG,0,True
2025-11-26,Okla City,Minnesota,9.5,-108.0,102.0,0.5192307692307693,0.49504950495049505,0.0,Away Favorite,0.3655753381348203,0.6344246618651797,-0.15365543109594898,0.1393751569146846,0.15365543109594898,UNDERDOG,0,True,0.3671243151727909,0.632875684827209,-0.15210645405797835,0.13782617987671397,0.15210645405797835,UNDERDOG,0,True,0.3590180112025585,0.6409819887974415,-0.16021275802821078,0.14593248384694646,0.16021275802821078,UNDERDOG,0,True
2025-11-26,Memphis,New Orleans,3.5,-110.0,-110.0,0.5238095238095238,0.5238095238095238,1.0,Away Favorite,0.45713482622873963,0.5428651737712604,-0.0666746975807842,0.019055649961736587,0.0666746975807842,UNDERDOG,0,False,0.4324664316767712,0.5675335683232288,-0.09134309213275266,0.04372404451370493,0.09134309213275266,UNDERDOG,0,False,0.5082664342868913,0.49173356571310867,-0.015543089522632503,-0.03207595809641517,0.03207595809641517,FAVORITE,1,True
2025-11-26,Golden State,Houston,2.5,-107.0,-103.0,0.5169082125603864,0.5073891625615764,1.0,Away Favorite,0.36650636110728985,0.6334936388927102,-0.1504018514530966,0.12610447633113375,0.1504018514530966,UNDERDOG,0,False,0.2508457984039163,0.7491542015960837,-0.26606241415647014,0.2417650390345073,0.26606241415647014,UNDERDOG,0,False,0.34266122597711823,0.6573387740228818,-0.1742469865832682,0.14994961146130537,0.1742469865832682,UNDERDOG,0,False
2025-11-26,Portland,San Antonio,1.5,103.0,-113.0,0.49261083743842365,0.5305164319248826,0.0,Home Favorite,0.6014979471823211,0.3985020528176789,0.10888710974389743,-0.1320143791072037,0.1320143791072037,FAVORITE,1,False,0.5984832128241959,0.4015167871758041,0.10587237538577227,-0.12899964474907855,0.12899964474907855,FAVORITE,1,False,0.5263494631138174,0.47365053688618264,0.03373862567539371,-0.05686589503869999,0.05686589503869999,FAVORITE,1,False
2025-11-26,Phoenix,Sacramento,4.5,-101.0,-108.0,0.5024875621890548,0.5192307692307693,1.0,Away Favorite,0.39306942408888895,0.606930575911111,-0.10941813810016582,0.08769980668034172,0.10941813810016582,UNDERDOG,0,False,0.2777553915291808,0.7222446084708192,-0.224732170659874,0.2030138392400499,0.224732170659874,UNDERDOG,0,False,0.314482566513699,0.685517433486301,-0.18800499567535578,0.16628666425553174,0.18800499567535578,UNDERDOG,0,False
2025-11-27,Cleveland,Atlanta,4.5,-110.0,-110.0,0.5238095238095238,0.5238095238095238,0.0,Away Favorite,0.3768935345190744,0.6231064654809255,-0.1469159892904494,0.09929694167140168,0.1469159892904494,UNDERDOG,0,True,0.27892017519134715,0.7210798248086528,-0.24488934861817668,0.197270300999129,0.24488934861817668,UNDERDOG,0,True,0.32651437063265626,0.6734856293673437,-0.19729515317686758,0.14967610555781985,0.19729515317686758,UNDERDOG,0,True
2025-11-27,Philadelphia,Brooklyn,7.5,-110.0,-110.0,0.5238095238095238,0.5238095238095238,1.0,Away Favorite,0.41089615707078836,0.5891038429292117,-0.11291336673873548,0.06529431911968786,0.11291336673873548,UNDERDOG,0,False,0.21913553519105905,0.7808644648089409,-0.3046739886184648,0.25705494099941706,0.3046739886184648,UNDERDOG,0,False,0.45301980340230313,0.5469801965976968,-0.0707897204072207,0.023170672788172975,0.0707897204072207,UNDERDOG,0,False
2025-11-27,Chicago,Charlotte,2.5,-110.0,-110.0,0.5238095238095238,0.5238095238095238,0.0,Away Favorite,0.5789615992033753,0.4210384007966247,0.055152075393851474,-0.10277112301289915,0.10277112301289915,FAVORITE,1,False,0.5045782390068861,0.49542176099311386,-0.019231284802637694,-0.028387762816409978,0.028387762816409978,FAVORITE,1,False,0.5723436889569308,0.4276563110430692,0.04853416514740694,-0.09615321276645461,0.09615321276645461,FAVORITE,1,False
2025-11-27,Detroit,Orlando,4.5,-110.0,-110.0,0.5238095238095238,0.5238095238095238,0.0,Home Favorite,0.5221116230795652,0.47788837692043484,-0.001697900729958679,-0.04592114688908899,0.04592114688908899,FAVORITE,1,False,0.49161788492117925,0.5083821150788208,-0.03219163888834459,-0.01542740873070303,0.03219163888834459,UNDERDOG,0,True,0.4933950016021836,0.5066049983978165,-0.030414522207340255,-0.01720452541170736,0.030414522207340255,UNDERDOG,0,True
2025-11-27,Indiana,Washington,6.5,-110.0,-110.0,0.5238095238095238,0.5238095238095238,1.0,Home Favorite,0.5946107459269403,0.4053892540730597,0.07080122211741646,-0.11842026973646413,0.11842026973646413,FAVORITE,1,True,0.5809417557250776,0.41905824427492244,0.05713223191555372,-0.1047512795346014,0.1047512795346014,FAVORITE,1,True,0.5755633576112871,0.4244366423887129,0.05175383380176324,-0.09937288142081091,0.09937288142081091,FAVORITE,1,True
2025-11-27,New York,Milwaukee,7.5,-110.0,-110.0,0.5238095238095238,0.5238095238095238,1.0,Home Favorite,0.555704559369896,0.44429544063010395,0.03189503556037221,-0.07951408317941988,0.07951408317941988,FAVORITE,1,True,0.5849170315420876,0.41508296845791237,0.06110750773256379,-0.10872655535161146,0.10872655535161146,FAVORITE,1,True,0.5247771172817066,0.4752228827182934,0.0009675934721827817,-0.048586641091230454,0.048586641091230454,FAVORITE,1,True
2025-11-27,Okla City,Phoenix,14.5,-110.0,-110.0,0.5238095238095238,0.5238095238095238,0.0,Home Favorite,0.49392822338431924,0.5060717766156808,-0.029881300425204593,-0.017737747193843023,0.029881300425204593,UNDERDOG,0,True,0.5181343257190668,0.4818656742809332,-0.005675198090457023,-0.04194384952859065,0.04194384952859065,FAVORITE,1,False,0.529079004670028,0.470920995329972,0.005269480860504161,-0.05288852847955183,0.05288852847955183,FAVORITE,1,False
2025-11-27,Denver,San Antonio,9.5,-110.0,-110.0,0.5238095238095238,0.5238095238095238,0.0,Home Favorite,0.5041503674807558,0.4958496325192442,-0.019659156328768024,-0.027959891290279648,0.027959891290279648,FAVORITE,1,False,0.4569874529177839,0.543012547082216,-0.06682207089173992,0.019203023272692188,0.06682207089173992,UNDERDOG,0,True,0.49602036656784265,0.5039796334321573,-0.027789157241681184,-0.019829890377366488,0.027789157241681184,UNDERDOG,0,True
2025-11-27,Utah,Sacramento,1.5,-110.0,-110.0,0.5238095238095238,0.5238095238095238,1.0,Home Favorite,0.5065626769294079,0.49343732307059207,-0.017246846880115907,-0.030372200738931765,0.030372200738931765,FAVORITE,1,True,0.4553657649928118,0.5446342350071882,-0.06844375881671205,0.02082471119766438,0.06844375881671205,UNDERDOG,0,False,0.4518901752668928,0.5481098247331072,-0.07191934854263105,0.024300300923583373,0.07191934854263105,UNDERDOG,0,False
2025-11-27,La Lakers,Dallas,10.5,-110.0,-110.0,0.5238095238095238,0.5238095238095238,0.0,Home Favorite,0.42711377120352423,0.5728862287964758,-0.09669575260599961,0.049076704986951936,0.09669575260599961,UNDERDOG,0,True,0.4149735201265914,0.5850264798734086,-0.10883600368293245,0.061216956063884775,0.10883600368293245,UNDERDOG,0,True,0.5941632818652058,0.40583671813479416,0.070353758055682,-0.11797280567472967,0.11797280567472967,FAVORITE,1,False
2025-11-27,La Clippers,Memphis,6.5,-110.0,-110.0,0.5238095238095238,0.5238095238095238,0.0,Home Favorite,0.5126052190630462,0.48739478093695376,-0.0112043047464776,-0.03641474287257007,0.03641474287257007,FAVORITE,1,False,0.4499100076964744,0.5500899923035256,-0.07389951611304946,0.026280468494001785,0.07389951611304946,UNDERDOG,0,True,0.5885255010719507,0.4114744989280493,0.06471597726242684,-0.11233502488147451,0.11233502488147451,FAVORITE,1,False
2025-11-28,Cleveland,Atlanta,6.5,-103.0,-107.0,0.5073891625615764,0.5169082125603864,0.0,Away Favorite,0.3444470123111172,0.6555529876888828,-0.16294215025045922,0.13864477512849638,0.16294215025045922,UNDERDOG,0,True,0.20470123616058067,0.7952987638394193,-0.30268792640099573,0.2783905512790329,0.30268792640099573,UNDERDOG,0,True,0.1571689088983666,0.8428310911016335,-0.3502202536632098,0.325922878541247,0.3502202536632098,UNDERDOG,0,True
2025-11-28,Philadelphia,Brooklyn,6.5,-113.0,107.0,0.5305164319248826,0.4830917874396135,1.0,Away Favorite,0.4490741154121243,0.5509258845878757,-0.08144231651275835,0.06783409714826222,0.08144231651275835,UNDERDOG,0,False,0.3044524654627778,0.6955475345372222,-0.2260639664621048,0.21245574709760867,0.2260639664621048,UNDERDOG,0,False,0.7101621052463151,0.28983789475368493,0.17964567332143244,-0.19325389268592857,0.19325389268592857,FAVORITE,1,True
2025-11-28,Chicago,Charlotte,2.5,-104.0,-101.0,0.5098039215686274,0.5024875621890548,0.0,Away Favorite,0.5757308573964457,0.4242691426035543,0.06592693582781828,-0.07821841958550046,0.07821841958550046,FAVORITE,1,False,0.5200942498323701,0.47990575016762993,0.010290328263742654,-0.02258181202142484,0.02258181202142484,FAVORITE,1,False,0.34262500765288484,0.6573749923471152,-0.16717891391574258,0.1548874301580604,0.16717891391574258,UNDERDOG,0,True
2025-11-28,Detroit,Orlando,3.5,100.0,-107.0,0.5,0.5169082125603864,0.0,Home Favorite,0.5104768785232707,0.4895231214767293,0.010476878523270727,-0.027385091083657165,0.027385091083657165,FAVORITE,1,False,0.45514638203047764,0.5448536179695224,-0.044853617969522364,0.027945405409135926,0.044853617969522364,UNDERDOG,0,True,0.26992517946158234,0.7300748205384177,-0.23007482053841766,0.21316660797803122,0.23007482053841766,UNDERDOG,0,True
2025-11-28,Indiana,Washington,6.5,-113.0,106.0,0.5305164319248826,0.4854368932038835,1.0,Home Favorite,0.6030526175302917,0.3969473824697083,0.07253618560540909,-0.08848951073417521,0.08848951073417521,FAVORITE,1,True,0.6380915431932,0.36190845680679995,0.10757511126831742,-0.12352843639708355,0.12352843639708355,FAVORITE,1,True,0.769944221410118,0.23005577858988202,0.23942778948523535,-0.2553811146140015,0.2553811146140015,FAVORITE,1,True
2025-11-28,New York,Milwaukee,7.5,-110.0,-110.0,0.5238095238095238,0.5238095238095238,1.0,Home Favorite,0.5538458950549041,0.4461541049450959,0.030036371245380278,-0.07765541886442795,0.07765541886442795,FAVORITE,1,True,0.5563454635189544,0.4436545364810456,0.032535939709430584,-0.08015498732847826,0.08015498732847826,FAVORITE,1,True,0.7704990211076099,0.22950097889239007,0.2466894972980861,-0.29430854491713376,0.29430854491713376,FAVORITE,1,True
2025-11-28,Okla City,Phoenix,14.5,-107.0,105.0,0.5169082125603864,0.4878048780487805,0.0,Away Favorite,0.4308523236203262,0.5691476763796738,-0.08605588894006022,0.0813427983308933,0.08605588894006022,UNDERDOG,0,True,0.48353628786890585,0.5164637121310942,-0.03337192469148059,0.028658834082313733,0.03337192469148059,UNDERDOG,0,True,0.33049061625996695,0.669509383740033,-0.18641759630041949,0.18170450569125252,0.18641759630041949,UNDERDOG,0,True
2025-11-28,Denver,San Antonio,7.5,100.0,-104.0,0.5,0.5098039215686274,0.0,Home Favorite,0.4979004286213013,0.5020995713786987,-0.002099571378698706,-0.007704350189928766,0.007704350189928766,FAVORITE,0,True,0.5037974104371724,0.4962025895628276,0.0037974104371724104,-0.013601332005799827,0.013601332005799827,FAVORITE,1,False,0.2656776613855023,0.7343223386144977,-0.2343223386144977,0.22451841704587028,0.2343223386144977,UNDERDOG,0,True
2025-11-28,Utah,Sacramento,1.5,-110.0,-110.0,0.5238095238095238,0.5238095238095238,1.0,Home Favorite,0.5006086058348966,0.49939139416510336,-0.0232009179746272,-0.024418129644420472,0.024418129644420472,FAVORITE,1,True,0.5414604155134187,0.4585395844865813,0.01765089170389489,-0.06526993932294256,0.06526993932294256,FAVORITE,1,True,0.6390578108582781,0.36094218914172194,0.11524828704875423,-0.1628673346678019,0.1628673346678019,FAVORITE,1,True
2025-11-28,La Lakers,Dallas,10.5,100.0,-105.0,0.5,0.5121951219512195,0.0,Away Favorite,0.3932689488342,0.6067310511658,-0.1067310511658,0.09453592921458043,0.1067310511658,UNDERDOG,0,True,0.3531603727943572,0.6468396272056428,-0.1468396272056428,0.13464450525442329,0.1468396272056428,UNDERDOG,0,True,0.3501415385065044,0.6498584614934956,-0.14985846149349558,0.13766333954227605,0.14985846149349558,UNDERDOG,0,True
2025-11-28,La Clippers,Memphis,6.5,101.0,-109.0,0.4975124378109453,0.5215311004784688,0.0,Away Favorite,0.5136772244278572,0.48632277557214276,0.016164786616911953,-0.03520832490632608,0.03520832490632608,FAVORITE,1,False,0.46341351169428013,0.5365864883057199,-0.03409892611666515,0.015055387827251021,0.03409892611666515,UNDERDOG,0,True,0.5467258751299712,0.4532741248700288,0.04921343731902589,-0.06825697560844002,0.06825697560844002,FAVORITE,1,False
2025-11-29,Minnesota,Boston,7.5,101.0,-110.0,0.4975124378109453,0.5238095238095238,0.0,Home Favorite,0.6081570877293543,0.3918429122706457,0.110644649918409,-0.13196661153887812,0.13196661153887812,FAVORITE,1,False,0.7300847611176378,0.26991523888236224,0.23257232330669247,-0.2538942849271616,0.2538942849271616,FAVORITE,1,False,0.560327271714616,0.43967272828538395,0.06281483390367076,-0.08413679552413988,0.08413679552413988,FAVORITE,1,False
2025-11-29,Toronto,Charlotte,9.5,104.0,-113.0,0.49019607843137253,0.5305164319248826,0.0,Away Favorite,0.6769279625059665,0.32307203749403346,0.186731884074594,-0.20744439443084917,0.20744439443084917,FAVORITE,1,False,0.8105414189095523,0.18945858109044766,0.3203453404781798,-0.34105785083443496,0.34105785083443496,FAVORITE,1,False,0.6883989707927338,0.3116010292072662,0.1982028923613613,-0.21891540271761645,0.21891540271761645,FAVORITE,1,False
2025-11-29,Chicago,Indiana,3.5,-105.0,102.0,0.5121951219512195,0.49504950495049505,0.0,Away Favorite,0.6162453444250606,0.3837546555749394,0.1040502224738411,-0.11129484937555567,0.11129484937555567,FAVORITE,1,False,0.5781993037227714,0.4218006962772286,0.06600418177155187,-0.07324880867326644,0.07324880867326644,FAVORITE,1,False,0.399789895779735,0.600210104220265,-0.11240522617148452,0.10516059926976995,0.11240522617148452,UNDERDOG,0,True
2025-11-29,Miami,Detroit,3.5,-114.0,104.0,0.5327102803738317,0.49019607843137253,0.0,Home Favorite,0.26110554268207614,0.7388944573179239,-0.2716047376917556,0.24869837888655139,0.2716047376917556,UNDERDOG,0,True,0.17430331657883513,0.8256966834211649,-0.3584069637949966,0.33550060498979234,0.3584069637949966,UNDERDOG,0,True,0.38878315973628225,0.6112168402637177,-0.14392712063754948,0.12102076183234517,0.14392712063754948,UNDERDOG,0,True
2025-11-29,Milwaukee,Brooklyn,11.5,102.0,-110.0,0.49504950495049505,0.5238095238095238,1.0,Home Favorite,0.5166700597365912,0.4833299402634088,0.021620554786096147,-0.04047958354611503,0.04047958354611503,FAVORITE,1,True,0.5254751912877276,0.47452480871227243,0.030425686337232527,-0.04928471509725141,0.04928471509725141,FAVORITE,1,True,0.4088955206760215,0.5911044793239786,-0.08615398427447357,0.06729495551445475,0.08615398427447357,UNDERDOG,0,False
2025-11-29,Golden State,New Orleans,8.5,-110.0,-110.0,0.5238095238095238,0.5238095238095238,0.0,Home Favorite,0.5090860115891916,0.49091398841080836,-0.014723512220332191,-0.03289553539871548,0.03289553539871548,FAVORITE,1,False,0.5321526844110822,0.4678473155889178,0.008343160601558375,-0.05596220822060605,0.05596220822060605,FAVORITE,1,False,0.6230180097680098,0.3769819902319902,0.09920848595848597,-0.14682753357753364,0.14682753357753364,FAVORITE,1,False
2025-11-29,Denver,Phoenix,3.5,-105.0,-103.0,0.5121951219512195,0.5073891625615764,1.0,Away Favorite,0.45691392901849076,0.5430860709815093,-0.05528119293272876,0.03569690841993289,0.05528119293272876,UNDERDOG,0,False,0.3804472272640465,0.6195527727359535,-0.13174789468717302,0.11216361017437715,0.13174789468717302,UNDERDOG,0,False,0.4970001318126318,0.5029998681873682,-0.015194990138587716,-0.004389294374208208,0.015194990138587716,UNDERDOG,0,False
2025-11-29,La Clippers,Dallas,7.5,-102.0,-108.0,0.504950495049505,0.5192307692307693,0.0,Away Favorite,0.4740815963005131,0.5259184036994868,-0.030868898748991846,0.006687634468717563,0.030868898748991846,UNDERDOG,0,True,0.4892322041389619,0.5107677958610382,-0.015718290910543053,-0.00846297336973112,0.015718290910543053,UNDERDOG,0,True,0.4920472036428851,0.5079527963571149,-0.012903291406619832,-0.011277972873654396,0.012903291406619832,UNDERDOG,0,True
2025-11-30,Houston,Utah,11.5,-110.0,-110.0,0.5238095238095238,0.5238095238095238,1.0,Away Favorite,0.5410744978210199,0.4589255021789801,0.01726497401149607,-0.06488402163054374,0.06488402163054374,FAVORITE,1,True,0.6422664990085442,0.35773350099145584,0.11845697519902032,-0.166076022818068,0.166076022818068,FAVORITE,1,True,0.6037822898866981,0.39621771011330187,0.0799727660771743,-0.12759181369622197,0.12759181369622197,FAVORITE,1,True
2025-11-30,Cleveland,Boston,6.5,-109.0,-102.0,0.5215311004784688,0.504950495049505,0.0,Home Favorite,0.5756790960451169,0.4243209039548831,0.054147995566648066,-0.08062959109462187,0.08062959109462187,FAVORITE,1,False,0.6209079144108995,0.37909208558910046,0.0993768139324307,-0.1258584094604045,0.1258584094604045,FAVORITE,1,False,0.6712496590446733,0.32875034095532674,0.14971855856620442,-0.17620015409417822,0.17620015409417822,FAVORITE,1,False
2025-11-30,New York,Toronto,7.5,-110.0,-110.0,0.5238095238095238,0.5238095238095238,1.0,Home Favorite,0.4171702150104163,0.5828297849895837,-0.10663930879910755,0.059020261180059874,0.10663930879910755,UNDERDOG,0,False,0.36220631940638637,0.6377936805936136,-0.16160320440313747,0.1139841567840898,0.16160320440313747,UNDERDOG,0,False,0.36936492978797886,0.6306350702120211,-0.15444459402154498,0.1068255464024973,0.15444459402154498,UNDERDOG,0,False
2025-11-30,Philadelphia,Atlanta,2.5,-101.0,-112.0,0.5024875621890548,0.5283018867924528,0.0,Home Favorite,0.42524585958267064,0.5747541404173293,-0.07724170260638413,0.04645225362487648,0.07724170260638413,UNDERDOG,0,True,0.39759282768971693,0.6024071723102831,-0.10489473449933784,0.07410528551783024,0.10489473449933784,UNDERDOG,0,True,0.24641376524951242,0.7535862347504876,-0.25607379693954235,0.22528434795803476,0.25607379693954235,UNDERDOG,0,True
2025-11-30,Okla City,Portland,11.5,-102.0,-102.0,0.504950495049505,0.504950495049505,0.0,Away Favorite,0.438082793009602,0.5619172069903979,-0.06686770203990294,0.05696671194089298,0.06686770203990294,UNDERDOG,0,True,0.39486638188940054,0.6051336181105995,-0.11008411316010441,0.10018312306109456,0.11008411316010441,UNDERDOG,0,True,0.3769924116805903,0.6230075883194097,-0.12795808336891468,0.11805709326990477,0.12795808336891468,UNDERDOG,0,True
2025-11-30,Minnesota,San Antonio,3.5,-104.0,-105.0,0.5098039215686274,0.5121951219512195,1.0,Home Favorite,0.484016610455335,0.515983389544665,-0.02578731111329241,0.0037882675934455268,0.02578731111329241,UNDERDOG,0,False,0.45316060569733435,0.5468393943026657,-0.056643315871293065,0.03464427235144618,0.056643315871293065,UNDERDOG,0,False,0.3581770964551974,0.6418229035448026,-0.15162682511343,0.12962778159358312,0.15162682511343,UNDERDOG,0,False
2025-11-30,Memphis,Sacramento,3.5,110.0,-117.0,0.47619047619047616,0.5391705069124424,1.0,Away Favorite,0.5513520582184451,0.44864794178155487,0.07516158202796897,-0.09052256513088752,0.09052256513088752,FAVORITE,1,True,0.5753350320522077,0.4246649679477923,0.09914455586173154,-0.1145055389646501,0.1145055389646501,FAVORITE,1,True,0.47012037436619986,0.5298796256338001,-0.006070101824276308,-0.009290881278642305,0.009290881278642305,FAVORITE,0,False
2025-11-30,La Lakers,New Orleans,15.5,-110.0,-110.0,0.5238095238095238,0.5238095238095238,0.0,Home Favorite,0.45648932448115764,0.5435106755188424,-0.06732019932836619,0.01970115170931852,0.06732019932836619,UNDERDOG,0,True,0.47567227422857694,0.5243277257714231,-0.048137249580946895,0.0005182019618992229,0.048137249580946895,UNDERDOG,0,True,0.5000671363433071,0.49993286365669287,-0.023742387466216708,-0.023876660152830964,0.023876660152830964,FAVORITE,1,False
2025-12-01,Detroit,Atlanta,9.5,-102.0,-108.0,0.504950495049505,0.5192307692307693,0.0,Home Favorite,0.5308230223508877,0.46917697764911226,0.025872527301382786,-0.050053791581657014,0.050053791581657014,FAVORITE,1,False,0.5157617477398595,0.4842382522601405,0.010811252690354545,-0.03499251697062877,0.03499251697062877,FAVORITE,1,False,0.5844750540772925,0.4155249459227075,0.07952455902778754,-0.10370582330806177,0.10370582330806177,FAVORITE,1,False
2025-12-01,Cleveland,Indiana,6.5,-111.0,108.0,0.5260663507109005,0.4807692307692308,1.0,Away Favorite,0.35658855205835244,0.6434114479416475,-0.16947779865254803,0.16264221717241673,0.16947779865254803,UNDERDOG,0,False,0.1847865521210047,0.8152134478789953,-0.34127979858989577,0.3344442171097645,0.34127979858989577,UNDERDOG,0,False,0.21605518915194669,0.7839448108480533,-0.3100111615589538,0.30317558007882256,0.3100111615589538,UNDERDOG,0,False
2025-12-01,Milwaukee,Washington,9.5,-108.0,105.0,0.5192307692307693,0.4878048780487805,0.0,Away Favorite,0.40047205819923604,0.599527941800764,-0.11875871103153324,0.11172306375198349,0.11875871103153324,UNDERDOG,0,True,0.373787439715356,0.626212560284644,-0.14544332951541328,0.13840768223586353,0.14544332951541328,UNDERDOG,0,True,0.4418463828612659,0.5581536171387341,-0.0773843863695034,0.07034873908995365,0.0773843863695034,UNDERDOG,0,True
2025-12-01,Charlotte,Brooklyn,4.5,-102.0,-102.0,0.504950495049505,0.504950495049505,0.0,Away Favorite,0.5337664406961029,0.4662335593038971,0.02881594564659795,-0.03871693574560786,0.03871693574560786,FAVORITE,1,False,0.5479979447237601,0.45200205527623993,0.04304744967425511,-0.05294843977326502,0.05294843977326502,FAVORITE,1,False,0.6468635327049117,0.3531364672950883,0.14191303765540675,-0.15181402775441666,0.15181402775441666,FAVORITE,1,False
2025-12-01,Miami,La Clippers,6.5,107.0,-112.0,0.4830917874396135,0.5283018867924528,1.0,Home Favorite,0.34309236289526474,0.6569076371047353,-0.13999942454434877,0.1286057503122825,0.13999942454434877,UNDERDOG,0,False,0.25601201361966147,0.7439879863803385,-0.22707977381995204,0.21568609958788565,0.22707977381995204,UNDERDOG,0,False,0.3675207177601603,0.6324792822398397,-0.11557106967945319,0.10417739544738691,0.11557106967945319,UNDERDOG,0,False
2025-12-01,Orlando,Chicago,8.5,-119.0,107.0,0.54337899543379,0.4830917874396135,0.0,Home Favorite,0.5108949909435279,0.48910500905647214,-0.03248400449026212,0.006013221616858633,0.03248400449026212,UNDERDOG,1,False,0.4658884694192585,0.5341115305807416,-0.07749052601453149,0.05101974314112806,0.07749052601453149,UNDERDOG,0,True,0.4115225750139425,0.5884774249860575,-0.13185642041984746,0.10538563754644398,0.13185642041984746,UNDERDOG,0,True
2025-12-01,Denver,Dallas,11.5,104.0,-107.0,0.49019607843137253,0.5169082125603864,0.0,Home Favorite,0.5999990440377114,0.4000009559622886,0.1098029656063389,-0.11690725659809786,0.11690725659809786,FAVORITE,1,False,0.6633145667977229,0.33668543320227706,0.1731184883663504,-0.18022277935810938,0.18022277935810938,FAVORITE,1,False,0.5708978464867372,0.42910215351326275,0.08070176805536472,-0.08780605904712369,0.08780605904712369,FAVORITE,1,False
2025-12-01,Houston,Utah,12.5,-110.0,-110.0,0.5238095238095238,0.5238095238095238,0.0,Away Favorite,0.6505948770727364,0.34940512292726356,0.1267853532632126,-0.17440440088226028,0.17440440088226028,FAVORITE,1,False,0.866584504628694,0.13341549537130604,0.3427749808191701,-0.3903940284382178,0.3903940284382178,FAVORITE,1,False,0.639193527797963,0.360806472202037,0.11538400398843918,-0.16300305160748685,0.16300305160748685,FAVORITE,1,False
2025-12-01,La Lakers,Phoenix,4.5,-110.0,101.0,0.5238095238095238,0.4975124378109453,1.0,Away Favorite,0.2515718560182014,0.7484281439817986,-0.2722376677913224,0.2509157061708533,0.2722376677913224,UNDERDOG,0,False,0.08018331740448487,0.9198166825955152,-0.44362620640503897,0.4223042447845699,0.44362620640503897,UNDERDOG,0,False,0.22398966313976412,0.7760103368602359,-0.29981986066975974,0.2784978990492906,0.29981986066975974,UNDERDOG,0,False
2025-12-02,Philadelphia,Washington,13.5,106.0,-117.0,0.4854368932038835,0.5391705069124424,1.0,Home Favorite,0.4668322213582126,0.5331677786417874,-0.018604671845670884,-0.006002728270654956,0.018604671845670884,UNDERDOG,0,False,0.4121050162936276,0.5878949837063724,-0.07333187691025589,0.048724476793929994,0.07333187691025589,UNDERDOG,0,False,0.3895041591499511,0.6104958408500489,-0.09593273405393238,0.07132533393760654,0.09593273405393238,UNDERDOG,0,False
2025-12-02,Toronto,Portland,5.5,-102.0,-101.0,0.504950495049505,0.5024875621890548,0.0,Home Favorite,0.3936654557122282,0.6063345442877718,-0.11128503933727674,0.10384698209871701,0.11128503933727674,UNDERDOG,0,True,0.3810425930504967,0.6189574069495033,-0.12390790199900825,0.11646984476044853,0.12390790199900825,UNDERDOG,0,True,0.3456059000054204,0.6543940999945796,-0.15934459504408455,0.15190653780552488,0.15934459504408455,UNDERDOG,0,True
2025-12-02,Boston,New York,1.5,-110.0,-110.0,0.5238095238095238,0.5238095238095238,1.0,Home Favorite,0.32373366509829193,0.6762663349017081,-0.2000758587112319,0.15245681109218423,0.2000758587112319,UNDERDOG,0,False,0.2102038625690661,0.7897961374309339,-0.31360566124045774,0.2659866136214101,0.31360566124045774,UNDERDOG,0,False,0.25912880970163743,0.7408711902983626,-0.2646807141078864,0.21706166648883873,0.2646807141078864,UNDERDOG,0,False
2025-12-02,Minnesota,New Orleans,10.5,-110.0,-110.0,0.5238095238095238,0.5238095238095238,0.0,Away Favorite,0.3115227697490896,0.6884772302509103,-0.21228675406043424,0.1646677064413865,0.21228675406043424,UNDERDOG,0,True,0.16922139601574288,0.8307786039842571,-0.35458812779378096,0.30696908017473323,0.35458812779378096,UNDERDOG,0,True,0.2947748337554827,0.7052251662445173,-0.22903469005404115,0.18141564243499342,0.22903469005404115,UNDERDOG,0,True
2025-12-02,San Antonio,Memphis,5.5,100.0,-109.0,0.5,0.5215311004784688,0.0,Away Favorite,0.46067376417644085,0.5393262358235591,-0.03932623582355915,0.01779513534509025,0.03932623582355915,UNDERDOG,0,True,0.43883481009027603,0.561165189909724,-0.06116518990972397,0.039634089431255126,0.06116518990972397,UNDERDOG,0,True,0.4260275877749358,0.5739724122250642,-0.07397241222506418,0.05244131174659539,0.07397241222506418,UNDERDOG,0,True
2025-12-02,Okla City,Golden State,11.5,-110.0,102.0,0.5238095238095238,0.49504950495049505,1.0,Away Favorite,0.48059739248901034,0.5194026075109897,-0.04321213132051349,0.02435310256049461,0.04321213132051349,UNDERDOG,0,False,0.44954412944851607,0.5504558705514839,-0.07426539436100776,0.05540636560098888,0.07426539436100776,UNDERDOG,0,False,0.4875514062359133,0.5124485937640867,-0.03625811757361053,0.017399088813591645,0.03625811757361053,UNDERDOG,0,False
2025-12-03,Cleveland,Portland,10.5,103.0,-111.0,0.49261083743842365,0.5260663507109005,0.0,Home Favorite,0.45501681765973623,0.5449831823402638,-0.037594019778687426,0.018916831629363307,0.037594019778687426,UNDERDOG,0,True,0.3974027179169798,0.6025972820830202,-0.09520811952144387,0.07653093137211975,0.09520811952144387,UNDERDOG,0,True,0.4375791441059566,0.5624208558940433,-0.05503169333246705,0.03635450518314287,0.05503169333246705,UNDERDOG,0,True
2025-12-03,Denver,Indiana,7.5,-111.0,107.0,0.5260663507109005,0.4830917874396135,1.0,Away Favorite,0.5818797609365546,0.4181202390634454,0.055813410225654114,-0.06497154837616809,0.06497154837616809,FAVORITE,1,True,0.6668063847492351,0.33319361525076485,0.14074003403833468,-0.14989817218884866,0.14989817218884866,FAVORITE,1,True,0.6001201484906712,0.3998798515093288,0.07405379777977072,-0.0832119359302847,0.0832119359302847,FAVORITE,1,True
2025-12-03,Orlando,San Antonio,7.5,-113.0,105.0,0.5305164319248826,0.4878048780487805,0.0,Home Favorite,0.5087555336301932,0.4912444663698068,-0.021760898294689413,0.00343958832102631,0.021760898294689413,UNDERDOG,1,False,0.49456725816914593,0.5054327418308541,-0.035949173755736696,0.017627863782073594,0.035949173755736696,UNDERDOG,0,True,0.590469760246692,0.40953023975330805,0.05995332832180933,-0.07827463829547243,0.07827463829547243,FAVORITE,1,False
2025-12-03,Atlanta,La Clippers,3.5,103.0,-106.0,0.49261083743842365,0.5145631067961165,0.0,Home Favorite,0.5023988603751437,0.4976011396248563,0.009788022936720042,-0.016961967171260195,0.016961967171260195,FAVORITE,1,False,0.5100557627933185,0.48994423720668145,0.01744492535489489,-0.024618869589435044,0.024618869589435044,FAVORITE,1,False,0.5637549765967961,0.4362450234032039,0.07114413915837242,-0.07831808339291257,0.07831808339291257,FAVORITE,1,False
2025-12-03,New York,Charlotte,8.5,-110.0,-110.0,0.5238095238095238,0.5238095238095238,1.0,Home Favorite,0.5501482104917033,0.44985178950829674,0.026338686682179424,-0.0739577343012271,0.0739577343012271,FAVORITE,1,True,0.5818708972682141,0.41812910273178594,0.058061373458690224,-0.1056804210777379,0.1056804210777379,FAVORITE,1,True,0.5184181556107041,0.48158184438929585,-0.00539136819881969,-0.04222767942022798,0.04222767942022798,FAVORITE,1,True
2025-12-03,Chicago,Brooklyn,8.5,108.0,-113.0,0.4807692307692308,0.5305164319248826,0.0,Home Favorite,0.4788275781093889,0.5211724218906111,-0.0019416526598418637,-0.009344010034271544,0.009344010034271544,FAVORITE,0,True,0.40258331838636907,0.5974166816136309,-0.07818591238286171,0.0669002496887483,0.07818591238286171,UNDERDOG,0,True,0.5209891610794003,0.4790108389205997,0.040219930310169516,-0.051505593004282924,0.051505593004282924,FAVORITE,1,False
2025-12-03,Houston,Sacramento,15.5,-102.0,-102.0,0.504950495049505,0.504950495049505,1.0,Home Favorite,0.41498609303938444,0.5850139069606155,-0.08996440201012051,0.08006341191111055,0.08996440201012051,UNDERDOG,0,False,0.3740343569905557,0.6259656430094442,-0.13091613805894925,0.12101514795993928,0.13091613805894925,UNDERDOG,0,False,0.3155393718464744,0.6844606281535256,-0.18941112320303055,0.17951013310402064,0.18941112320303055,UNDERDOG,0,False
2025-12-03,Detroit,Milwaukee,4.5,101.0,-109.0,0.4975124378109453,0.5215311004784688,0.0,Away Favorite,0.46238194477780503,0.537618055222195,-0.03513049303314025,0.016086954743726123,0.03513049303314025,UNDERDOG,0,True,0.400061565314152,0.5999384346858481,-0.0974508724967933,0.07840733420737922,0.0974508724967933,UNDERDOG,0,True,0.38054952744510007,0.6194504725548999,-0.11696291036584522,0.09791937207643109,0.11696291036584522,UNDERDOG,0,True
2025-12-03,Miami,Dallas,4.5,-109.0,106.0,0.5215311004784688,0.4854368932038835,0.0,Away Favorite,0.3913414526259445,0.6086585473740556,-0.13018964785252435,0.12322165417017206,0.13018964785252435,UNDERDOG,0,True,0.2307670595127673,0.7692329404872327,-0.2907640409657015,0.2837960472833492,0.2907640409657015,UNDERDOG,0,True,0.40670200902653064,0.5932979909734694,-0.1148290914519382,0.10786109776958586,0.1148290914519382,UNDERDOG,0,True
2025-12-04,Philadelphia,Golden State,2.5,-110.0,102.0,0.5238095238095238,0.49504950495049505,0.0,Home Favorite,0.3673025950314575,0.6326974049685425,-0.15650692877806632,0.1376479000180475,0.15650692877806632,UNDERDOG,0,True,0.2989070116587558,0.7010929883412442,-0.22490251215076806,0.20604348339074918,0.22490251215076806,UNDERDOG,0,True,0.34610121193363425,0.6538987880663658,-0.1777083118758896,0.15884928311587077,0.1777083118758896,UNDERDOG,0,True
2025-12-04,Boston,Washington,9.5,-110.0,103.0,0.5238095238095238,0.49261083743842365,0.0,Away Favorite,0.5112305773223884,0.4887694226776116,-0.012578946487135423,-0.0038414147608120675,0.012578946487135423,UNDERDOG,1,False,0.5550172164734607,0.4449827835265393,0.03120769266393686,-0.04762805391188435,0.04762805391188435,FAVORITE,1,False,0.5079017584860624,0.49209824151393755,-0.015907765323461387,-0.0005125959244861034,0.015907765323461387,UNDERDOG,1,False
2025-12-04,Utah,Brooklyn,4.5,-110.0,-110.0,0.5238095238095238,0.5238095238095238,0.0,Away Favorite,0.5179984611367849,0.48200153886321506,-0.005811062672738898,-0.041807984946308774,0.041807984946308774,FAVORITE,1,False,0.43439299973058754,0.5656070002694125,-0.0894165240789363,0.04179747645988863,0.0894165240789363,UNDERDOG,0,True,0.3667336539030543,0.6332663460969457,-0.15707586990646955,0.10945682228742182,0.15707586990646955,UNDERDOG,0,True
2025-12-04,Toronto,La Lakers,2.5,-104.0,101.0,0.5098039215686274,0.4975124378109453,0.0,Home Favorite,0.5523092555781027,0.44769074442189727,0.042505334009475315,-0.049821693389048016,0.049821693389048016,FAVORITE,1,False,0.6301199326621574,0.3698800673378426,0.12031601109352996,-0.12763237047310266,0.12763237047310266,FAVORITE,1,False,0.5943442604160133,0.4056557395839867,0.08454033884738588,-0.09185669822695858,0.09185669822695858,FAVORITE,1,False
2025-12-04,Minnesota,New Orleans,11.5,-110.0,-110.0,0.5238095238095238,0.5238095238095238,1.0,Away Favorite,0.4520052859163651,0.547994714083635,-0.07180423789315876,0.024185190274111146,0.07180423789315876,UNDERDOG,0,False,0.3860716383607098,0.6139283616392902,-0.13773788544881405,0.09011883782976637,0.13773788544881405,UNDERDOG,0,False,0.4725070352763311,0.5274929647236689,-0.05130248853319275,0.0036834409141450752,0.05130248853319275,UNDERDOG,0,False
2025-12-06,Brooklyn,New Orleans,3.5,-110.0,-110.0,0.5238095238095238,0.5238095238095238,1.0,Home Favorite,0.6188157351345689,0.3811842648654311,0.09500621132504505,-0.14262525894409273,0.14262525894409273,FAVORITE,1,True,0.6611656415387909,0.33883435846120913,0.13735611772926704,-0.1849751653483147,0.1849751653483147,FAVORITE,1,True,0.5572959274916109,0.44270407250838906,0.03348640368208711,-0.08110545130113478,0.08110545130113478,FAVORITE,1,True
2025-12-06,Atlanta,Washington,9.5,102.0,-106.0,0.49504950495049505,0.5145631067961165,1.0,Away Favorite,0.3841409359302332,0.6158590640697668,-0.11090856902026186,0.10129595727365026,0.11090856902026186,UNDERDOG,0,False,0.2799985433673069,0.7200014566326931,-0.21505096158318815,0.2054383498365766,0.21505096158318815,UNDERDOG,0,False,0.3315746347771899,0.66842536522281,-0.16347487017330514,0.15386225842669354,0.16347487017330514,UNDERDOG,0,False
2025-12-06,Cleveland,Golden State,7.5,-108.0,101.0,0.5192307692307693,0.4975124378109453,0.0,Home Favorite,0.47395948184911707,0.5260405181508829,-0.0452712873816522,0.028528080339937645,0.0452712873816522,UNDERDOG,0,True,0.5256753516188609,0.4743246483811391,0.006444582388091646,-0.023187789429806205,0.023187789429806205,FAVORITE,1,False,0.39806249410845795,0.601937505891542,-0.12116827512231132,0.10442506808059676,0.12116827512231132,UNDERDOG,0,True
2025-12-06,Detroit,Milwaukee,12.5,-105.0,-102.0,0.5121951219512195,0.504950495049505,0.0,Home Favorite,0.4777037486531237,0.5222962513468763,-0.03449137329809582,0.01734575629737134,0.03449137329809582,UNDERDOG,0,True,0.44970017736635515,0.5502998226336449,-0.062494944584864376,0.0453493275841399,0.062494944584864376,UNDERDOG,0,True,0.4813029817334115,0.5186970182665884,-0.030892140217808006,0.013746523217083473,0.030892140217808006,UNDERDOG,0,True
2025-12-06,Miami,Sacramento,8.5,105.0,-110.0,0.4878048780487805,0.5238095238095238,0.0,Home Favorite,0.3635565604204867,0.6364434395795133,-0.1242483176282938,0.11263391576998949,0.1242483176282938,UNDERDOG,0,True,0.31840769735235286,0.6815923026476471,-0.16939718069642762,0.1577827788381233,0.16939718069642762,UNDERDOG,0,True,0.3349767159955681,0.6650232840044319,-0.15282816205321237,0.14121376019490806,0.15282816205321237,UNDERDOG,0,True
2025-12-06,Minnesota,La Clippers,9.5,-114.0,108.0,0.5327102803738317,0.4807692307692308,0.0,Home Favorite,0.5182181573177392,0.48178184268226076,-0.014492123056092487,0.0010126119130299815,0.014492123056092487,UNDERDOG,1,False,0.5293345157792306,0.47066548422076937,-0.003375764594601094,-0.010103746548461412,0.010103746548461412,FAVORITE,1,False,0.33697582853059055,0.6630241714694094,-0.19573445184324118,0.1822549407001786,0.19573445184324118,UNDERDOG,0,True
2025-12-06,Houston,Dallas,8.5,-101.0,-103.0,0.5024875621890548,0.5073891625615764,0.0,Away Favorite,0.5273781007099674,0.4726218992900326,0.02489053852091261,-0.03476726327154378,0.03476726327154378,FAVORITE,1,False,0.5090422453331541,0.4909577546668459,0.006554683144099349,-0.01643140789473052,0.01643140789473052,FAVORITE,1,False,0.4489830915120177,0.5510169084879823,-0.053504470677037064,0.04362774592640595,0.053504470677037064,UNDERDOG,0,True
2025-12-07,New York,Orlando,1.5,-110.0,-110.0,0.5238095238095238,0.5238095238095238,1.0,Home Favorite,0.5078647660968225,0.4921352339031775,-0.01594475771270132,-0.03167428990634635,0.03167428990634635,FAVORITE,1,True,0.5536190645731578,0.4463809354268422,0.029809540763633957,-0.07742858838268163,0.07742858838268163,FAVORITE,1,True,0.4690860543946783,0.5309139456053217,-0.054723469414845516,0.007104421795797844,0.054723469414845516,UNDERDOG,0,False
2025-12-07,Boston,Toronto,3.5,-101.0,-110.0,0.5024875621890548,0.5238095238095238,1.0,Away Favorite,0.5849743447594572,0.4150256552405428,0.08248678257040243,-0.10878386856898103,0.10878386856898103,FAVORITE,1,True,0.7865089132911443,0.21349108670885575,0.2840213511020895,-0.3103184371006681,0.3103184371006681,FAVORITE,1,True,0.6700780210010453,0.3299219789989547,0.16759045881199053,-0.19388754481056913,0.19388754481056913,FAVORITE,1,True
2025-12-07,Denver,Charlotte,10.5,-111.0,-104.0,0.5260663507109005,0.5098039215686274,0.0,Away Favorite,0.5584532624159226,0.44154673758407736,0.03238691170502217,-0.06825718398455005,0.06825718398455005,FAVORITE,1,False,0.6343587880598944,0.36564121194010557,0.10829243734899396,-0.14416270962852185,0.14416270962852185,FAVORITE,1,False,0.6582990454596823,0.3417009545403177,0.13223269474878185,-0.16810296702830974,0.16810296702830974,FAVORITE,1,False
2025-12-07,Memphis,Portland,1.5,-104.0,-104.0,0.5098039215686274,0.5098039215686274,1.0,Home Favorite,0.47102344510961736,0.5289765548903826,-0.03878047645901006,0.019172633321755228,0.03878047645901006,UNDERDOG,0,False,0.46257094888603845,0.5374290511139616,-0.04723297268258897,0.027625129545334137,0.04723297268258897,UNDERDOG,0,False,0.443764447327223,0.556235552672777,-0.06603947424140444,0.04643163110414961,0.06603947424140444,UNDERDOG,0,False
2025-12-07,Golden State,Chicago,1.5,103.0,-116.0,0.49261083743842365,0.5370370370370371,1.0,Away Favorite,0.3650379585993132,0.6349620414006868,-0.12757287883911045,0.0979250043636497,0.12757287883911045,UNDERDOG,0,False,0.31340827356576173,0.6865917264342383,-0.17920256387266192,0.14955468939720118,0.17920256387266192,UNDERDOG,0,False,0.3674241387186641,0.6325758612813359,-0.12518669871975957,0.09553882424429883,0.12518669871975957,UNDERDOG,0,False
2025-12-07,La Lakers,Philadelphia,3.5,-107.0,101.0,0.5169082125603864,0.4975124378109453,1.0,Away Favorite,0.48802719952279605,0.511972800477204,-0.028881013037590386,0.014460362666258664,0.028881013037590386,UNDERDOG,0,False,0.5593131540170441,0.44068684598295593,0.04240494145665763,-0.05682559182798935,0.05682559182798935,FAVORITE,1,True,0.4983968989683937,0.5016031010316063,-0.018511313591992762,0.004090663220661039,0.018511313591992762,UNDERDOG,0,False
2025-12-07,Okla City,Utah,9.5,-110.0,-110.0,0.5238095238095238,0.5238095238095238,1.0,Away Favorite,0.36824731770961305,0.631752682290387,-0.15556220609991078,0.10794315848086311,0.15556220609991078,UNDERDOG,0,False,0.25292109773164206,0.7470789022683579,-0.27088842607788177,0.2232693784588341,0.27088842607788177,UNDERDOG,0,False,0.3863428980416838,0.6136571019583161,-0.13746662576784002,0.0898475781487923,0.13746662576784002,UNDERDOG,0,False
2025-12-08,Indiana,Sacramento,4.5,106.0,-111.0,0.4854368932038835,0.5260663507109005,1.0,Home Favorite,0.39958512730224116,0.6004148726977588,-0.08585176590164234,0.07434852198685837,0.08585176590164234,UNDERDOG,0,False,0.32228477387237076,0.6777152261276292,-0.16315211933151275,0.15164887541672878,0.16315211933151275,UNDERDOG,0,False,0.44912878052075444,0.5508712194792456,-0.03630811268312906,0.02480486876834509,0.03630811268312906,UNDERDOG,0,False
2025-12-08,Minnesota,Phoenix,9.5,-110.0,104.0,0.5238095238095238,0.49019607843137253,0.0,Home Favorite,0.42870733736931216,0.5712926626306878,-0.09510218644021168,0.08109658419931526,0.09510218644021168,UNDERDOG,0,True,0.41308856089442314,0.5869114391055769,-0.1107209629151007,0.09671536067420433,0.1107209629151007,UNDERDOG,0,True,0.3620215337980744,0.6379784662019257,-0.16178799001144945,0.14778238777055314,0.16178799001144945,UNDERDOG,0,True
2025-12-08,San Antonio,New Orleans,9.5,-110.0,-110.0,0.5238095238095238,0.5238095238095238,0.0,Away Favorite,0.33234299745495416,0.6676570025450459,-0.19146652635456968,0.14384747873552206,0.19146652635456968,UNDERDOG,0,True,0.20737872399811202,0.792621276001888,-0.3164307998114118,0.2688117521923642,0.3164307998114118,UNDERDOG,0,True,0.2204176406011985,0.7795823593988015,-0.30339188320832533,0.25577283558927766,0.30339188320832533,UNDERDOG,0,True
2025-12-09,Orlando,Miami,1.5,111.0,-116.0,0.47393364928909953,0.5370370370370371,0.0,Away Favorite,0.5529713261528952,0.44702867384710476,0.0790376768637957,-0.09000836318993233,0.09000836318993233,FAVORITE,1,False,0.5429679166228354,0.4570320833771646,0.06903426733373585,-0.08000495365987248,0.08000495365987248,FAVORITE,1,False,0.6399068623863438,0.36009313761365624,0.16597321309724422,-0.17694389942338085,0.17694389942338085,FAVORITE,1,False
2025-12-09,New York,Toronto,4.5,-110.0,-110.0,0.5238095238095238,0.5238095238095238,1.0,Away Favorite,0.5111576391355038,0.4888423608644962,-0.012651884674020009,-0.03496716294502766,0.03496716294502766,FAVORITE,1,True,0.5452557196016925,0.4547442803983075,0.021446195792168665,-0.06906524341121634,0.06906524341121634,FAVORITE,1,True,0.5301555290048116,0.46984447099518845,0.006346005195287718,-0.05396505281433539,0.05396505281433539,FAVORITE,1,True
2025-12-10,Okla City,Phoenix,14.5,-101.0,-102.0,0.5024875621890548,0.504950495049505,0.0,Away Favorite,0.3290794245099018,0.6709205754900982,-0.17340813767915297,0.16597008044059325,0.17340813767915297,UNDERDOG,0,True,0.25704008534034395,0.742959914659656,-0.24544747684871082,0.2380094196101511,0.24544747684871082,UNDERDOG,0,True,0.3190779791412252,0.6809220208587747,-0.18340958304782956,0.17597152580926978,0.18340958304782956,UNDERDOG,0,True
2025-12-10,La Lakers,San Antonio,6.5,-114.0,108.0,0.5327102803738317,0.4807692307692308,1.0,Away Favorite,0.6280226672113157,0.3719773327886843,0.095312386837484,-0.1087918979805465,0.1087918979805465,FAVORITE,1,True,0.7106142931550539,0.28938570684494613,0.17790401278122214,-0.19138352392428465,0.19138352392428465,FAVORITE,1,True,0.6058814878512045,0.39411851214879545,0.07317120747737282,-0.08665071862043533,0.08665071862043533,FAVORITE,1,True
2025-12-11,Houston,La Clippers,9.5,101.0,-106.0,0.4975124378109453,0.5145631067961165,0.0,Home Favorite,0.5479025873776463,0.4520974126223537,0.050390149566701015,-0.0624656941737628,0.0624656941737628,FAVORITE,1,False,0.5923191290552914,0.4076808709447086,0.0948066912443461,-0.10688223585140788,0.10688223585140788,FAVORITE,1,False,0.6215587454674804,0.37844125453251964,0.12404630765653507,-0.13612185226359685,0.13612185226359685,FAVORITE,1,False
2025-12-11,Boston,Milwaukee,9.5,103.0,-111.0,0.49261083743842365,0.5260663507109005,0.0,Away Favorite,0.5479614438390397,0.45203855616096034,0.05535060640061601,-0.07402779454994013,0.07402779454994013,FAVORITE,1,False,0.6612087299648141,0.33879127003518594,0.1685978925263904,-0.18727508067571452,0.18727508067571452,FAVORITE,1,False,0.6151593353951315,0.38484066460486854,0.1225484979567078,-0.14122568610603192,0.14122568610603192,FAVORITE,1,False
2025-12-11,Portland,New Orleans,4.5,-110.0,-110.0,0.5238095238095238,0.5238095238095238,0.0,Away Favorite,0.3391698507222328,0.6608301492777672,-0.184639673087291,0.13702062546824334,0.184639673087291,UNDERDOG,0,True,0.22791153310724463,0.7720884668927553,-0.2958979907022792,0.2482789430832315,0.2958979907022792,UNDERDOG,0,True,0.38199088017526883,0.6180091198247312,-0.141818643634255,0.09419959601520733,0.141818643634255,UNDERDOG,0,True
2025-12-11,Denver,Sacramento,10.5,102.0,-109.0,0.49504950495049505,0.5215311004784688,1.0,Away Favorite,0.5614100981596848,0.4385899018403152,0.06636059320918974,-0.08294119863815363,0.08294119863815363,FAVORITE,1,True,0.6221191301852464,0.37788086981475355,0.1270696252347514,-0.1436502306637153,0.1436502306637153,FAVORITE,1,True,0.5610190182457293,0.4389809817542707,0.06596951329523426,-0.08255011872419815,0.08255011872419815,FAVORITE,1,True
2025-12-12,Chicago,Charlotte,2.5,-114.0,106.0,0.5327102803738317,0.4854368932038835,1.0,Away Favorite,0.6215207861974261,0.3784792138025739,0.0888105058235944,-0.10695767940130962,0.10695767940130962,FAVORITE,1,True,0.7198230891487114,0.2801769108512886,0.18711280877487968,-0.2052599823525949,0.2052599823525949,FAVORITE,1,True,0.4535268582143879,0.5464731417856121,-0.07918342215944385,0.061036248581728625,0.07918342215944385,UNDERDOG,0,False
2025-12-12,Detroit,Atlanta,7.5,104.0,-108.0,0.49019607843137253,0.5192307692307693,1.0,Home Favorite,0.44366106196246463,0.5563389380375354,-0.0465350164689079,0.03710816880676615,0.0465350164689079,UNDERDOG,0,False,0.36777994886527493,0.6322200511347251,-0.1224161295660976,0.11298928190395585,0.1224161295660976,UNDERDOG,0,False,0.4439567914367153,0.5560432085632847,-0.046239286994657236,0.036812439332515434,0.046239286994657236,UNDERDOG,0,False
2025-12-12,Philadelphia,Indiana,7.5,104.0,-111.0,0.49019607843137253,0.5260663507109005,1.0,Home Favorite,0.44886723225238284,0.5511327677476172,-0.04132884617898969,0.025066417036716748,0.04132884617898969,UNDERDOG,0,False,0.4612700441565148,0.5387299558434853,-0.028926034274857737,0.012663605132584799,0.028926034274857737,UNDERDOG,0,False,0.44776505206376577,0.5522349479362343,-0.04243102636760676,0.026168597225333823,0.04243102636760676,UNDERDOG,0,False
2025-12-12,Cleveland,Washington,14.5,-104.0,101.0,0.5098039215686274,0.4975124378109453,0.0,Away Favorite,0.5611021881889348,0.43889781181106524,0.05129826662030734,-0.05861462599988004,0.05861462599988004,FAVORITE,1,False,0.5563831542668202,0.44361684573317983,0.04657923269819275,-0.05389559207776545,0.05389559207776545,FAVORITE,1,False,0.49710494111966047,0.5028950588803396,-0.012698980448966946,0.0053826210693943,0.012698980448966946,UNDERDOG,0,True
2025-12-12,Memphis,Utah,7.5,-110.0,-110.0,0.5238095238095238,0.5238095238095238,0.0,Home Favorite,0.4820036445798933,0.5179963554201067,-0.04180587922963053,-0.005813168389417145,0.04180587922963053,UNDERDOG,0,True,0.460803701840428,0.5391962981595719,-0.06300582196909582,0.015386774350048094,0.06300582196909582,UNDERDOG,0,True,0.633148248735209,0.36685175126479097,0.1093387249256852,-0.15695777254473287,0.15695777254473287,FAVORITE,1,False
2025-12-12,Dallas,Brooklyn,7.5,-111.0,104.0,0.5260663507109005,0.49019607843137253,1.0,Home Favorite,0.3371020456964202,0.6628979543035798,-0.18896430501448025,0.17270187587220726,0.18896430501448025,UNDERDOG,0,False,0.14080947349734918,0.8591905265026508,-0.3852568772135513,0.3689944480712783,0.3852568772135513,UNDERDOG,0,False,0.4675175995993039,0.532482400400696,-0.058548751111596575,0.042286321969323526,0.058548751111596575,UNDERDOG,0,False
2025-12-12,Golden State,Minnesota,1.5,-102.0,-104.0,0.504950495049505,0.5098039215686274,1.0,Away Favorite,0.4632953143259155,0.5367046856740845,-0.04165518072358948,0.026900764105457053,0.04165518072358948,UNDERDOG,0,False,0.43343092991008514,0.5665690700899149,-0.07151956513941982,0.056765148521287445,0.07151956513941982,UNDERDOG,0,False,0.5012100168350169,0.49878998316498313,-0.0037404782144880855,-0.011013938403644286,0.011013938403644286,FAVORITE,1,True
2025-12-13,New York,Orlando,4.5,-110.0,-110.0,0.5238095238095238,0.5238095238095238,1.0,Away Favorite,0.5692958740691807,0.4307041259308193,0.04548635025965686,-0.09310539787870453,0.09310539787870453,FAVORITE,1,True,0.5781422745642509,0.42185772543574906,0.0543327507547271,-0.10195179837377477,0.10195179837377477,FAVORITE,1,True,0.5932964719330722,0.4067035280669278,0.06948694812354839,-0.11710599574259606,0.11710599574259606,FAVORITE,1,True
2025-12-13,Okla City,San Antonio,10.5,-107.0,-106.0,0.5169082125603864,0.5145631067961165,0.0,Away Favorite,0.5097393417327514,0.49026065826724863,-0.0071688708276350654,-0.02430244852886787,0.02430244852886787,FAVORITE,1,False,0.5211682545657387,0.4788317454342613,0.004260042005352238,-0.035731361361855174,0.035731361361855174,FAVORITE,1,False,0.49944457248474455,0.5005554275152555,-0.017463640075641884,-0.014007679280860996,0.017463640075641884,UNDERDOG,0,True
2025-12-14,Indiana,Washington,9.5,-105.0,101.0,0.5121951219512195,0.4975124378109453,0.0,Home Favorite,0.534686176617244,0.46531382338275595,0.022491054666024524,-0.03219861442818933,0.03219861442818933,FAVORITE,1,False,0.49267434208104754,0.5073256579189525,-0.019520779870171978,0.00981322010800717,0.019520779870171978,UNDERDOG,0,True,0.5183778221040273,0.4816221778959727,0.006182700152807752,-0.01589025991497256,0.01589025991497256,FAVORITE,1,False
2025-12-14,Cleveland,Charlotte,11.5,-109.0,102.0,0.5215311004784688,0.49504950495049505,0.0,Home Favorite,0.5530118849602087,0.4469881150397913,0.031480784481739854,-0.048061389910703745,0.048061389910703745,FAVORITE,1,False,0.5854668543068824,0.4145331456931176,0.06393575382841354,-0.08051635925737743,0.08051635925737743,FAVORITE,1,False,0.5093263662223736,0.4906736337776264,-0.012204734256095251,-0.0043758711728686395,0.012204734256095251,UNDERDOG,1,False
2025-12-14,Atlanta,Philadelphia,5.5,103.0,-116.0,0.49261083743842365,0.5370370370370371,0.0,Home Favorite,0.47485345683282293,0.5251465431671771,-0.017757380605600726,-0.011890493869859964,0.017757380605600726,UNDERDOG,0,True,0.4834323250950343,0.5165676749049657,-0.009178512343389345,-0.0204693621320714,0.0204693621320714,FAVORITE,0,True,0.49189551799921605,0.508104482000784,-0.0007153194392076068,-0.028932555036253138,0.028932555036253138,FAVORITE,0,True
2025-12-14,Milwaukee,Brooklyn,1.5,-106.0,-100.0,0.5145631067961165,0.5,0.0,Away Favorite,0.44928979584320544,0.5507102041567946,-0.06527331095291106,0.050710204156794614,0.06527331095291106,UNDERDOG,0,True,0.4591879757671445,0.5408120242328556,-0.05537513102897201,0.04081202423285557,0.05537513102897201,UNDERDOG,0,True,0.38866098962230977,0.6113390103776902,-0.12590211717380673,0.11133901037769023,0.12590211717380673,UNDERDOG,0,True
2025-12-14,Minnesota,Sacramento,10.5,104.0,-105.0,0.49019607843137253,0.5121951219512195,1.0,Home Favorite,0.48118305038242776,0.5188169496175723,-0.009013028048944771,0.006621827666352775,0.009013028048944771,UNDERDOG,0,False,0.47795193624448407,0.5220480637555159,-0.012244142186888463,0.009852941804296411,0.012244142186888463,UNDERDOG,0,False,0.4250921904456743,0.5749078095543256,-0.06510388798569822,0.06271268760310611,0.06510388798569822,UNDERDOG,0,False
2025-12-14,Chicago,New Orleans,4.5,-110.0,-110.0,0.5238095238095238,0.5238095238095238,0.0,Home Favorite,0.49229589151067926,0.5077041084893208,-0.031513632298844574,-0.016105415320203043,0.031513632298844574,UNDERDOG,0,True,0.49149863559900875,0.5085013644009913,-0.03231088821051509,-0.015308159408532585,0.03231088821051509,UNDERDOG,0,True,0.5626089666623891,0.43739103333761087,0.038799442852865296,-0.08641849047191297,0.08641849047191297,FAVORITE,1,False
2025-12-14,La Lakers,Phoenix,1.5,102.0,-109.0,0.49504950495049505,0.5215311004784688,1.0,Away Favorite,0.5498459873950133,0.45015401260498666,0.05479648244451829,-0.07137708787348218,0.07137708787348218,FAVORITE,1,True,0.5627231525142815,0.4372768474857185,0.06767364756378647,-0.08425425299275036,0.08425425299275036,FAVORITE,1,True,0.418733089491925,0.581266910508075,-0.07631641545857004,0.05973581002960615,0.07631641545857004,UNDERDOG,0,False
2025-12-14,Golden State,Portland,4.5,-111.0,104.0,0.5260663507109005,0.49019607843137253,0.0,Away Favorite,0.270302870325913,0.7296971296740871,-0.2557634803849875,0.23950105124271454,0.2557634803849875,UNDERDOG,0,True,0.1323412519507956,0.8676587480492044,-0.39372509876010486,0.37746266961783187,0.39372509876010486,UNDERDOG,0,True,0.37845779536485324,0.6215422046351468,-0.14760855534604722,0.13134612620377423,0.14760855534604722,UNDERDOG,0,True
2025-12-15,Boston,Detroit,1.5,-107.0,104.0,0.5169082125603864,0.49019607843137253,0.0,Home Favorite,0.44297418162998925,0.5570258183700108,-0.07393403093039719,0.06682973993863822,0.07393403093039719,UNDERDOG,0,True,0.45110304595454764,0.5488969540454524,-0.0658051666058388,0.05870087561407983,0.0658051666058388,UNDERDOG,0,True,0.6449274272814265,0.3550725727185735,0.12801921472104005,-0.13512350571279902,0.13512350571279902,FAVORITE,1,False
2025-12-15,Miami,Toronto,6.5,105.0,-116.0,0.4878048780487805,0.5370370370370371,0.0,Home Favorite,0.29979413051685927,0.7002058694831408,-0.1880107475319212,0.1631688324461037,0.1880107475319212,UNDERDOG,0,True,0.16278263321573083,0.8372173667842692,-0.32502224483304964,0.3001803297472321,0.32502224483304964,UNDERDOG,0,True,0.28196380478078026,0.7180361952192198,-0.20584107326800022,0.1809991581821827,0.20584107326800022,UNDERDOG,0,True
2025-12-15,Dallas,Utah,1.5,-110.0,-110.0,0.5238095238095238,0.5238095238095238,0.0,Away Favorite,0.5657137094659896,0.43428629053401036,0.04190418565646581,-0.08952323327551348,0.08952323327551348,FAVORITE,1,False,0.569730904315327,0.430269095684673,0.04592138050580319,-0.09354042812485086,0.09354042812485086,FAVORITE,1,False,0.6453833277375122,0.35461667226248783,0.12157380392798833,-0.169192851547036,0.169192851547036,FAVORITE,1,False
2025-12-15,Denver,Houston,1.5,103.0,-105.0,0.49261083743842365,0.5121951219512195,1.0,Home Favorite,0.46331490185105895,0.536685098148941,-0.029295935587364708,0.02448997619772153,0.029295935587364708,UNDERDOG,0,False,0.40527545362002265,0.5947245463799773,-0.087335383818401,0.08252942442875777,0.087335383818401,UNDERDOG,0,False,0.4325443003619474,0.5674556996380526,-0.060066537076476245,0.05526057768683312,0.060066537076476245,UNDERDOG,0,False
2025-12-15,La Clippers,Memphis,4.5,-102.0,100.0,0.504950495049505,0.5,1.0,Away Favorite,0.24443646134395844,0.7555635386560415,-0.2605140337055465,0.25556353865604153,0.2605140337055465,UNDERDOG,0,False,0.10931693294465561,0.8906830670553444,-0.39563356210484935,0.3906830670553444,0.39563356210484935,UNDERDOG,0,False,0.30371597358349844,0.6962840264165016,-0.2012345214660065,0.19628402641650156,0.2012345214660065,UNDERDOG,0,False
2025-12-16,New York,San Antonio,2.5,-110.0,-110.0,0.5238095238095238,0.5238095238095238,0.0,Away Favorite,0.3673484026718523,0.6326515973281477,-0.15646112113767152,0.10884207351862385,0.15646112113767152,UNDERDOG,0,True,0.2946496450057465,0.7053503549942535,-0.22915987880377736,0.18154083118472963,0.22915987880377736,UNDERDOG,0,True,0.2826405882174264,0.7173594117825737,-0.24116893559209746,0.19354988797304984,0.24116893559209746,UNDERDOG,0,True
2025-12-17,Cleveland,Chicago,5.5,100.0,-105.0,0.5,0.5121951219512195,0.0,Away Favorite,0.5240210043829719,0.47597899561702806,0.024021004382971944,-0.03621612633419147,0.03621612633419147,FAVORITE,1,False,0.47428573325354584,0.5257142667464542,-0.025714266746454162,0.013519144795234639,0.025714266746454162,UNDERDOG,0,True,0.37634503617526394,0.6236549638247361,-0.12365496382473606,0.11145984187351654,0.12365496382473606,UNDERDOG,0,True
2025-12-17,Minnesota,Memphis,7.5,-101.0,-105.0,0.5024875621890548,0.5121951219512195,0.0,Home Favorite,0.44024794466043793,0.5597520553395621,-0.06223961752861684,0.04755693338834255,0.06223961752861684,UNDERDOG,0,True,0.4025797807631823,0.5974202192368177,-0.09990778142587248,0.08522509728559813,0.09990778142587248,UNDERDOG,0,True,0.39255206272375287,0.6074479372762471,-0.1099354994653019,0.0952528153250276,0.1099354994653019,UNDERDOG,0,True
2025-12-18,Atlanta,Charlotte,5.5,-103.0,-104.0,0.5073891625615764,0.5098039215686274,0.0,Away Favorite,0.5943764549950573,0.4056235450049427,0.08698729243348091,-0.10418037656368473,0.10418037656368473,FAVORITE,1,False,0.5565349466661076,0.4434650533338924,0.04914578410453119,-0.066338868234735,0.066338868234735,FAVORITE,1,False,0.5398695942575925,0.4601304057424075,0.03248043169601611,-0.04967351582621993,0.04967351582621993,FAVORITE,1,False
2025-12-18,New York,Indiana,4.5,-110.0,-110.0,0.5238095238095238,0.5238095238095238,0.0,Away Favorite,0.471974305702783,0.528025694297217,-0.051835218106740855,0.004216170487693183,0.051835218106740855,UNDERDOG,0,True,0.43938306742516603,0.560616932574834,-0.0844264563843578,0.03680740876531019,0.0844264563843578,UNDERDOG,0,True,0.5327409648450454,0.4672590351549546,0.00893144103552157,-0.05655048865456924,0.05655048865456924,FAVORITE,1,False
2025-12-18,Miami,Brooklyn,7.5,103.0,-105.0,0.49261083743842365,0.5121951219512195,1.0,Away Favorite,0.4521317086724775,0.5478682913275226,-0.04047912876594617,0.03567316937630305,0.04047912876594617,UNDERDOG,0,False,0.41421830400855686,0.5857816959914431,-0.0783925334298668,0.07358657404022362,0.0783925334298668,UNDERDOG,0,False,0.4681142627172767,0.5318857372827233,-0.02449657472114697,0.019690615331503736,0.02449657472114697,UNDERDOG,0,False
2025-12-18,Okla City,La Clippers,17.5,-104.0,-103.0,0.5098039215686274,0.5073891625615764,0.0,Away Favorite,0.5252513982750444,0.4747486017249556,0.015447476706416996,-0.03264056083662081,0.03264056083662081,FAVORITE,1,False,0.5522496724659961,0.4477503275340039,0.042445750897368684,-0.0596388350275725,0.0596388350275725,FAVORITE,1,False,0.43730357576500983,0.5626964242349901,-0.07250034580361758,0.05530726167341371,0.07250034580361758,UNDERDOG,0,True
2025-12-18,San Antonio,Washington,15.5,-103.0,-108.0,0.5073891625615764,0.5192307692307693,0.0,Away Favorite,0.4809651006586354,0.5190348993413646,-0.026424061902941,-0.0001958698894046762,0.026424061902941,UNDERDOG,0,True,0.41685397252421386,0.5831460274757861,-0.09053519003736255,0.06391525824501687,0.09053519003736255,UNDERDOG,0,True,0.37752532305206116,0.6224746769479388,-0.12986383950951524,0.10324390771716951,0.12986383950951524,UNDERDOG,0,True
2025-12-18,Toronto,Milwaukee,4.5,-107.0,-103.0,0.5169082125603864,0.5073891625615764,1.0,Away Favorite,0.7863483652154366,0.2136516347845634,0.26944015265505017,-0.293737527777013,0.293737527777013,FAVORITE,1,True,1.0,0.0,0.48309178743961356,-0.5073891625615764,0.5073891625615764,FAVORITE,1,True,0.7256214757607977,0.2743785242392023,0.20871326320041128,-0.23301063832237412,0.23301063832237412,FAVORITE,1,True
2025-12-18,Houston,New Orleans,9.5,-110.0,-110.0,0.5238095238095238,0.5238095238095238,0.0,Away Favorite,0.4462486410466584,0.5537513589533416,-0.07756088276286544,0.029941835143817763,0.07756088276286544,UNDERDOG,0,True,0.42377961286565524,0.5762203871343448,-0.1000299109438686,0.05241086332482092,0.1000299109438686,UNDERDOG,0,True,0.3022008187227138,0.6977991812772861,-0.22160870508681002,0.1739896574677623,0.22160870508681002,UNDERDOG,0,True
2025-12-18,Detroit,Dallas,6.5,-122.0,111.0,0.5495495495495496,0.47393364928909953,0.0,Away Favorite,0.418615581791381,0.581384418208619,-0.13093396775816862,0.10745076891951943,0.13093396775816862,UNDERDOG,0,True,0.402828502027993,0.5971714979720071,-0.14672104752155662,0.12323784868290755,0.14672104752155662,UNDERDOG,0,True,0.3289683914982323,0.6710316085017677,-0.22058115805131728,0.19709795921266815,0.22058115805131728,UNDERDOG,0,True
2025-12-18,Denver,Orlando,6.5,-109.0,105.0,0.5215311004784688,0.4878048780487805,1.0,Home Favorite,0.5106041883879794,0.4893958116120206,-0.01092691209048946,0.0015909335632401378,0.01092691209048946,UNDERDOG,1,True,0.5390982058492076,0.46090179415079235,0.0175671053707388,-0.026903083897988123,0.026903083897988123,FAVORITE,1,True,0.42735960195137435,0.5726403980486257,-0.0941714985270945,0.08483551999984518,0.0941714985270945,UNDERDOG,0,False
2025-12-18,Golden State,Phoenix,1.5,-108.0,103.0,0.5192307692307693,0.49261083743842365,0.0,Away Favorite,0.45862837269368506,0.5413716273063149,-0.06060239653708421,0.048760789867891285,0.06060239653708421,UNDERDOG,0,True,0.4296028996553233,0.5703971003446767,-0.089627869575446,0.07778626290625307,0.089627869575446,UNDERDOG,0,True,0.4845919193566756,0.5154080806433243,-0.03463884987409366,0.022797243204900675,0.03463884987409366,UNDERDOG,0,True
2025-12-18,La Lakers,Utah,8.5,-110.0,-110.0,0.5238095238095238,0.5238095238095238,0.0,Away Favorite,0.37156978352066417,0.6284302164793358,-0.15223974028885967,0.104620692669812,0.15223974028885967,UNDERDOG,0,True,0.23671964461108372,0.7632803553889163,-0.2870898791984401,0.23947083157939242,0.2870898791984401,UNDERDOG,0,True,0.3369055824431079,0.663094417556892,-0.18690394136641592,0.1392848937473682,0.18690394136641592,UNDERDOG,0,True
2025-12-18,Portland,Sacramento,8.5,-104.0,101.0,0.5098039215686274,0.4975124378109453,0.0,Home Favorite,0.5201420319775724,0.47985796802242764,0.010338110408944945,-0.017654469788517646,0.017654469788517646,FAVORITE,1,False,0.5263121161661805,0.47368788383381955,0.01650819459755304,-0.02382455397712574,0.02382455397712574,FAVORITE,1,False,0.4486121696827443,0.5513878303172557,-0.061191751885883106,0.053875392506310404,0.061191751885883106,UNDERDOG,0,True
2025-12-19,Boston,Miami,6.5,100.0,-109.0,0.5,0.5215311004784688,1.0,Home Favorite,0.3746875565582066,0.6253124434417934,-0.12531244344179338,0.10378134296332453,0.12531244344179338,UNDERDOG,0,False,0.3502141504322679,0.6497858495677321,-0.1497858495677321,0.12825474908926326,0.1497858495677321,UNDERDOG,0,False,0.37825926473040455,0.6217407352695954,-0.12174073526959545,0.10020963479112655,0.12174073526959545,UNDERDOG,0,False
2025-12-19,New York,Philadelphia,4.5,-110.0,-110.0,0.5238095238095238,0.5238095238095238,0.0,Home Favorite,0.44641029196498594,0.5535897080350141,-0.0773992318445379,0.029780184225490225,0.0773992318445379,UNDERDOG,0,True,0.4654009567181016,0.5345990432818983,-0.058408567091422225,0.010789519472374498,0.058408567091422225,UNDERDOG,0,True,0.5151432636759713,0.4848567363240287,-0.008666260133552539,-0.03895278748549513,0.03895278748549513,FAVORITE,1,False
2025-12-19,San Antonio,Atlanta,2.5,103.0,-106.0,0.49261083743842365,0.5145631067961165,1.0,Away Favorite,0.46876914882123677,0.5312308511787632,-0.023841688617186885,0.016667744382646732,0.023841688617186885,UNDERDOG,0,False,0.4799025943562737,0.5200974056437263,-0.012708243082149961,0.005534298847609809,0.012708243082149961,UNDERDOG,0,False,0.3131229625954679,0.6868770374045321,-0.17948787484295575,0.1723139306084156,0.17948787484295575,UNDERDOG,0,False
2025-12-19,Cleveland,Chicago,6.5,-114.0,110.0,0.5327102803738317,0.47619047619047616,0.0,Home Favorite,0.5806028503022067,0.4193971496977933,0.047892569928374984,-0.05679332649268287,0.05679332649268287,FAVORITE,1,False,0.6336066427950061,0.3663933572049939,0.10089636242117439,-0.10979711898548228,0.10979711898548228,FAVORITE,1,False,0.5526000071118784,0.4473999928881216,0.019889726738046676,-0.028790483302354564,0.028790483302354564,FAVORITE,1,False
2025-12-19,Okla City,Minnesota,6.5,-108.0,101.0,0.5192307692307693,0.4975124378109453,0.0,Away Favorite,0.424751103565432,0.575248896434568,-0.09447966566533728,0.07773645862362272,0.09447966566533728,UNDERDOG,0,True,0.4167617635896186,0.5832382364103814,-0.10246900564115069,0.08572579859943613,0.10246900564115069,UNDERDOG,0,True,0.4057984794111299,0.5942015205888701,-0.11343228981963938,0.09668908277792482,0.11343228981963938,UNDERDOG,0,True
2025-12-20,Houston,Denver,1.5,109.0,-114.0,0.4784688995215311,0.5327102803738317,1.0,Away Favorite,0.5410315450482973,0.4589684549517027,0.06256264552676621,-0.07374182542212904,0.07374182542212904,FAVORITE,1,True,0.5158079414880834,0.4841920585119166,0.0373390419665523,-0.04851822186191512,0.04851822186191512,FAVORITE,1,True,0.45945352836162817,0.5405464716383719,-0.019015371159902927,0.00783619126454016,0.019015371159902927,UNDERDOG,0,False
2025-12-20,Philadelphia,Dallas,2.5,-110.0,105.0,0.5238095238095238,0.4878048780487805,1.0,Home Favorite,0.2525243138500669,0.7474756861499331,-0.27128520995945693,0.2596708081011526,0.27128520995945693,UNDERDOG,0,False,0.08295778714730156,0.9170422128526985,-0.44085173666222227,0.429237334803918,0.44085173666222227,UNDERDOG,0,False,0.4302870556660387,0.5697129443339612,-0.09352246814348514,0.08190806628518077,0.09352246814348514,UNDERDOG,0,False
2025-12-20,Boston,Toronto,1.5,101.0,-106.0,0.4975124378109453,0.5145631067961165,1.0,Away Favorite,0.5398086395374664,0.4601913604625336,0.0422962017265211,-0.05437174633358288,0.05437174633358288,FAVORITE,1,True,0.5813620617986138,0.4186379382013862,0.08384962398766854,-0.09592516859473033,0.09592516859473033,FAVORITE,1,True,0.5562081757043997,0.44379182429560027,0.05869573789345445,-0.07077128250051623,0.07077128250051623,FAVORITE,1,True
2025-12-20,New Orleans,Indiana,2.5,-110.0,-110.0,0.5238095238095238,0.5238095238095238,1.0,Home Favorite,0.3551559382579704,0.6448440617420296,-0.1686535855515534,0.12103453793250574,0.1686535855515534,UNDERDOG,0,False,0.210422853182254,0.7895771468177459,-0.3133866706272698,0.2657676230082221,0.3133866706272698,UNDERDOG,0,False,0.3267223082816401,0.6732776917183598,-0.19708721552788372,0.149468167908836,0.19708721552788372,UNDERDOG,0,False
2025-12-20,Detroit,Charlotte,10.5,-108.0,-100.0,0.5192307692307693,0.5,1.0,Home Favorite,0.5839251085831689,0.41607489141683107,0.06469433935239965,-0.08392510858316893,0.08392510858316893,FAVORITE,1,True,0.6290277131286635,0.37097228687133654,0.10979694389789418,-0.12902771312866346,0.12902771312866346,FAVORITE,1,True,0.5599021715105483,0.44009782848945167,0.040671402279779056,-0.05990217151054833,0.05990217151054833,FAVORITE,1,True
2025-12-20,Memphis,Washington,13.5,105.0,-113.0,0.4878048780487805,0.5305164319248826,0.0,Home Favorite,0.46523491185337573,0.5347650881466243,-0.022569966195404745,0.004248656221741642,0.022569966195404745,UNDERDOG,0,True,0.4596196142764248,0.5403803857235752,-0.028185263772355695,0.009863953798692537,0.028185263772355695,UNDERDOG,0,True,0.4557276184329677,0.5442723815670323,-0.03207725961581276,0.013755949642149656,0.03207725961581276,UNDERDOG,0,True
2025-12-20,Golden State,Phoenix,5.5,-113.0,108.0,0.5305164319248826,0.4807692307692308,0.0,Away Favorite,0.3192003912881199,0.6807996087118802,-0.21131604063676274,0.20003037794264938,0.21131604063676274,UNDERDOG,0,True,0.13908371523098084,0.8609162847690192,-0.3914327166939018,0.3801470539997884,0.3914327166939018,UNDERDOG,0,True,0.3202098837827698,0.6797901162172302,-0.2103065481421128,0.1990208854479994,0.2103065481421128,UNDERDOG,0,True
2025-12-20,Orlando,Utah,7.5,-110.0,-110.0,0.5238095238095238,0.5238095238095238,0.0,Away Favorite,0.3197653081404633,0.6802346918595368,-0.20404421566906056,0.15642516805001294,0.20404421566906056,UNDERDOG,0,True,0.16360512657686338,0.8363948734231366,-0.36020439723266046,0.31258534961361273,0.36020439723266046,UNDERDOG,0,True,0.4652598411971835,0.5347401588028164,-0.05854968261234034,0.01093063499329261,0.05854968261234034,UNDERDOG,0,True
2025-12-20,Portland,Sacramento,4.5,-102.0,-101.0,0.504950495049505,0.5024875621890548,1.0,Away Favorite,0.5565445447083709,0.4434554552916291,0.05159404965886594,-0.05903210689742566,0.05903210689742566,FAVORITE,1,True,0.5140738288776618,0.48592617112233816,0.009123333828156888,-0.016561391066716613,0.016561391066716613,FAVORITE,1,True,0.44821892288466125,0.5517810771153387,-0.0567315721648437,0.04929351492628398,0.0567315721648437,UNDERDOG,0,False
2025-12-20,La Lakers,La Clippers,1.5,-101.0,-103.0,0.5024875621890548,0.5073891625615764,0.0,Away Favorite,0.4318532912156523,0.5681467087843477,-0.07063427097340247,0.0607575462227713,0.07063427097340247,UNDERDOG,0,True,0.317614653372852,0.682385346627148,-0.18487290881620277,0.1749961840655716,0.18487290881620277,UNDERDOG,0,True,0.36369878920450227,0.6363012107954977,-0.1387887729845525,0.12891204823392133,0.1387887729845525,UNDERDOG,0,True
2025-12-21,Atlanta,Chicago,4.5,-112.0,105.0,0.5283018867924528,0.4878048780487805,0.0,Home Favorite,0.5087552860365422,0.4912447139634578,-0.019546600755910637,0.003439835914677336,0.019546600755910637,UNDERDOG,1,False,0.5387680530244677,0.46123194697553227,0.010466166232014906,-0.026572931073248207,0.026572931073248207,FAVORITE,1,False,0.5534340342094296,0.4465659657905704,0.02513214741697678,-0.04123891225821008,0.04123891225821008,FAVORITE,1,False
2025-12-21,Toronto,Brooklyn,3.5,100.0,-104.0,0.5,0.5098039215686274,0.0,Away Favorite,0.4620287509853787,0.5379712490146213,-0.03797124901462129,0.028167327445993928,0.03797124901462129,UNDERDOG,0,True,0.46176649313413204,0.5382335068658679,-0.03823350686586796,0.02842958529724049,0.03823350686586796,UNDERDOG,0,True,0.42229884632837317,0.5777011536716268,-0.07770115367162683,0.06789723210299936,0.07770115367162683,UNDERDOG,0,True
2025-12-21,New York,Miami,7.5,-110.0,-110.0,0.5238095238095238,0.5238095238095238,0.0,Home Favorite,0.49647034174015603,0.503529658259844,-0.027339182069367807,-0.020279865549679865,0.027339182069367807,UNDERDOG,0,True,0.5359572695928395,0.4640427304071605,0.012147745783315678,-0.05976679340236335,0.05976679340236335,FAVORITE,1,False,0.5386587510933605,0.4613412489066395,0.014849227283836641,-0.06246827490288431,0.06246827490288431,FAVORITE,1,False
2025-12-21,San Antonio,Washington,15.5,-107.0,-103.0,0.5169082125603864,0.5073891625615764,0.0,Away Favorite,0.36244682663869854,0.6375531733613015,-0.1544613859216879,0.13016401079972506,0.1544613859216879,UNDERDOG,0,True,0.30867819082454506,0.6913218091754549,-0.20823002173584138,0.18393264661387854,0.20823002173584138,UNDERDOG,0,True,0.28979293305740955,0.7102070669425904,-0.22711527950297689,0.202817904381014,0.22711527950297689,UNDERDOG,0,True
2025-12-21,Minnesota,Milwaukee,11.5,-111.0,104.0,0.5260663507109005,0.49019607843137253,0.0,Home Favorite,0.43442978947593175,0.5655702105240683,-0.09163656123496872,0.07537413209269578,0.09163656123496872,UNDERDOG,0,True,0.38926008808120693,0.6107399119187931,-0.13680626262969353,0.12054383348742054,0.13680626262969353,UNDERDOG,0,True,0.41893802441407324,0.5810619755859268,-0.10712832629682723,0.09086589715455423,0.10712832629682723,UNDERDOG,0,True
2025-12-21,Houston,Sacramento,11.5,-116.0,104.0,0.5370370370370371,0.49019607843137253,0.0,Away Favorite,0.35792432440067334,0.6420756755993267,-0.17911271263636375,0.15187959716795413,0.17911271263636375,UNDERDOG,0,True,0.24465404095040047,0.7553459590495996,-0.29238299608663665,0.26514988061822703,0.29238299608663665,UNDERDOG,0,True,0.4103970557872688,0.5896029442127312,-0.12663998124976827,0.09940686578135866,0.12663998124976827,UNDERDOG,0,True
2025-12-22,Cleveland,Charlotte,9.5,102.0,-105.0,0.49504950495049505,0.5121951219512195,0.0,Home Favorite,0.6234434583279026,0.3765565416720974,0.12839395337740755,-0.13563858027912212,0.13563858027912212,FAVORITE,1,False,0.7351706316759712,0.2648293683240288,0.24012112672547614,-0.2473657536271907,0.2473657536271907,FAVORITE,1,False,0.5759533409349877,0.42404665906501227,0.08090383598449269,-0.08814846288620726,0.08814846288620726,FAVORITE,1,False
2025-12-22,Boston,Indiana,11.5,-112.0,103.0,0.5283018867924528,0.49261083743842365,0.0,Home Favorite,0.3861526445346842,0.6138473554653159,-0.14214924225776865,0.12123651802689223,0.14214924225776865,UNDERDOG,0,True,0.30297420419080345,0.6970257958091965,-0.22532768260164937,0.2044149583707729,0.22532768260164937,UNDERDOG,0,True,0.3301240753425387,0.6698759246574613,-0.19817781144991414,0.1772650872190376,0.19817781144991414,UNDERDOG,0,True
2025-12-22,New Orleans,Dallas,1.5,-110.0,-110.0,0.5238095238095238,0.5238095238095238,1.0,Home Favorite,0.5428742756630557,0.4571257243369443,0.019064751853531847,-0.06668379947257952,0.06668379947257952,FAVORITE,1,True,0.598556708166525,0.40144329183347505,0.07474718435700112,-0.12236623197604879,0.12236623197604879,FAVORITE,1,True,0.4843569696695258,0.5156430303304742,-0.03945255413999804,-0.00816649347904963,0.03945255413999804,UNDERDOG,0,False
2025-12-22,Denver,Utah,13.5,-110.0,-110.0,0.5238095238095238,0.5238095238095238,1.0,Home Favorite,0.619295609497389,0.38070439050261096,0.09548608568786521,-0.14310513330691288,0.14310513330691288,FAVORITE,1,True,0.6692123470041984,0.3307876529958016,0.14540282319467457,-0.19302187081372224,0.19302187081372224,FAVORITE,1,True,0.5790811111894044,0.4209188888105956,0.05527158737988058,-0.10289063499892825,0.10289063499892825,FAVORITE,1,True
2025-12-22,Okla City,Memphis,15.5,-105.0,-104.0,0.5121951219512195,0.5098039215686274,0.0,Away Favorite,0.4510581265712852,0.5489418734287148,-0.061136995379934334,0.039137951860087394,0.061136995379934334,UNDERDOG,0,True,0.44724600680727683,0.5527539931927232,-0.06494911514394269,0.04295007162409581,0.06494911514394269,UNDERDOG,0,True,0.5357555520725993,0.4642444479274007,0.02356043012137976,-0.0455594736412267,0.0455594736412267,FAVORITE,1,False
2025-12-22,Golden State,Orlando,5.5,-112.0,104.0,0.5283018867924528,0.49019607843137253,0.0,Away Favorite,0.4304281580720407,0.5695718419279593,-0.09787372872041211,0.07937576349658676,0.09787372872041211,UNDERDOG,0,True,0.35224414080298844,0.6477558591970116,-0.1760577459894644,0.1575597807656391,0.1760577459894644,UNDERDOG,0,True,0.5991624504690202,0.40083754953097983,0.07086056367656735,-0.0893585289003927,0.0893585289003927,FAVORITE,1,False
2025-12-22,Detroit,Portland,5.5,-108.0,103.0,0.5192307692307693,0.49261083743842365,1.0,Away Favorite,0.45679498442355704,0.543205015576443,-0.062435784807212236,0.05059417813801931,0.062435784807212236,UNDERDOG,0,False,0.4568860347750356,0.5431139652249644,-0.062344734455733686,0.0505031277865407,0.062344734455733686,UNDERDOG,0,False,0.3393063574001174,0.6606936425998826,-0.1799244118306519,0.16808280516145896,0.1799244118306519,UNDERDOG,0,False
2025-12-23,Charlotte,Washington,5.5,100.0,-104.0,0.5,0.5098039215686274,1.0,Home Favorite,0.6019700314994993,0.39802996850050065,0.10197003149949935,-0.11177395306812676,0.11177395306812676,FAVORITE,1,True,0.5931991903236228,0.4068008096763772,0.09319919032362278,-0.1030031118922502,0.1030031118922502,FAVORITE,1,True,0.43617850604690617,0.5638214939530939,-0.06382149395309383,0.05401757238446647,0.06382149395309383,UNDERDOG,0,False
2025-12-23,Philadelphia,Brooklyn,10.5,105.0,-109.0,0.4878048780487805,0.5215311004784688,0.0,Home Favorite,0.3738644096101557,0.6261355903898442,-0.11394046843862476,0.10460448991137539,0.11394046843862476,UNDERDOG,0,True,0.36368429502403027,0.6363157049759698,-0.12412058302475021,0.11478460449750094,0.12412058302475021,UNDERDOG,0,True,0.37887978095499564,0.6211202190450044,-0.10892509709378484,0.09958911856653552,0.10892509709378484,UNDERDOG,0,True
2025-12-23,Atlanta,Chicago,4.5,104.0,-111.0,0.49019607843137253,0.5260663507109005,0.0,Home Favorite,0.622704905527079,0.377295094472921,0.1325088270957065,-0.1487712562379795,0.1487712562379795,FAVORITE,1,False,0.6035270584862783,0.3964729415137217,0.11333098005490577,-0.12959340919717877,0.12959340919717877,FAVORITE,1,False,0.6629909223306214,0.3370090776693786,0.17279484389924887,-0.18905727304152187,0.18905727304152187,FAVORITE,1,False
2025-12-23,Cleveland,New Orleans,9.5,-110.0,-110.0,0.5238095238095238,0.5238095238095238,1.0,Home Favorite,0.6415438752738428,0.3584561247261572,0.11773435146431899,-0.16535339908336666,0.16535339908336666,FAVORITE,1,True,0.7260146856600656,0.27398531433993445,0.20220516185054171,-0.2498242094695894,0.2498242094695894,FAVORITE,1,True,0.5633533129051775,0.43664668709482246,0.0395437890956537,-0.08716283671470137,0.08716283671470137,FAVORITE,1,True
2025-12-23,Milwaukee,Indiana,1.5,-103.0,-104.0,0.5073891625615764,0.5098039215686274,1.0,Away Favorite,0.48530503497536054,0.5146949650246395,-0.022084127586215863,0.004891043456012101,0.022084127586215863,UNDERDOG,0,False,0.47118265150913863,0.5288173484908614,-0.03620651105243777,0.019013426922233956,0.03620651105243777,UNDERDOG,0,False,0.3864010465504149,0.6135989534495851,-0.1209881160111615,0.10379503188095773,0.1209881160111615,UNDERDOG,0,False
2025-12-23,Miami,Toronto,5.5,-103.0,-105.0,0.5073891625615764,0.5121951219512195,0.0,Home Favorite,0.3382460681005189,0.6617539318994812,-0.16914309446105752,0.14955880994826165,0.16914309446105752,UNDERDOG,0,True,0.2975282223516026,0.7024717776483974,-0.2098609402099738,0.1902766556971779,0.2098609402099738,UNDERDOG,0,True,0.23429922774572623,0.7657007722542738,-0.2730899348158502,0.2535056503030543,0.2730899348158502,UNDERDOG,0,True
2025-12-23,Denver,Dallas,6.5,100.0,-102.0,0.5,0.504950495049505,0.0,Away Favorite,0.5233277428799795,0.4766722571200205,0.02332774287997952,-0.028278237929484473,0.028278237929484473,FAVORITE,1,False,0.5138540733177355,0.48614592668226453,0.013854073317735471,-0.018804568367240426,0.018804568367240426,FAVORITE,1,False,0.5579866384231282,0.44201336157687177,0.057986638423128234,-0.06293713347263319,0.06293713347263319,FAVORITE,1,False
2025-12-23,Minnesota,New York,7.5,-110.0,-110.0,0.5238095238095238,0.5238095238095238,1.0,Home Favorite,0.4250879506191394,0.5749120493808606,-0.09872157319038444,0.051102525571336765,0.09872157319038444,UNDERDOG,0,False,0.3758606796635822,0.6241393203364178,-0.14794884414594162,0.100329796526894,0.14794884414594162,UNDERDOG,0,False,0.3138121155173856,0.6861878844826144,-0.20999740829213825,0.16237836067309053,0.20999740829213825,UNDERDOG,0,False
2025-12-23,Okla City,San Antonio,4.5,-120.0,113.0,0.5454545454545454,0.4694835680751174,0.0,Away Favorite,0.44991481212568984,0.5500851878743102,-0.09553973332885557,0.08060161979919278,0.09553973332885557,UNDERDOG,0,True,0.4149569706083893,0.5850430293916107,-0.1304975748461561,0.1155594613164933,0.1304975748461561,UNDERDOG,0,True,0.3774317166526366,0.6225682833473634,-0.16802282880190883,0.15308471527224599,0.16802282880190883,UNDERDOG,0,True
2025-12-23,Phoenix,La Lakers,5.5,-110.0,107.0,0.5238095238095238,0.4830917874396135,0.0,Away Favorite,0.3851510081178406,0.6148489918821594,-0.13865851569168325,0.13175720444254585,0.13865851569168325,UNDERDOG,0,True,0.3347171110493623,0.6652828889506377,-0.18909241276016153,0.1821911015110242,0.18909241276016153,UNDERDOG,0,True,0.5199547371083103,0.4800452628916897,-0.0038547867012135306,-0.0030465245479238123,0.0038547867012135306,UNDERDOG,1,False
2025-12-23,Memphis,Utah,3.5,-110.0,-110.0,0.5238095238095238,0.5238095238095238,1.0,Away Favorite,0.5486076180800707,0.45139238191992925,0.02479809427054691,-0.07241714188959458,0.07241714188959458,FAVORITE,1,True,0.5052722347265981,0.4947277652734019,-0.018537289082925734,-0.029081758536121938,0.029081758536121938,FAVORITE,1,True,0.5125719429459674,0.4874280570540326,-0.011237580863556418,-0.036381466755491254,0.036381466755491254,FAVORITE,1,True
2025-12-23,Orlando,Portland,2.5,105.0,-109.0,0.4878048780487805,0.5215311004784688,1.0,Away Favorite,0.45239460707276224,0.5476053929272378,-0.03541027097601823,0.02607429244876891,0.03541027097601823,UNDERDOG,0,False,0.39663725076481815,0.6033627492351818,-0.09116762728396233,0.081831648756713,0.09116762728396233,UNDERDOG,0,False,0.4236051223104394,0.5763948776895607,-0.06419975573834108,0.05486377721109181,0.06419975573834108,UNDERDOG,0,False
2025-12-23,Detroit,Sacramento,9.5,103.0,-116.0,0.49261083743842365,0.5370370370370371,0.0,Away Favorite,0.35188980292155625,0.6481101970784438,-0.1407210345168674,0.11107316004140666,0.1407210345168674,UNDERDOG,0,True,0.2561734331559262,0.7438265668440738,-0.23643740428249743,0.2067895298070367,0.23643740428249743,UNDERDOG,0,True,0.44967486671398854,0.5503251332860115,-0.04293597072443511,0.013288096248974424,0.04293597072443511,UNDERDOG,0,True
2025-12-23,Houston,La Clippers,7.5,-111.0,103.0,0.5260663507109005,0.49261083743842365,0.0,Away Favorite,0.4246780472764779,0.575321952723522,-0.10138830343442257,0.08271111528509839,0.10138830343442257,UNDERDOG,0,True,0.3438080263993745,0.6561919736006254,-0.18225832431152594,0.16358113616220177,0.18225832431152594,UNDERDOG,0,True,0.5465769278434987,0.45342307215650135,0.020510577132598184,-0.039187765281922304,0.039187765281922304,FAVORITE,1,False
2025-12-25,New York,Cleveland,5.5,-110.0,-110.0,0.5238095238095238,0.5238095238095238,0.0,Home Favorite,0.561753465346563,0.438246534653437,0.03794394153703917,-0.08556298915608684,0.08556298915608684,FAVORITE,1,False,0.6237225727638384,0.37627742723616164,0.09991304895431452,-0.1475320965733622,0.1475320965733622,FAVORITE,1,False,0.44148043036434503,0.558519569635655,-0.0823290934451788,0.03471004582613113,0.0823290934451788,UNDERDOG,0,True
2025-12-25,Okla City,San Antonio,9.5,-114.0,109.0,0.5327102803738317,0.4784688995215311,1.0,Away Favorite,0.44801030480729054,0.5519896951927095,-0.08469997556654119,0.07352079567117836,0.08469997556654119,UNDERDOG,0,False,0.4681319115854438,0.5318680884145561,-0.06457836878838791,0.05339918889302503,0.06457836878838791,UNDERDOG,0,False,0.421234394574035,0.578765605425965,-0.11147588579979673,0.1002967059044339,0.11147588579979673,UNDERDOG,0,False
2025-12-25,Golden State,Dallas,8.5,-101.0,-106.0,0.5024875621890548,0.5145631067961165,0.0,Away Favorite,0.395913811747909,0.6040861882520909,-0.10657375044114575,0.08952308145597443,0.10657375044114575,UNDERDOG,0,True,0.3812758254770807,0.6187241745229193,-0.12121173671197405,0.10416106772680278,0.12121173671197405,UNDERDOG,0,True,0.2887059960404927,0.7112940039595073,-0.21378156614856209,0.19673089716339076,0.21378156614856209,UNDERDOG,0,True
2025-12-25,Houston,La Lakers,2.5,102.0,-103.0,0.49504950495049505,0.5073891625615764,1.0,Away Favorite,0.5056193413577481,0.4943806586422519,0.010569836407253064,-0.01300850391932451,0.01300850391932451,FAVORITE,1,True,0.5309996417084125,0.4690003582915875,0.03595013675791747,-0.03838880426998892,0.03838880426998892,FAVORITE,1,True,0.49295181985006453,0.5070481801499355,-0.002097685100430513,-0.00034098241164093324,0.002097685100430513,UNDERDOG,0,False
2025-12-25,Denver,Minnesota,1.5,-110.0,104.0,0.5238095238095238,0.49019607843137253,1.0,Home Favorite,0.3610468688368115,0.6389531311631885,-0.16276265497271236,0.148757052731816,0.16276265497271236,UNDERDOG,0,False,0.2741770899251855,0.7258229100748145,-0.2496324338843383,0.23562683164344195,0.2496324338843383,UNDERDOG,0,False,0.3689536975140995,0.6310463024859005,-0.15485582629542433,0.14085022405452802,0.15485582629542433,UNDERDOG,0,False
2025-12-26,Atlanta,Miami,3.5,-103.0,-104.0,0.5073891625615764,0.5098039215686274,0.0,Home Favorite,0.4736007991514342,0.5263992008485658,-0.033788363410142186,0.016595279279938424,0.033788363410142186,UNDERDOG,0,True,0.45950375969689394,0.5404962403031061,-0.04788540286468246,0.03069231873447864,0.04788540286468246,UNDERDOG,0,True,0.5013347043633423,0.49866529563665773,-0.006054458198234136,-0.011138625931969681,0.011138625931969681,FAVORITE,1,False
2025-12-26,Orlando,Charlotte,5.5,-106.0,-100.0,0.5145631067961165,0.5,0.0,Home Favorite,0.5154213070433942,0.4845786929566058,0.000858200247277674,-0.015421307043394172,0.015421307043394172,FAVORITE,1,False,0.5929272964942214,0.4070727035057786,0.07836418969810488,-0.09292729649422138,0.09292729649422138,FAVORITE,1,False,0.4882565388432372,0.5117434611567628,-0.02630656795287928,0.011743461156762836,0.02630656795287928,UNDERDOG,0,True
2025-12-26,Toronto,Washington,6.5,-114.0,107.0,0.5327102803738317,0.4830917874396135,0.0,Away Favorite,0.39880264635784834,0.6011973536421517,-0.13390763401598338,0.11810556620253815,0.13390763401598338,UNDERDOG,0,True,0.3927114154532004,0.6072885845467997,-0.13999886492063135,0.12419679710718617,0.13999886492063135,UNDERDOG,0,True,0.5514009596343373,0.44859904036566267,0.018690679260505605,-0.034492747073950836,0.034492747073950836,FAVORITE,1,False
2025-12-26,Boston,Indiana,8.5,-106.0,103.0,0.5145631067961165,0.49261083743842365,1.0,Away Favorite,0.5685285607168747,0.43147143928312526,0.053965453920758244,-0.0611393981552984,0.0611393981552984,FAVORITE,1,True,0.6173988677926097,0.38260113220739034,0.10283576099649316,-0.11000970523103332,0.11000970523103332,FAVORITE,1,True,0.49513376423298416,0.5048662357670158,-0.019429342563132335,0.012255398328592182,0.019429342563132335,UNDERDOG,0,False
2025-12-26,Philadelphia,Chicago,1.5,102.0,-111.0,0.49504950495049505,0.5260663507109005,0.0,Away Favorite,0.4189330840278665,0.5810669159721336,-0.07611642092262855,0.05500056526123309,0.07611642092262855,UNDERDOG,0,True,0.39950232827622223,0.6004976717237778,-0.09554717667427282,0.0744313210128773,0.09554717667427282,UNDERDOG,0,True,0.39995449551938866,0.6000455044806113,-0.09509500943110638,0.07397915376971087,0.09509500943110638,UNDERDOG,0,True
2025-12-26,Memphis,Milwaukee,5.5,-104.0,100.0,0.5098039215686274,0.5,1.0,Home Favorite,0.423794061602096,0.576205938397904,-0.08600985996653143,0.07620593839790402,0.08600985996653143,UNDERDOG,0,False,0.4161996061113963,0.5838003938886037,-0.09360431545723114,0.08380039388860372,0.09360431545723114,UNDERDOG,0,False,0.3647022900748663,0.6352977099251337,-0.1451016314937611,0.13529770992513368,0.1451016314937611,UNDERDOG,0,False
2025-12-26,Phoenix,New Orleans,5.5,-110.0,-110.0,0.5238095238095238,0.5238095238095238,1.0,Away Favorite,0.4935347893124044,0.5064652106875955,-0.030274734497119427,-0.0173443131219283,0.030274734497119427,UNDERDOG,0,False,0.5043686521452224,0.4956313478547776,-0.019440871664301418,-0.028178175954746254,0.028178175954746254,FAVORITE,1,True,0.4775367343042975,0.5224632656957025,-0.04627278950522634,-0.0013462581138213858,0.04627278950522634,UNDERDOG,0,False
2025-12-26,Detroit,Utah,9.5,-110.0,-110.0,0.5238095238095238,0.5238095238095238,0.0,Away Favorite,0.4974198529784525,0.5025801470215475,-0.026389670831071355,-0.021229376787976317,0.026389670831071355,UNDERDOG,0,True,0.5292974445472618,0.4707025554527382,0.005487920737737961,-0.05310696835678563,0.05310696835678563,FAVORITE,1,False,0.3390412522683859,0.6609587477316141,-0.18476827154113795,0.13714922392209028,0.18476827154113795,UNDERDOG,0,True
2025-12-26,La Clippers,Portland,1.5,-105.0,-101.0,0.5121951219512195,0.5024875621890548,1.0,Away Favorite,0.30634865775560227,0.6936513422443977,-0.20584646419561725,0.19116378005534296,0.20584646419561725,UNDERDOG,0,False,0.2020110700482427,0.7979889299517573,-0.3101840519029768,0.2955013677627025,0.3101840519029768,UNDERDOG,0,False,0.24491838989597578,0.7550816101040242,-0.2672767320552437,0.2525940479149694,0.2672767320552437,UNDERDOG,0,False
2025-12-27,Dallas,Sacramento,3.5,102.0,-109.0,0.49504950495049505,0.5215311004784688,0.0,Away Favorite,0.41701362091534305,0.582986379084657,-0.07803588403515199,0.06145527860618816,0.07803588403515199,UNDERDOG,0,True,0.3867270530266519,0.6132729469733481,-0.10832245192384315,0.09174184649487926,0.10832245192384315,UNDERDOG,0,True,0.5299275916511889,0.47007240834881114,0.03487808670069381,-0.0514586921296577,0.0514586921296577,FAVORITE,1,False
2025-12-27,Denver,Orlando,4.5,102.0,-115.0,0.49504950495049505,0.5348837209302325,0.0,Away Favorite,0.5150764093594058,0.4849235906405942,0.02002690440891075,-0.049960130289638305,0.049960130289638305,FAVORITE,1,False,0.45974511139361063,0.5402548886063894,-0.03530439355688442,0.005371167676156863,0.03530439355688442,UNDERDOG,0,True,0.43680384566307134,0.5631961543369286,-0.0582456592874237,0.02831243340669609,0.0582456592874237,UNDERDOG,0,True
2025-12-27,Phoenix,New Orleans,4.5,-110.0,-110.0,0.5238095238095238,0.5238095238095238,1.0,Away Favorite,0.3222840863753264,0.6777159136246735,-0.20152543743419743,0.1539063898151497,0.20152543743419743,UNDERDOG,0,False,0.2415859437434288,0.7584140562565712,-0.28222358006609505,0.23460453244704738,0.28222358006609505,UNDERDOG,0,False,0.43243339853677937,0.5675666014632206,-0.09137612527274447,0.04375707765369674,0.09137612527274447,UNDERDOG,0,False
2025-12-27,New York,Atlanta,6.5,-110.0,-110.0,0.5238095238095238,0.5238095238095238,0.0,Away Favorite,0.41464830307884454,0.5853516969211554,-0.1091612207306793,0.06154217311163157,0.1091612207306793,UNDERDOG,0,True,0.32269820364215795,0.677301796357842,-0.20111132016736588,0.1534922725483182,0.20111132016736588,UNDERDOG,0,True,0.3657349157037254,0.6342650842962746,-0.15807460810579843,0.11045556048675076,0.15807460810579843,UNDERDOG,0,True
2025-12-27,Miami,Indiana,8.5,106.0,-111.0,0.4854368932038835,0.5260663507109005,1.0,Home Favorite,0.3772169825543339,0.6227830174456661,-0.10821991064954961,0.09671666673476564,0.10821991064954961,UNDERDOG,0,False,0.2593245051490134,0.7406754948509866,-0.2261123880548701,0.21460914414008614,0.2261123880548701,UNDERDOG,0,False,0.31962452598017055,0.6803754740198295,-0.16581236722371295,0.15430912330892899,0.16581236722371295,UNDERDOG,0,False
2025-12-27,Chicago,Milwaukee,2.5,-104.0,-111.0,0.5098039215686274,0.5260663507109005,0.0,Home Favorite,0.4271483233213676,0.5728516766786325,-0.08265559824725982,0.046785325967731994,0.08265559824725982,UNDERDOG,0,True,0.37935862656266023,0.6206413734373397,-0.1304452950059672,0.09457502272643925,0.1304452950059672,UNDERDOG,0,True,0.37389436566045553,0.6261056343395445,-0.1359095559081719,0.100039283628644,0.1359095559081719,UNDERDOG,0,True
2025-12-27,Houston,Cleveland,3.5,-112.0,103.0,0.5283018867924528,0.49261083743842365,1.0,Home Favorite,0.5957850088665089,0.40421499113349113,0.06748312207405605,-0.08839584630493252,0.08839584630493252,FAVORITE,1,True,0.6062365530146712,0.39376344698532884,0.07793466622221834,-0.09884739045309482,0.09884739045309482,FAVORITE,1,True,0.45917896104009537,0.5408210389599046,-0.06912292575235746,0.04821020152148098,0.06912292575235746,UNDERDOG,0,False
2025-12-27,Minnesota,Brooklyn,12.5,101.0,-108.0,0.4975124378109453,0.5192307692307693,0.0,Home Favorite,0.3828315491117509,0.6171684508882491,-0.1146808886991944,0.09793768165747985,0.1146808886991944,UNDERDOG,0,True,0.3105468338468802,0.6894531661531198,-0.18696560396406509,0.17022239692235053,0.18696560396406509,UNDERDOG,0,True,0.47679186761003217,0.5232081323899678,-0.020720570200913113,0.003977363159198499,0.020720570200913113,UNDERDOG,0,True
2025-12-27,San Antonio,Utah,16.5,-110.0,-110.0,0.5238095238095238,0.5238095238095238,0.0,Home Favorite,0.4968648358956641,0.5031351641043359,-0.026944687913859733,-0.02067435970518794,0.026944687913859733,UNDERDOG,0,True,0.4424299209295066,0.5575700790704934,-0.08137960288001722,0.03376055526096955,0.08137960288001722,UNDERDOG,0,True,0.6225769881496638,0.3774230118503362,0.09876746434013994,-0.14638651195918762,0.14638651195918762,FAVORITE,1,False
2025-12-28,Golden State,Toronto,4.5,100.0,-111.0,0.5,0.5260663507109005,0.0,Away Favorite,0.24461540843418972,0.7553845915658103,-0.2553845915658103,0.22931824085490982,0.2553845915658103,UNDERDOG,0,True,0.1055785490277319,0.8944214509722681,-0.3944214509722681,0.36835510026136764,0.3944214509722681,UNDERDOG,0,True,0.4166204199353893,0.5833795800646107,-0.08337958006461071,0.05731322935371019,0.08337958006461071,UNDERDOG,0,True
2025-12-28,Okla City,Philadelphia,15.5,103.0,-109.0,0.49261083743842365,0.5215311004784688,0.0,Away Favorite,0.40300285819668896,0.5969971418033111,-0.08960797924173469,0.07546604132484225,0.08960797924173469,UNDERDOG,0,True,0.3521147040392804,0.6478852959607195,-0.14049613339914324,0.1263541954822507,0.14049613339914324,UNDERDOG,0,True,0.43855095353880247,0.5614490464611975,-0.054059883899621186,0.039917945982728686,0.054059883899621186,UNDERDOG,0,True
2025-12-28,Memphis,Washington,7.5,-116.0,105.0,0.5370370370370371,0.4878048780487805,0.0,Away Favorite,0.5029994118337956,0.4970005881662044,-0.034037625203241495,0.009195710117423928,0.034037625203241495,UNDERDOG,1,False,0.46856947179268715,0.5314305282073128,-0.06846756524434994,0.04362565015853237,0.06846756524434994,UNDERDOG,0,True,0.5456658032439206,0.45433419675607944,0.008628766206883465,-0.03347068129270103,0.03347068129270103,FAVORITE,1,False
2025-12-28,Boston,Portland,6.5,-111.0,104.0,0.5260663507109005,0.49019607843137253,0.0,Away Favorite,0.5388074339025364,0.4611925660974636,0.012741083191635916,-0.02900351233390891,0.02900351233390891,FAVORITE,1,False,0.5906512216410705,0.40934877835892947,0.06458487093017007,-0.08084730007244306,0.08084730007244306,FAVORITE,1,False,0.4945340639315916,0.5054659360684084,-0.03153228677930886,0.015269857637035866,0.03153228677930886,UNDERDOG,0,True
2025-12-28,Detroit,La Clippers,3.5,-101.0,-105.0,0.5024875621890548,0.5121951219512195,0.0,Away Favorite,0.5889356753881868,0.4110643246118132,0.08644811319913204,-0.10113079733940633,0.10113079733940633,FAVORITE,1,False,0.6447292201994067,0.3552707798005933,0.14224165801035193,-0.15692434215062623,0.15692434215062623,FAVORITE,1,False,0.5811112423729513,0.4188887576270487,0.07862368018389654,-0.09330636432417083,0.09330636432417083,FAVORITE,1,False
2025-12-28,La Lakers,Sacramento,13.5,110.0,-112.0,0.47619047619047616,0.5283018867924528,0.0,Away Favorite,0.3295166894807308,0.6704833105192691,-0.14667378670974535,0.1421814237268163,0.14667378670974535,UNDERDOG,0,True,0.2331091315887454,0.7668908684112545,-0.24308134460173075,0.2385889816188017,0.24308134460173075,UNDERDOG,0,True,0.5108978808713275,0.4891021191286725,0.03470740468085132,-0.039199767663780305,0.039199767663780305,FAVORITE,1,False
2025-12-29,Milwaukee,Charlotte,3.5,-102.0,-105.0,0.504950495049505,0.5121951219512195,1.0,Away Favorite,0.368724968234342,0.631275031765658,-0.13622552681516298,0.1190799098144385,0.13622552681516298,UNDERDOG,0,False,0.2774466590042092,0.7225533409957908,-0.22750383604529578,0.2103582190445713,0.22750383604529578,UNDERDOG,0,False,0.47814622480728625,0.5218537751927137,-0.02680427024221871,0.009658653241494175,0.02680427024221871,UNDERDOG,0,False
2025-12-29,Phoenix,Washington,10.5,-108.0,100.0,0.5192307692307693,0.5,1.0,Away Favorite,0.2832287695489841,0.7167712304510159,-0.23600199968178515,0.21677123045101587,0.23600199968178515,UNDERDOG,0,False,0.14801557000382037,0.8519844299961796,-0.3712151992269489,0.3519844299961796,0.3712151992269489,UNDERDOG,0,False,0.5507634043927649,0.44923659560723506,0.03153263516199567,-0.050763404392764944,0.050763404392764944,FAVORITE,1,True
2025-12-29,Golden State,Brooklyn,5.5,-103.0,100.0,0.5073891625615764,0.5,1.0,Away Favorite,0.27043589898627557,0.7295641010137244,-0.23695326357530083,0.22956410101372438,0.23695326357530083,UNDERDOG,0,False,0.13416034903071183,0.8658396509692882,-0.37322881353086457,0.36583965096928817,0.37322881353086457,UNDERDOG,0,False,0.23198342545947093,0.7680165745405291,-0.2754057371021055,0.2680165745405291,0.2754057371021055,UNDERDOG,0,False
2025-12-29,Denver,Miami,2.5,106.0,-108.0,0.4854368932038835,0.5192307692307693,0.0,Away Favorite,0.15317972898589993,0.8468202710141001,-0.33225716421798357,0.3275895017833308,0.33225716421798357,UNDERDOG,0,True,0.0,1.0,-0.4854368932038835,0.4807692307692307,0.4854368932038835,UNDERDOG,0,True,0.42129003138610654,0.5787099686138935,-0.06414686181777696,0.05947919938312418,0.06414686181777696,UNDERDOG,0,True
2025-12-29,Orlando,Toronto,1.5,-108.0,101.0,0.5192307692307693,0.4975124378109453,0.0,Away Favorite,0.47434299619978953,0.5256570038002104,-0.04488777303097974,0.028144565989265125,0.04488777303097974,UNDERDOG,0,True,0.4632307192614117,0.5367692807385883,-0.05600004996935759,0.03925684292764303,0.05600004996935759,UNDERDOG,0,True,0.4880511848820197,0.5119488151179803,-0.031179584348749567,0.014436377307035009,0.031179584348749567,UNDERDOG,0,True
2025-12-29,Minnesota,Chicago,6.5,-100.0,-103.0,0.5,0.5073891625615764,1.0,Away Favorite,0.4408484203578777,0.5591515796421223,-0.05915157964212231,0.05176241708054585,0.05915157964212231,UNDERDOG,0,False,0.37462417080575605,0.625375829194244,-0.12537582919424395,0.11798666663266755,0.12537582919424395,UNDERDOG,0,False,0.5824595784408749,0.4175404215591251,0.08245957844087493,-0.08984874100245133,0.08984874100245133,FAVORITE,1,True
2025-12-29,Houston,Indiana,15.5,-103.0,-103.0,0.5073891625615764,0.5073891625615764,0.0,Home Favorite,0.5097899495260287,0.49021005047397126,0.0024007869644523394,-0.017179112087605142,0.017179112087605142,FAVORITE,1,False,0.46683252285278737,0.5331674771472126,-0.04055663970878903,0.025778314585636175,0.04055663970878903,UNDERDOG,0,True,0.4474760423307413,0.5525239576692587,-0.059913120230835115,0.04513479510768226,0.059913120230835115,UNDERDOG,0,True
2025-12-29,New York,New Orleans,8.5,-110.0,-110.0,0.5238095238095238,0.5238095238095238,0.0,Away Favorite,0.360181134027954,0.6398188659720461,-0.16362838978156985,0.11600934216252223,0.16362838978156985,UNDERDOG,0,True,0.2712455412674958,0.7287544587325042,-0.25256398254202805,0.20494493492298038,0.25256398254202805,UNDERDOG,0,True,0.35387428882407773,0.6461257111759222,-0.1699352349854461,0.12231618736639838,0.1699352349854461,UNDERDOG,0,True
2025-12-29,Okla City,Atlanta,16.5,103.0,-106.0,0.49261083743842365,0.5145631067961165,0.0,Away Favorite,0.4720397941219162,0.5279602058780838,-0.020571043316507442,0.01339709908196729,0.020571043316507442,UNDERDOG,0,True,0.49236637509700937,0.5076336249029907,-0.0002444623414142866,-0.006929481893125811,0.006929481893125811,FAVORITE,0,True,0.41834623528590753,0.5816537647140925,-0.07426460215251612,0.06709065791797597,0.07426460215251612,UNDERDOG,0,True
2025-12-29,San Antonio,Cleveland,3.5,102.0,-112.0,0.49504950495049505,0.5283018867924528,1.0,Away Favorite,0.5175703253139954,0.4824296746860046,0.022520820363500338,-0.04587221210644821,0.04587221210644821,FAVORITE,1,True,0.5912207195050994,0.40877928049490064,0.09617121455460431,-0.11952260629755218,0.11952260629755218,FAVORITE,1,True,0.46904340491303875,0.5309565950869612,-0.026006100037456292,0.0026547082945084233,0.026006100037456292,UNDERDOG,0,False
2025-12-29,Portland,Dallas,2.5,-117.0,104.0,0.5391705069124424,0.49019607843137253,1.0,Home Favorite,0.5424150202963487,0.4575849797036513,0.0032445133839063,-0.03261109872772122,0.03261109872772122,FAVORITE,1,True,0.5291172850943312,0.4708827149056688,-0.010053221818111191,-0.01931336352570373,0.01931336352570373,FAVORITE,1,True,0.5332424684656101,0.4667575315343899,-0.005928038446832318,-0.023438546896982604,0.023438546896982604,FAVORITE,1,True
2025-12-30,Philadelphia,Memphis,1.5,107.0,-111.0,0.4830917874396135,0.5260663507109005,0.0,Home Favorite,0.44790971364958454,0.5520902863504155,-0.03518207379002897,0.026023935639514995,0.03518207379002897,UNDERDOG,0,True,0.43088765221235165,0.5691123477876483,-0.05220413522726186,0.04304599707674783,0.05220413522726186,UNDERDOG,0,True,0.4601432359118086,0.5398567640881914,-0.022948551527804895,0.013790413377290922,0.022948551527804895,UNDERDOG,0,True
2025-12-30,Boston,Utah,8.5,-110.0,-110.0,0.5238095238095238,0.5238095238095238,1.0,Away Favorite,0.4891796445280275,0.5108203554719726,-0.034629879281496356,-0.01298916833755126,0.034629879281496356,UNDERDOG,0,False,0.5168399943676539,0.48316000563234607,-0.006969529441869904,-0.04064951817717777,0.04064951817717777,FAVORITE,1,True,0.39978074400686053,0.6002192559931394,-0.1240287798026633,0.07640973218361558,0.1240287798026633,UNDERDOG,0,False
2025-12-30,Detroit,La Lakers,2.5,-108.0,106.0,0.5192307692307693,0.4854368932038835,1.0,Away Favorite,0.5066695542799874,0.4933304457200126,-0.012561214950781885,0.00789355251612911,0.012561214950781885,UNDERDOG,1,True,0.49388135276242273,0.5061186472375773,-0.02534941646834654,0.020681754033693767,0.02534941646834654,UNDERDOG,0,False,0.6299367299652111,0.3700632700347889,0.11070596073444183,-0.11537362316909461,0.11537362316909461,FAVORITE,1,True
2025-12-30,La Clippers,Sacramento,9.5,-109.0,103.0,0.5215311004784688,0.49261083743842365,0.0,Away Favorite,0.571976180532848,0.42802381946715196,0.0504450800543792,-0.0645870179712717,0.0645870179712717,FAVORITE,1,False,0.7139746446630437,0.2860253553369563,0.19244354418457488,-0.20658548210146738,0.20658548210146738,FAVORITE,1,False,0.4819168630012816,0.5180831369987184,-0.03961423747718723,0.025472299560294787,0.03961423747718723,UNDERDOG,0,True
2025-12-31,Golden State,Charlotte,6.5,-119.0,111.0,0.54337899543379,0.47393364928909953,1.0,Away Favorite,0.5055429887490208,0.4944570112509792,-0.03783600668476916,0.02052336196187965,0.03783600668476916,UNDERDOG,1,True,0.469913668107514,0.530086331892486,-0.07346532732627598,0.05615268260338646,0.07346532732627598,UNDERDOG,0,False,0.4356924443043142,0.5643075556956858,-0.10768655112947578,0.09037390640658627,0.10768655112947578,UNDERDOG,0,False
2025-12-31,Minnesota,Atlanta,5.5,-104.0,-101.0,0.5098039215686274,0.5024875621890548,0.0,Away Favorite,0.540527043876771,0.459472956123229,0.030723122308143558,-0.043014606065825745,0.043014606065825745,FAVORITE,1,False,0.5372518650950109,0.4627481349049891,0.027447943526383467,-0.039739427284065654,0.039739427284065654,FAVORITE,1,False,0.4944937788162783,0.5055062211837217,-0.015310142752349098,0.003018658994666912,0.015310142752349098,UNDERDOG,0,True
2025-12-31,Orlando,Indiana,3.5,-111.0,102.0,0.5260663507109005,0.49504950495049505,0.0,Away Favorite,0.5784928691508184,0.42150713084918157,0.05242651843991797,-0.07354237410131348,0.07354237410131348,FAVORITE,1,False,0.6397215904315088,0.3602784095684912,0.11365523972060831,-0.13477109538200382,0.13477109538200382,FAVORITE,1,False,0.4544230655657803,0.5455769344342196,-0.07164328514512014,0.05052742948372457,0.07164328514512014,UNDERDOG,0,True
2025-12-31,Cleveland,Phoenix,6.5,-108.0,104.0,0.5192307692307693,0.49019607843137253,1.0,Home Favorite,0.5536701438180657,0.4463298561819343,0.0344393745872964,-0.0438662222494382,0.0438662222494382,FAVORITE,1,True,0.662585086614895,0.337414913385105,0.14335431738412574,-0.15278116504626754,0.15278116504626754,FAVORITE,1,True,0.5867986431821385,0.4132013568178615,0.0675678739513692,-0.07699472161351101,0.07699472161351101,FAVORITE,1,True
2025-12-31,Chicago,New Orleans,1.5,-110.0,-110.0,0.5238095238095238,0.5238095238095238,1.0,Home Favorite,0.4273825558260602,0.5726174441739398,-0.09642696798346362,0.048807920364415947,0.09642696798346362,UNDERDOG,0,False,0.39086569291145556,0.6091343070885444,-0.13294383089806827,0.0853247832790206,0.13294383089806827,UNDERDOG,0,False,0.39884153991958937,0.6011584600804106,-0.12496798388993446,0.07734893627088679,0.12496798388993446,UNDERDOG,0,False
2025-12-31,San Antonio,New York,2.5,-110.0,-110.0,0.5238095238095238,0.5238095238095238,0.0,Home Favorite,0.5790338377468555,0.42096616225314454,0.055224313937331626,-0.1028433615563793,0.1028433615563793,FAVORITE,1,False,0.6479997660640147,0.35200023393598534,0.12419024225449082,-0.1718092898735385,0.1718092898735385,FAVORITE,1,False,0.5386830916146781,0.4613169083853219,0.014873567805154253,-0.062492615424201925,0.062492615424201925,FAVORITE,1,False
2025-12-31,Toronto,Denver,6.5,-104.0,-104.0,0.5098039215686274,0.5098039215686274,0.0,Home Favorite,0.5056044847345997,0.49439551526540026,-0.004199436834027681,-0.015408406303227151,0.015408406303227151,FAVORITE,1,False,0.44803970137347493,0.5519602986265251,-0.061764220195152486,0.042156377057897654,0.061764220195152486,UNDERDOG,0,True,0.6509756913997825,0.3490243086002175,0.1411717698311551,-0.16077961296840992,0.16077961296840992,FAVORITE,1,False
2025-12-31,Milwaukee,Washington,10.5,-108.0,104.0,0.5192307692307693,0.49019607843137253,0.0,Home Favorite,0.4944111997312847,0.5055888002687152,-0.02481956949948455,0.015392721837342693,0.02481956949948455,UNDERDOG,0,True,0.4675311657268282,0.5324688342731718,-0.051699603503941094,0.04227275584179929,0.051699603503941094,UNDERDOG,0,True,0.4601895308531477,0.5398104691468524,-0.0590412383776216,0.04961439071547985,0.0590412383776216,UNDERDOG,0,True
2025-12-31,Okla City,Portland,15.5,-111.0,105.0,0.5260663507109005,0.4878048780487805,0.0,Away Favorite,0.5712482666715886,0.42875173332841143,0.0451819159606881,-0.059053144720369044,0.059053144720369044,FAVORITE,1,False,0.6529317033882431,0.34706829661175687,0.12686535267734267,-0.1407365814370236,0.1407365814370236,FAVORITE,1,False,0.517918472553848,0.48208152744615196,-0.008147878157052424,-0.005723350602628519,0.008147878157052424,UNDERDOG,1,False
2026-01-01,Houston,Brooklyn,11.5,-111.0,101.0,0.5260663507109005,0.4975124378109453,1.0,Away Favorite,0.531404367364134,0.468595632635866,0.005338016653233524,-0.028916805175079274,0.028916805175079274,FAVORITE,1,True,0.5925802554682836,0.40741974453171637,0.06651390475738317,-0.09009269327922892,0.09009269327922892,FAVORITE,1,True,0.5917507138120118,0.40824928618798817,0.06568436310111136,-0.08926315162295712,0.08926315162295712,FAVORITE,1,True
2026-01-01,Detroit,Miami,4.5,-101.0,-102.0,0.5024875621890548,0.504950495049505,0.0,Home Favorite,0.6497307819613397,0.3502692180386603,0.14724321977228494,-0.15468127701084466,0.15468127701084466,FAVORITE,1,False,0.7087530585765585,0.29124694142344154,0.2062654963875037,-0.2137035536260634,0.2137035536260634,FAVORITE,1,False,0.6452267791074583,0.3547732208925417,0.14273921691840352,-0.15017727415696325,0.15017727415696325,FAVORITE,1,False
2026-01-01,Philadelphia,Dallas,2.5,102.0,-105.0,0.49504950495049505,0.5121951219512195,1.0,Away Favorite,0.4176353068909214,0.5823646931090787,-0.07741419805957367,0.07016957115785916,0.07741419805957367,UNDERDOG,0,False,0.3449476499066436,0.6550523500933564,-0.15010185504385143,0.14285722814213686,0.15010185504385143,UNDERDOG,0,False,0.5144953246834689,0.4855046753165311,0.01944581973297388,-0.026690446634688447,0.026690446634688447,FAVORITE,1,True
2026-01-01,Boston,Sacramento,9.5,-107.0,-104.0,0.5169082125603864,0.5098039215686274,1.0,Away Favorite,0.5856883048822183,0.41431169511778165,0.06878009232183191,-0.09549222645084576,0.09549222645084576,FAVORITE,1,True,0.640999885660194,0.35900011433980605,0.12409167309980751,-0.15080380722882136,0.15080380722882136,FAVORITE,1,True,0.5949606442305497,0.40503935576945027,0.07805243167016329,-0.10476456579917715,0.10476456579917715,FAVORITE,1,True
2026-01-01,La Clippers,Utah,12.5,-110.0,-110.0,0.5238095238095238,0.5238095238095238,1.0,Home Favorite,0.6183928379325648,0.38160716206743517,0.094583314123041,-0.14220236174208867,0.14220236174208867,FAVORITE,1,True,0.615322850025963,0.384677149974037,0.09151332621643915,-0.13913237383548682,0.13913237383548682,FAVORITE,1,True,0.6156008464246232,0.3843991535753768,0.09179132261509937,-0.13941037023414704,0.13941037023414704,FAVORITE,1,True
2026-01-02,San Antonio,Indiana,5.5,-108.0,108.0,0.5192307692307693,0.4807692307692308,1.0,Away Favorite,0.44693983688666983,0.5530601631133302,-0.07229093234409945,0.07229093234409939,0.07229093234409945,UNDERDOG,0,False,0.3585088459555564,0.6414911540444437,-0.1607219232752129,0.1607219232752129,0.1607219232752129,UNDERDOG,0,False,0.38509217269625523,0.6149078273037447,-0.13413859653451404,0.13413859653451393,0.13413859653451404,UNDERDOG,0,False
2026-01-02,Brooklyn,Washington,3.5,100.0,-102.0,0.5,0.504950495049505,1.0,Home Favorite,0.6015789010237726,0.39842109897622735,0.10157890102377265,-0.1065293960732776,0.1065293960732776,FAVORITE,1,True,0.6324984378882349,0.3675015621117651,0.1324984378882349,-0.13744893293773985,0.13744893293773985,FAVORITE,1,True,0.5040221096614862,0.4959778903385138,0.004022109661486195,-0.00897260471099115,0.00897260471099115,FAVORITE,1,True
2026-01-02,Cleveland,Denver,13.5,-107.0,102.0,0.5169082125603864,0.49504950495049505,0.0,Home Favorite,0.6469098899127907,0.35309011008720925,0.1300016773524043,-0.1419593948632858,0.1419593948632858,FAVORITE,1,False,0.7660743410371819,0.23392565896281814,0.24916612847679542,-0.2611238459876769,0.2611238459876769,FAVORITE,1,False,0.5784516612463139,0.42154833875368614,0.06154344868592743,-0.07350116619680891,0.07350116619680891,FAVORITE,1,False
2026-01-02,New York,Atlanta,7.5,-110.0,-110.0,0.5238095238095238,0.5238095238095238,0.0,Home Favorite,0.49294372634970335,0.5070562736502966,-0.030865797459820488,-0.01675325015922724,0.030865797459820488,UNDERDOG,0,True,0.5583292548227081,0.4416707451772919,0.034519731013184285,-0.08213877863223196,0.08213877863223196,FAVORITE,1,False,0.39281068118297585,0.6071893188170241,-0.13099884262654798,0.08337979500750026,0.13099884262654798,UNDERDOG,0,True
2026-01-02,Orlando,Chicago,5.5,109.0,-110.0,0.4784688995215311,0.5238095238095238,0.0,Away Favorite,0.3842471718153806,0.6157528281846194,-0.0942217277061505,0.09194330437509557,0.0942217277061505,UNDERDOG,0,True,0.26930185793437145,0.7306981420656286,-0.20916704158715965,0.20688861825610472,0.20916704158715965,UNDERDOG,0,True,0.3402620229091217,0.6597379770908782,-0.13820687661240938,0.1359284532813544,0.13820687661240938,UNDERDOG,0,True
2026-01-02,Milwaukee,Charlotte,5.5,-107.0,103.0,0.5169082125603864,0.49261083743842365,0.0,Home Favorite,0.5402443893395154,0.45975561066048465,0.023336176779128914,-0.032855226777939006,0.032855226777939006,FAVORITE,1,False,0.5033824991632263,0.4966175008367737,-0.013525713397160133,0.004006663398350041,0.013525713397160133,UNDERDOG,1,False,0.533732859674855,0.46626714032514505,0.016824647114468516,-0.026343697113278608,0.026343697113278608,FAVORITE,1,False
2026-01-02,Portland,New Orleans,1.5,-110.0,-110.0,0.5238095238095238,0.5238095238095238,1.0,Away Favorite,0.6009894748660476,0.3990105251339524,0.07717995105652375,-0.12479899867557143,0.12479899867557143,FAVORITE,1,True,0.5860696239139986,0.41393037608600136,0.0622601001044748,-0.10987914772352247,0.10987914772352247,FAVORITE,1,True,0.599313980466153,0.40068601953384697,0.07550445665662919,-0.12312350427567686,0.12312350427567686,FAVORITE,1,True
2026-01-02,Phoenix,Sacramento,12.5,-106.0,103.0,0.5145631067961165,0.49261083743842365,0.0,Away Favorite,0.5365233602405888,0.4634766397594112,0.021960253444472277,-0.02913419767901243,0.02913419767901243,FAVORITE,1,False,0.5147663379207805,0.4852336620792195,0.00020323112466402726,-0.00737717535920418,0.00737717535920418,FAVORITE,1,False,0.45656801620251947,0.5434319837974806,-0.05799509059359703,0.050821146359056935,0.05799509059359703,UNDERDOG,0,True
2026-01-02,Okla City,Golden State,9.5,103.0,-112.0,0.49261083743842365,0.5283018867924528,1.0,Away Favorite,0.6559570020031009,0.3440429979968991,0.16334616456467727,-0.18425888879555374,0.18425888879555374,FAVORITE,1,True,0.7958901381829984,0.20410986181700164,0.3032793007445747,-0.3241920249754512,0.3241920249754512,FAVORITE,1,True,0.566039887542682,0.433960112457318,0.07342905010425832,-0.0943417743351348,0.0943417743351348,FAVORITE,1,True
2026-01-02,La Lakers,Memphis,3.5,-110.0,105.0,0.5238095238095238,0.4878048780487805,0.0,Away Favorite,0.28515881238088886,0.7148411876191112,-0.23865071142863498,0.22703630957033072,0.23865071142863498,UNDERDOG,0,True,0.17926449834208974,0.8207355016579103,-0.3445450254674341,0.33293062360912984,0.3445450254674341,UNDERDOG,0,True,0.4015335735827334,0.5984664264172666,-0.12227595022679044,0.11066154836848607,0.12227595022679044,UNDERDOG,0,True
2026-01-03,Minnesota,Miami,2.5,-110.0,105.0,0.5238095238095238,0.4878048780487805,1.0,Away Favorite,0.43564962691307785,0.5643503730869222,-0.08815989689644599,0.07654549503814168,0.08815989689644599,UNDERDOG,0,False,0.4419043586059038,0.5580956413940962,-0.08190516520362001,0.0702907633453157,0.08190516520362001,UNDERDOG,0,False,0.5559067649654992,0.4440932350345008,0.03209724115597534,-0.043711643014279655,0.043711643014279655,FAVORITE,1,True
2026-01-03,New York,Philadelphia,3.5,-110.0,-110.0,0.5238095238095238,0.5238095238095238,0.0,Home Favorite,0.5004867895635671,0.49951321043643293,-0.023322734245956767,-0.024296313373090905,0.024296313373090905,FAVORITE,1,False,0.5725874823271117,0.42741251767288835,0.048777958517587816,-0.09639700613663549,0.09639700613663549,FAVORITE,1,False,0.42312324183748046,0.5768767581625196,-0.10068628197204338,0.05306723435299576,0.10068628197204338,UNDERDOG,0,True
2026-01-03,Toronto,Atlanta,3.5,-107.0,100.0,0.5169082125603864,0.5,1.0,Home Favorite,0.4333974580641234,0.5666025419358767,-0.08351075449626305,0.06660254193587667,0.08351075449626305,UNDERDOG,0,False,0.4349226897819048,0.5650773102180953,-0.08198552277848165,0.06507731021809526,0.08198552277848165,UNDERDOG,0,False,0.36424774898693896,0.6357522510130611,-0.15266046357344748,0.1357522510130611,0.15266046357344748,UNDERDOG,0,False
2026-01-03,Chicago,Charlotte,1.5,-111.0,102.0,0.5260663507109005,0.49504950495049505,0.0,Home Favorite,0.4864891929144455,0.5135108070855545,-0.03957715779645499,0.018461302135059476,0.03957715779645499,UNDERDOG,0,True,0.48118717956506174,0.5188128204349383,-0.044879171145838725,0.023763315484443215,0.044879171145838725,UNDERDOG,0,True,0.5347146536575842,0.4652853463424158,0.008648302946683728,-0.02976415860807924,0.02976415860807924,FAVORITE,1,False
2026-01-03,San Antonio,Portland,8.5,-108.0,-101.0,0.5192307692307693,0.5024875621890548,0.0,Away Favorite,0.30643725356617746,0.6935627464338225,-0.21279351566459181,0.19107518424476777,0.21279351566459181,UNDERDOG,0,True,0.19260348827979007,0.80739651172021,-0.3266272809509792,0.3049089495311552,0.3266272809509792,UNDERDOG,0,True,0.3130198681272985,0.6869801318727016,-0.2062109011034708,0.1844925696836468,0.2062109011034708,UNDERDOG,0,True
2026-01-03,Houston,Dallas,8.5,104.0,-113.0,0.49019607843137253,0.5305164319248826,0.0,Away Favorite,0.5205647845955048,0.4794352154044952,0.030368706164132286,-0.05108121652038744,0.05108121652038744,FAVORITE,1,False,0.5714071625205359,0.4285928374794641,0.08121108408916339,-0.10192359444541854,0.10192359444541854,FAVORITE,1,False,0.5469648057708987,0.4530351942291013,0.05676872733952615,-0.0774812376957813,0.0774812376957813,FAVORITE,1,False
2026-01-03,Golden State,Utah,12.5,-110.0,-110.0,0.5238095238095238,0.5238095238095238,0.0,Home Favorite,0.5293841650163235,0.47061583498367654,0.005574641206799624,-0.053193688825847296,0.053193688825847296,FAVORITE,1,False,0.5021311795108767,0.4978688204891233,-0.021678344298647123,-0.02594070332040055,0.02594070332040055,FAVORITE,1,False,0.4547421267708487,0.5452578732291513,-0.06906739703867515,0.021448349419627477,0.06906739703867515,UNDERDOG,0,True
2026-01-03,La Clippers,Boston,1.5,-103.0,-101.0,0.5073891625615764,0.5024875621890548,1.0,Away Favorite,0.5260563521086029,0.4739436478913971,0.018667189547026508,-0.02854391429765768,0.02854391429765768,FAVORITE,1,True,0.6091575039939638,0.39084249600603616,0.10176834143238744,-0.11164506618301862,0.11164506618301862,FAVORITE,1,True,0.45177487486180695,0.5482251251381931,-0.05561428769976945,0.04573756294913833,0.05561428769976945,UNDERDOG,0,False
2026-01-04,Cleveland,Detroit,4.5,-113.0,102.0,0.5305164319248826,0.49504950495049505,0.0,Home Favorite,0.4161789464847925,0.5838210535152075,-0.11433748544009015,0.08877154856471248,0.11433748544009015,UNDERDOG,0,True,0.3918355127481239,0.6081644872518761,-0.13868091917675873,0.11311498230138106,0.13868091917675873,UNDERDOG,0,True,0.3301494126723083,0.6698505873276916,-0.20036701925257433,0.1748010823771966,0.20036701925257433,UNDERDOG,0,True
2026-01-04,Orlando,Indiana,6.5,-104.0,-104.0,0.5098039215686274,0.5098039215686274,1.0,Home Favorite,0.4391639515115813,0.5608360484884187,-0.07063997005704614,0.05103212691979131,0.07063997005704614,UNDERDOG,0,False,0.4570030697518551,0.5429969302481449,-0.0528008518167723,0.033193008679517466,0.0528008518167723,UNDERDOG,0,False,0.3482392260807349,0.6517607739192651,-0.16156469548789254,0.1419568523506377,0.16156469548789254,UNDERDOG,0,False
2026-01-04,Denver,Brooklyn,2.5,103.0,-107.0,0.49261083743842365,0.5169082125603864,0.0,Away Favorite,0.5346305733031897,0.46536942669681025,0.042019735864766095,-0.051538785863576186,0.051538785863576186,FAVORITE,1,False,0.5512758830428353,0.44872411695716474,0.0586650456044116,-0.0681840956032217,0.0681840956032217,FAVORITE,1,False,0.37048509871041113,0.6295149012895889,-0.12212573872801252,0.11260668872920243,0.12212573872801252,UNDERDOG,0,True
2026-01-04,Miami,New Orleans,8.5,-110.0,-110.0,0.5238095238095238,0.5238095238095238,1.0,Home Favorite,0.4018875661411927,0.5981124338588073,-0.12192195766833114,0.07430291004928347,0.12192195766833114,UNDERDOG,0,False,0.33562145989534187,0.6643785401046581,-0.18818806391418197,0.1405690162951343,0.18818806391418197,UNDERDOG,0,False,0.3921323040757367,0.6078676959242633,-0.13167721973378715,0.08405817211473943,0.13167721973378715,UNDERDOG,0,False
2026-01-04,Minnesota,Washington,11.5,-104.0,-106.0,0.5098039215686274,0.5145631067961165,1.0,Away Favorite,0.39915187187210865,0.6008481281278913,-0.11065204969651876,0.08628502133177485,0.11065204969651876,UNDERDOG,0,False,0.34450586557602847,0.6554941344239715,-0.16529805599259895,0.14093102762785503,0.16529805599259895,UNDERDOG,0,False,0.3972671942243718,0.6027328057756283,-0.11253672734425563,0.08816969897951177,0.11253672734425563,UNDERDOG,0,False
2026-01-04,Okla City,Phoenix,9.5,-100.0,-105.0,0.5,0.5121951219512195,0.0,Away Favorite,0.3840507458972051,0.6159492541027949,-0.11594925410279489,0.10375413215157536,0.11594925410279489,UNDERDOG,0,True,0.3454934820268005,0.6545065179731995,-0.15450651797319948,0.14231139602197995,0.15450651797319948,UNDERDOG,0,True,0.5036474067280688,0.49635259327193115,0.003647406728068847,-0.01584252867928837,0.01584252867928837,FAVORITE,1,False
2026-01-04,Milwaukee,Sacramento,6.5,-116.0,105.0,0.5370370370370371,0.4878048780487805,1.0,Away Favorite,0.734714174280601,0.26528582571939896,0.19767713724356395,-0.22251905232938152,0.22251905232938152,FAVORITE,1,True,0.8777392102010145,0.12226078979898547,0.34070217316397744,-0.365544088249795,0.365544088249795,FAVORITE,1,True,0.6618648835739238,0.3381351164260762,0.12482784653688672,-0.1496697616227043,0.1496697616227043,FAVORITE,1,True
2026-01-04,La Lakers,Memphis,5.5,104.0,-113.0,0.49019607843137253,0.5305164319248826,0.0,Away Favorite,0.35030123234370375,0.6496987676562962,-0.13989484608766878,0.11918233573141357,0.13989484608766878,UNDERDOG,0,True,0.3067279106964569,0.6932720893035431,-0.18346816773491564,0.1627556573786605,0.18346816773491564,UNDERDOG,0,True,0.358015838298277,0.641984161701723,-0.13218024013309554,0.11146772977684039,0.13218024013309554,UNDERDOG,0,True
2026-01-05,New York,Detroit,2.5,-110.0,-110.0,0.5238095238095238,0.5238095238095238,0.0,Away Favorite,0.3480118211040131,0.6519881788959869,-0.17579770270551076,0.1281786550864631,0.17579770270551076,UNDERDOG,0,True,0.23878482503218906,0.7612151749678109,-0.2850246987773348,0.23740565115828705,0.2850246987773348,UNDERDOG,0,True,0.3650158157638639,0.6349841842361361,-0.15879370804565995,0.11117466042661228,0.15879370804565995,UNDERDOG,0,True
2026-01-05,Boston,Chicago,11.5,103.0,-110.0,0.49261083743842365,0.5238095238095238,1.0,Home Favorite,0.41280570197137495,0.5871942980286251,-0.0798051354670487,0.06338477421910127,0.0798051354670487,UNDERDOG,0,False,0.3443531423083455,0.6556468576916545,-0.14825769513007814,0.1318373338821307,0.14825769513007814,UNDERDOG,0,False,0.3005630225925227,0.6994369774074773,-0.19204781484590094,0.1756274535979535,0.19204781484590094,UNDERDOG,0,False
2026-01-05,Toronto,Atlanta,2.5,-105.0,102.0,0.5121951219512195,0.49504950495049505,1.0,Home Favorite,0.4340157388476871,0.5659842611523129,-0.0781793831035324,0.07093475620181788,0.0781793831035324,UNDERDOG,0,False,0.45682719696964946,0.5431728030303505,-0.05536792498157006,0.04812329807985549,0.05536792498157006,UNDERDOG,0,False,0.36942236947736595,0.630577630522634,-0.14277275247385357,0.135528125572139,0.14277275247385357,UNDERDOG,0,False
2026-01-05,Houston,Phoenix,8.5,103.0,-110.0,0.49261083743842365,0.5238095238095238,0.0,Home Favorite,0.5533808401668675,0.4466191598331325,0.06077000272844385,-0.07719036397639134,0.07719036397639134,FAVORITE,1,False,0.5936260114457013,0.40637398855429874,0.10101517400727761,-0.1174355352552251,0.1174355352552251,FAVORITE,1,False,0.48290403128779147,0.5170959687122085,-0.009706806150632186,-0.006713555097315305,0.009706806150632186,UNDERDOG,0,True
2026-01-05,Okla City,Charlotte,15.5,-104.0,101.0,0.5098039215686274,0.4975124378109453,1.0,Away Favorite,0.5064330667308117,0.4935669332691883,-0.00337085483781574,-0.003945504541756961,0.003945504541756961,FAVORITE,1,True,0.5607490114460595,0.4392509885539405,0.05094508987743207,-0.05826144925700477,0.05826144925700477,FAVORITE,1,True,0.4355002960901193,0.5644997039098807,-0.0743036254785081,0.0669872660989354,0.0743036254785081,UNDERDOG,0,False
2026-01-05,Philadelphia,Denver,11.5,,,,,0.0,Home Favorite,0.38056185936062426,0.6194381406393757,,,,UNDERDOG,0,True,0.28168822466472454,0.7183117753352755,,,,UNDERDOG,0,True,0.23232664830772076,0.7676733516922792,,,,UNDERDOG,0,True
2026-01-05,Golden State,La Clippers,1.5,-103.0,-102.0,0.5073891625615764,0.504950495049505,0.0,Away Favorite,0.29758808999784403,0.702411910002156,-0.20980107256373237,0.19746141495265102,0.20980107256373237,UNDERDOG,0,True,0.18157800941607438,0.8184219905839256,-0.325811153145502,0.31347149553442066,0.325811153145502,UNDERDOG,0,True,0.31127796400622343,0.6887220359937766,-0.19611119855535297,0.18377154094427162,0.19611119855535297,UNDERDOG,0,True
2026-01-05,Portland,Utah,6.5,-110.0,-110.0,0.5238095238095238,0.5238095238095238,1.0,Home Favorite,0.5017106198857977,0.4982893801142023,-0.022098903923726154,-0.025520143695321518,0.025520143695321518,FAVORITE,1,True,0.49127060953469975,0.5087293904653003,-0.03253891427482408,-0.015080133344223534,0.03253891427482408,UNDERDOG,0,False,0.5060574106619629,0.49394258933803714,-0.017752113147560977,-0.029866934471486695,0.029866934471486695,FAVORITE,1,True
2026-01-06,Cleveland,Indiana,5.5,101.0,-102.0,0.4975124378109453,0.504950495049505,0.0,Away Favorite,0.6455215461498114,0.3544784538501886,0.1480091083388661,-0.15047204119931634,0.15047204119931634,FAVORITE,1,False,0.6707031944560873,0.3292968055439127,0.173190756645142,-0.17565368950559224,0.17565368950559224,FAVORITE,1,False,0.5443120272706827,0.45568797272931727,0.046799589459737445,-0.049262522320187685,0.049262522320187685,FAVORITE,1,False
2026-01-06,Orlando,Washington,7.5,-106.0,101.0,0.5145631067961165,0.4975124378109453,0.0,Away Favorite,0.4846361070336343,0.5153638929663658,-0.029926999762482198,0.01785145515542047,0.029926999762482198,UNDERDOG,0,True,0.4504405274571129,0.5495594725428872,-0.06412257933900362,0.05204703473194189,0.06412257933900362,UNDERDOG,0,True,0.5072105805788762,0.49278941942112375,-0.007352526217240252,-0.004723018389821532,0.007352526217240252,UNDERDOG,1,False
2026-01-06,San Antonio,Memphis,6.5,-107.0,101.0,0.5169082125603864,0.4975124378109453,0.0,Away Favorite,0.5242089979991346,0.47579100200086544,0.007300785438748125,-0.021721435810079848,0.021721435810079848,FAVORITE,1,False,0.5213136102600031,0.4786863897399969,0.0044053976996166755,-0.018826048070948398,0.018826048070948398,FAVORITE,1,False,0.4585410979686661,0.5414589020313338,-0.05836711459172034,0.04394646422038856,0.05836711459172034,UNDERDOG,0,True
2026-01-06,Minnesota,Miami,4.5,-112.0,104.0,0.5283018867924528,0.49019607843137253,1.0,Home Favorite,0.42455640051271054,0.5754435994872895,-0.10374548627974228,0.08524752105591699,0.10374548627974228,UNDERDOG,0,False,0.3811198093914465,0.6188801906085535,-0.1471820774010063,0.12868411217718095,0.1471820774010063,UNDERDOG,0,False,0.40709321746747107,0.5929067825325289,-0.12120866932498175,0.1027107041011564,0.12120866932498175,UNDERDOG,0,False
2026-01-06,La Lakers,New Orleans,6.5,-110.0,-110.0,0.5238095238095238,0.5238095238095238,1.0,Away Favorite,0.5734871079817998,0.4265128920182002,0.04967758417227597,-0.09729663179132364,0.09729663179132364,FAVORITE,1,True,0.546394528476713,0.453605471523287,0.022585004667189157,-0.07020405228623683,0.07020405228623683,FAVORITE,1,True,0.5164790672359757,0.4835209327640243,-0.007330456573548139,-0.04028859104549953,0.04028859104549953,FAVORITE,1,True
2026-01-06,Dallas,Sacramento,5.5,101.0,-111.0,0.4975124378109453,0.5260663507109005,0.0,Away Favorite,0.46112953451033184,0.5388704654896681,-0.036382903300613445,0.012804114778767639,0.036382903300613445,UNDERDOG,0,True,0.411397037549628,0.588602962450372,-0.08611540026131731,0.06253661173947156,0.08611540026131731,UNDERDOG,0,True,0.48215247924232835,0.5178475207576716,-0.015359958568616938,-0.008218829953228868,0.015359958568616938,UNDERDOG,0,True
2026-01-07,Toronto,Charlotte,1.5,-102.0,-101.0,0.504950495049505,0.5024875621890548,0.0,Away Favorite,0.6547558187224951,0.3452441812775049,0.14980532367299015,-0.15724338091154988,0.15724338091154988,FAVORITE,1,False,0.6864966767049533,0.3135033232950467,0.18154618165544834,-0.18898423889400806,0.18898423889400806,FAVORITE,1,False,0.6542861366667679,0.34571386333323206,0.14933564161726298,-0.1567736988558227,0.1567736988558227,FAVORITE,1,False
2026-01-07,Detroit,Chicago,10.5,-116.0,-103.0,0.5370370370370371,0.5073891625615764,1.0,Home Favorite,0.4331497836021441,0.5668502163978559,-0.10388725343489297,0.05946105383627953,0.10388725343489297,UNDERDOG,0,False,0.3495188435572029,0.650481156442797,-0.18751819347983417,0.14309199388122062,0.18751819347983417,UNDERDOG,0,False,0.5264087176144943,0.47359128238550574,-0.010628319422542831,-0.03379788017607066,0.03379788017607066,FAVORITE,1,True
2026-01-07,Philadelphia,Washington,13.5,-111.0,101.0,0.5260663507109005,0.4975124378109453,1.0,Home Favorite,0.42815765335894207,0.5718423466410579,-0.0979086973519584,0.07432990883011265,0.0979086973519584,UNDERDOG,0,False,0.3981024175142938,0.6018975824857062,-0.12796393319660665,0.10438514467476095,0.12796393319660665,UNDERDOG,0,False,0.41514860677366694,0.5848513932263331,-0.11091774393723353,0.08733895541538778,0.11091774393723353,UNDERDOG,0,False
2026-01-07,Boston,Denver,9.5,-103.0,-121.0,0.5073891625615764,0.5475113122171946,0.0,Home Favorite,0.4270983417223751,0.572901658277625,-0.0802908208392013,0.025390346060430335,0.0802908208392013,UNDERDOG,0,True,0.33842513869423063,0.6615748613057694,-0.16896402386734577,0.11406354908857474,0.16896402386734577,UNDERDOG,0,True,0.4711721763320337,0.5288278236679663,-0.036216986229542725,-0.0186834885492283,0.036216986229542725,UNDERDOG,0,True
2026-01-07,Atlanta,New Orleans,10.5,-110.0,-110.0,0.5238095238095238,0.5238095238095238,1.0,Home Favorite,0.5515098795682407,0.4484901204317593,0.027700355758716877,-0.07531940337776455,0.07531940337776455,FAVORITE,1,True,0.6085390792227635,0.3914609207772365,0.08472955541323968,-0.13234860303228735,0.13234860303228735,FAVORITE,1,True,0.5476206192581398,0.45237938074186024,0.023811095448615927,-0.0714301430676636,0.0714301430676636,FAVORITE,1,True
2026-01-07,Orlando,Brooklyn,2.5,106.0,-112.0,0.4854368932038835,0.5283018867924528,0.0,Away Favorite,0.42779050620522097,0.572209493794779,-0.057646386998662535,0.04390760700232621,0.057646386998662535,UNDERDOG,0,True,0.3786623735731116,0.6213376264268884,-0.10677451963077189,0.09303573963443557,0.10677451963077189,UNDERDOG,0,True,0.47729220908025477,0.5227077909197453,-0.008144684123628732,-0.0055940958727075385,0.008144684123628732,UNDERDOG,0,True
2026-01-07,New York,La Clippers,4.5,-110.0,-110.0,0.5238095238095238,0.5238095238095238,1.0,Home Favorite,0.47074532544433306,0.529254674555667,-0.05306419836519077,0.005445150746143157,0.05306419836519077,UNDERDOG,0,False,0.4961091146291994,0.5038908853708006,-0.02770040918032446,-0.019918638438723213,0.02770040918032446,UNDERDOG,0,False,0.4508327606273788,0.5491672393726212,-0.07297676318214502,0.025357715563097405,0.07297676318214502,UNDERDOG,0,False
2026-01-07,Phoenix,Memphis,4.5,-102.0,-105.0,0.504950495049505,0.5121951219512195,1.0,Away Favorite,0.29645707191239584,0.7035429280876042,-0.2084934231371091,0.1913478061363847,0.2084934231371091,UNDERDOG,0,False,0.18064718072423497,0.8193528192757651,-0.32430331432527,0.30715769732454556,0.32430331432527,UNDERDOG,0,False,0.38227389116936517,0.6177261088306348,-0.12267660388013979,0.10553098687941531,0.12267660388013979,UNDERDOG,0,False
2026-01-07,Okla City,Utah,17.5,-110.0,-110.0,0.5238095238095238,0.5238095238095238,0.0,Home Favorite,0.5386331907704545,0.46136680922954554,0.014823666960930626,-0.0624427145799783,0.0624427145799783,FAVORITE,1,False,0.5215488465172033,0.47845115348279665,-0.00226067729232049,-0.04535837032672718,0.04535837032672718,FAVORITE,1,False,0.4935304373270636,0.5064695626729364,-0.03027908648246025,-0.017339961136587423,0.03027908648246025,UNDERDOG,0,True
2026-01-07,San Antonio,La Lakers,7.5,-114.0,109.0,0.5327102803738317,0.4784688995215311,0.0,Away Favorite,0.5620395577570373,0.4379604422429627,0.029329277383205565,-0.04050845727856839,0.04050845727856839,FAVORITE,1,False,0.5807950114346638,0.41920498856533617,0.04808473106083211,-0.05926391095619493,0.05926391095619493,FAVORITE,1,False,0.3946928708332426,0.6053071291667573,-0.1380174095405891,0.12683822964522623,0.1380174095405891,UNDERDOG,0,True
2026-01-07,Golden State,Milwaukee,5.5,-111.0,103.0,0.5260663507109005,0.49261083743842365,0.0,Away Favorite,0.5643035377522707,0.4356964622477293,0.038237187041370246,-0.056914375190694366,0.056914375190694366,FAVORITE,1,False,0.5645029315253544,0.43549706847464564,0.03843658081445389,-0.05711376896377801,0.05711376896377801,FAVORITE,1,False,0.4881743046915707,0.5118256953084293,-0.03789204601932977,0.019214857870005597,0.03789204601932977,UNDERDOG,0,True
2026-01-07,Houston,Portland,6.5,-107.0,106.0,0.5169082125603864,0.4854368932038835,0.0,Away Favorite,0.364711163038414,0.635288836961586,-0.15219704952197244,0.1498519437577025,0.15219704952197244,UNDERDOG,0,True,0.3148082764670891,0.6851917235329109,-0.20209993609329735,0.1997548303290274,0.20209993609329735,UNDERDOG,0,True,0.4678637810226882,0.5321362189773118,-0.04904443153769822,0.04669932577342828,0.04904443153769822,UNDERDOG,0,True
2026-01-08,Charlotte,Indiana,4.5,-108.0,-107.0,0.5192307692307693,0.5169082125603864,0.0,Home Favorite,0.6817719340619398,0.3182280659380602,0.16254116483117054,-0.19868014662232625,0.19868014662232625,FAVORITE,1,False,0.768703163864242,0.23129683613575802,0.2494723946334727,-0.2856113764246284,0.2856113764246284,FAVORITE,1,False,0.5624364512857312,0.43756354871426884,0.04320568205496189,-0.0793446638461176,0.0793446638461176,FAVORITE,1,False
2026-01-08,Miami,Chicago,7.5,100.0,-110.0,0.5,0.5238095238095238,0.0,Away Favorite,0.5979881174717556,0.4020118825282444,0.09798811747175562,-0.12179764128127946,0.12179764128127946,FAVORITE,1,False,0.5781616402899891,0.42183835971001094,0.07816164028998906,-0.1019711640995129,0.1019711640995129,FAVORITE,1,False,0.5134434900848874,0.48655650991511257,0.013443490084887433,-0.03725301389441127,0.03725301389441127,FAVORITE,1,False
2026-01-08,Minnesota,Cleveland,2.5,105.0,-109.0,0.4878048780487805,0.5215311004784688,1.0,Home Favorite,0.38020307546475224,0.6197969245352477,-0.10760180258402824,0.09826582405677886,0.10760180258402824,UNDERDOG,0,False,0.26113989122214387,0.7388601087778561,-0.2266649868266366,0.21732900829938728,0.2266649868266366,UNDERDOG,0,False,0.27965012832098385,0.7203498716790162,-0.20815474972779663,0.19881877120054736,0.20815474972779663,UNDERDOG,0,False
2026-01-08,Dallas,Utah,6.5,-110.0,-110.0,0.5238095238095238,0.5238095238095238,0.0,Away Favorite,0.4877114580754295,0.5122885419245705,-0.03609806573409435,-0.011520981884953319,0.03609806573409435,UNDERDOG,0,True,0.450245785895032,0.549754214104968,-0.07356373791449183,0.025944690295444217,0.07356373791449183,UNDERDOG,0,True,0.4210304625651126,0.5789695374348873,-0.10277906124441122,0.05516001362536349,0.10277906124441122,UNDERDOG,0,True
2026-01-09,Boston,Toronto,9.5,-110.0,104.0,0.5238095238095238,0.49019607843137253,0.0,Home Favorite,0.390025049937968,0.609974950062032,-0.13378447387155584,0.11977887163065942,0.13378447387155584,UNDERDOG,0,True,0.3107125675995073,0.6892874324004927,-0.2130969562100165,0.1990913539691202,0.2130969562100165,UNDERDOG,0,True,0.3991911805775195,0.6008088194224805,-0.12461834323200432,0.11061274099110802,0.12461834323200432,UNDERDOG,0,True
2026-01-09,Philadelphia,Orlando,3.5,-105.0,104.0,0.5121951219512195,0.49019607843137253,1.0,Away Favorite,0.6774950282772808,0.3225049717227192,0.16529990632606129,-0.16769110670865334,0.16769110670865334,FAVORITE,1,True,0.778137095043361,0.22186290495663896,0.2659419730921415,-0.26833317347473357,0.26833317347473357,FAVORITE,1,True,0.7898826511624406,0.2101173488375594,0.2776875292112211,-0.28007872959381314,0.28007872959381314,FAVORITE,1,True
2026-01-09,New Orleans,Washington,2.5,-110.0,-110.0,0.5238095238095238,0.5238095238095238,1.0,Away Favorite,0.6770454906295151,0.32295450937048487,0.1532359668199913,-0.20085501443903897,0.20085501443903897,FAVORITE,1,True,0.7211949540134154,0.2788050459865846,0.19738543020389154,-0.24500447782293922,0.24500447782293922,FAVORITE,1,True,0.5152278328330574,0.4847721671669426,-0.008581690976466438,-0.039037356642581234,0.039037356642581234,FAVORITE,1,True
2026-01-09,La Clippers,Brooklyn,4.5,-104.0,103.0,0.5098039215686274,0.49261083743842365,1.0,Away Favorite,0.5148487279986708,0.48515127200132924,0.005044806430043347,-0.0074595654370944176,0.0074595654370944176,FAVORITE,1,True,0.5099798056106705,0.49002019438932953,0.00017588404204305075,-0.0025906430490941212,0.0025906430490941212,FAVORITE,1,True,0.5204652076684191,0.4795347923315809,0.010661286099791667,-0.013076045106842737,0.013076045106842737,FAVORITE,1,True
2026-01-09,Okla City,Memphis,5.5,101.0,-105.0,0.4975124378109453,0.5121951219512195,0.0,Away Favorite,0.6197946740273231,0.38020532597267687,0.12228223621637785,-0.13198979597854266,0.13198979597854266,FAVORITE,1,False,0.6880674470932312,0.3119325529067688,0.19055500928228591,-0.20026256904445072,0.20026256904445072,FAVORITE,1,False,0.6709214849364937,0.32907851506350627,0.17340904712554844,-0.18311660688771325,0.18311660688771325,FAVORITE,1,False
2026-01-09,Denver,Atlanta,1.5,112.0,-119.0,0.4716981132075472,0.54337899543379,0.0,Home Favorite,0.4381599786985393,0.5618400213014607,-0.03353813450900789,0.018461025867670733,0.03353813450900789,UNDERDOG,0,True,0.4250761949546028,0.5749238050453972,-0.04662191825294437,0.031544809611607216,0.04662191825294437,UNDERDOG,0,True,0.46551632820175004,0.53448367179825,-0.006181785005797136,-0.00889532363554002,0.00889532363554002,FAVORITE,0,True
2026-01-09,New York,Phoenix,1.5,-110.0,-110.0,0.5238095238095238,0.5238095238095238,0.0,Away Favorite,0.566573156061957,0.433426843938043,0.04276363225243318,-0.09038267987148085,0.09038267987148085,FAVORITE,1,False,0.6043907040373537,0.39560929596264627,0.0805811802278299,-0.12820022784687757,0.12820022784687757,FAVORITE,1,False,0.49988156819492147,0.5001184318050785,-0.02392795561460237,-0.023691092004445302,0.02392795561460237,UNDERDOG,0,True
2026-01-09,Golden State,Sacramento,14.5,-109.0,102.0,0.5215311004784688,0.49504950495049505,0.0,Away Favorite,0.3394979334887249,0.6605020665112751,-0.18203316698974392,0.16545256156078003,0.18203316698974392,UNDERDOG,0,True,0.2611313892743584,0.7388686107256416,-0.26039971120411043,0.24381910577514654,0.26039971120411043,UNDERDOG,0,True,0.2881928342336983,0.7118071657663017,-0.23333826624477055,0.2167576608158066,0.23333826624477055,UNDERDOG,0,True
2026-01-09,Houston,Portland,6.5,-108.0,105.0,0.5192307692307693,0.4878048780487805,0.0,Away Favorite,0.4001737669485255,0.5998262330514745,-0.11905700228224375,0.11202135500269406,0.11905700228224375,UNDERDOG,0,True,0.36342136370353306,0.6365786362964669,-0.1558094055272362,0.14877375824768646,0.1558094055272362,UNDERDOG,0,True,0.4119813010028511,0.588018698997149,-0.1072494682279182,0.1002138209483685,0.1072494682279182,UNDERDOG,0,True
2026-01-09,La Lakers,Milwaukee,3.5,100.0,-104.0,0.5,0.5098039215686274,1.0,Away Favorite,0.29287384842269815,0.7071261515773019,-0.20712615157730185,0.19732223000867444,0.20712615157730185,UNDERDOG,0,False,0.16077893736669557,0.8392210626333044,-0.3392210626333044,0.329417141064677,0.3392210626333044,UNDERDOG,0,False,0.4162107809224155,0.5837892190775845,-0.08378921907758452,0.0739852975089571,0.08378921907758452,UNDERDOG,0,False
2026-01-10,Cleveland,Minnesota,2.5,104.0,-106.0,0.49019607843137253,0.5145631067961165,1.0,Home Favorite,0.6207203561935815,0.37927964380641854,0.13052427776220893,-0.13528346298969796,0.13528346298969796,FAVORITE,1,True,0.6965035478445291,0.30349645215547094,0.20630746941315653,-0.21106665464064556,0.21106665464064556,FAVORITE,1,True,0.50762395112335,0.49237604887665,0.017427872691977486,-0.022187057919466513,0.022187057919466513,FAVORITE,1,True
2026-01-10,Miami,Indiana,6.5,-109.0,100.0,0.5215311004784688,0.5,0.0,Away Favorite,0.6410389905065083,0.35896100949349175,0.11950789002803941,-0.14103899050650825,0.14103899050650825,FAVORITE,1,False,0.6567475327292273,0.34325246727077274,0.1352164322507584,-0.15674753272922726,0.15674753272922726,FAVORITE,1,False,0.47999301920395837,0.5200069807960417,-0.041538081274510474,0.020006980796041685,0.041538081274510474,UNDERDOG,0,True
2026-01-10,Detroit,La Clippers,3.5,-112.0,109.0,0.5283018867924528,0.4784688995215311,0.0,Home Favorite,0.47635214877393406,0.5236478512260659,-0.051949738018518765,0.04517895170453484,0.051949738018518765,UNDERDOG,0,True,0.4743571286876816,0.5256428713123185,-0.05394475810477123,0.04717397179078736,0.05394475810477123,UNDERDOG,0,True,0.5036772302932024,0.49632276970679756,-0.024624656499250386,0.017853870185266463,0.024624656499250386,UNDERDOG,1,False
2026-01-10,San Antonio,Boston,1.5,112.0,-119.0,0.4716981132075472,0.54337899543379,0.0,Home Favorite,0.4586151947923343,0.5413848052076657,-0.013082918415212863,-0.0019941902261242372,0.013082918415212863,UNDERDOG,0,True,0.43902150262844414,0.5609784973715559,-0.03267661057910304,0.017599501937765938,0.03267661057910304,UNDERDOG,0,True,0.4492247094160049,0.5507752905839951,-0.02247340379154228,0.007396295150205123,0.02247340379154228,UNDERDOG,0,True
2026-01-10,Chicago,Dallas,2.5,-101.0,-104.0,0.5024875621890548,0.5098039215686274,1.0,Home Favorite,0.487188816722362,0.5128111832776381,-0.015298745466692798,0.003007261709010667,0.015298745466692798,UNDERDOG,0,False,0.5449217640756285,0.45507823592437147,0.042434201886573764,-0.05472568564425595,0.05472568564425595,FAVORITE,1,True,0.636655376638491,0.36334462336150897,0.13416781444943626,-0.14645929820711845,0.14645929820711845,FAVORITE,1,True
2026-01-10,Charlotte,Utah,4.5,-110.0,-110.0,0.5238095238095238,0.5238095238095238,1.0,Away Favorite,0.3686529566373399,0.6313470433626601,-0.15515656717218396,0.10753751955313628,0.15515656717218396,UNDERDOG,0,False,0.3831660893063641,0.6168339106936359,-0.14064343450315975,0.09302438688411208,0.14064343450315975,UNDERDOG,0,False,0.39755413765137304,0.602445862348627,-0.1262553861581508,0.07863633853910312,0.1262553861581508,UNDERDOG,0,False
2026-01-11,Orlando,New Orleans,6.5,-110.0,-110.0,0.5238095238095238,0.5238095238095238,1.0,Home Favorite,0.4974760090014493,0.5025239909985507,-0.026333514808074554,-0.021285532810973118,0.026333514808074554,UNDERDOG,0,False,0.5182065824300783,0.48179341756992167,-0.005602941379445503,-0.04201610623960217,0.04201610623960217,FAVORITE,1,True,0.4999895896118597,0.5000104103881403,-0.02381993419766415,-0.023799113421383522,0.02381993419766415,UNDERDOG,0,False
2026-01-11,Memphis,Brooklyn,8.5,107.0,-113.0,0.4830917874396135,0.5305164319248826,0.0,Home Favorite,0.5584506903384276,0.44154930966157235,0.07535890289881414,-0.08896712226331027,0.08896712226331027,FAVORITE,1,False,0.613575323305448,0.38642467669455205,0.13048353586583444,-0.14409175523033058,0.14409175523033058,FAVORITE,1,False,0.4835154352205109,0.5164845647794891,0.00042364778089737376,-0.014031867145393506,0.014031867145393506,FAVORITE,0,True
2026-01-11,Philadelphia,Toronto,4.5,-103.0,-105.0,0.5073891625615764,0.5121951219512195,0.0,Away Favorite,0.5020241130768529,0.4979758869231471,-0.005365049484723494,-0.01421923502807243,0.01421923502807243,FAVORITE,1,False,0.5434842057598829,0.4565157942401171,0.036095043198306476,-0.0556793277111024,0.0556793277111024,FAVORITE,1,False,0.3846506961854088,0.6153493038145912,-0.12273846637616759,0.10315418186337166,0.12273846637616759,UNDERDOG,0,True
2026-01-11,New York,Portland,4.5,-110.0,-110.0,0.5238095238095238,0.5238095238095238,1.0,Away Favorite,0.39181431390087984,0.6081856860991202,-0.131995209908644,0.08437616228959632,0.131995209908644,UNDERDOG,0,False,0.33072175501258105,0.669278244987419,-0.19308776879694278,0.1454687211778951,0.19308776879694278,UNDERDOG,0,False,0.2801757522055005,0.7198242477944995,-0.24363377160402333,0.19601472398497566,0.24363377160402333,UNDERDOG,0,False
2026-01-11,Minnesota,San Antonio,2.5,100.0,-107.0,0.5,0.5169082125603864,0.0,Home Favorite,0.3620542163027912,0.6379457836972088,-0.13794578369720878,0.12103757113682234,0.13794578369720878,UNDERDOG,0,True,0.20687801103837683,0.7931219889616232,-0.29312198896162317,0.2762137764012368,0.29312198896162317,UNDERDOG,0,True,0.3919437510168579,0.608056248983142,-0.10805624898314209,0.0911480364227556,0.10805624898314209,UNDERDOG,0,True
2026-01-11,Okla City,Miami,13.5,-107.0,-100.0,0.5169082125603864,0.5,0.0,Away Favorite,0.4262583233555482,0.5737416766444519,-0.09064988920483824,0.07374167664445186,0.09064988920483824,UNDERDOG,0,True,0.37783427375985246,0.6221657262401475,-0.13907393880053398,0.12216572624014754,0.13907393880053398,UNDERDOG,0,True,0.4359689207105354,0.5640310792894646,-0.08093929184985105,0.06403107928946461,0.08093929184985105,UNDERDOG,0,True
2026-01-11,Milwaukee,Denver,2.5,-104.0,-101.0,0.5098039215686274,0.5024875621890548,0.0,Away Favorite,0.6186832469086497,0.38131675309135027,0.10887932534002231,-0.1211708090977045,0.1211708090977045,FAVORITE,1,False,0.6992201871678705,0.3007798128321295,0.18941626559924307,-0.20170774935692526,0.20170774935692526,FAVORITE,1,False,0.6089979461700852,0.3910020538299148,0.09919402460145776,-0.11148550835913995,0.11148550835913995,FAVORITE,1,False
2026-01-11,Phoenix,Washington,14.5,102.0,-103.0,0.49504950495049505,0.5073891625615764,0.0,Away Favorite,0.3391157533205467,0.6608842466794533,-0.15593375162994833,0.15349508411787693,0.15593375162994833,UNDERDOG,0,True,0.26905513249629776,0.7309448675037022,-0.2259943724541973,0.22355570494212584,0.2259943724541973,UNDERDOG,0,True,0.4180822254944343,0.5819177745055657,-0.07696727945606074,0.0745286119439893,0.07696727945606074,UNDERDOG,0,True
2026-01-11,Golden State,Atlanta,6.5,105.0,-110.0,0.4878048780487805,0.5238095238095238,1.0,Away Favorite,0.2779439463598611,0.7220560536401389,-0.2098609316889194,0.19824652983061508,0.2098609316889194,UNDERDOG,0,False,0.25037972230889743,0.7496202776911025,-0.23742515573988304,0.22581075388157867,0.23742515573988304,UNDERDOG,0,False,0.27814419570676185,0.7218558042932381,-0.20966068234201862,0.1980462804837143,0.20966068234201862,UNDERDOG,0,False
2026-01-11,Houston,Sacramento,13.5,-103.0,-104.0,0.5073891625615764,0.5098039215686274,0.0,Away Favorite,0.4528960573285152,0.5471039426714848,-0.05449310523306122,0.03730002110285735,0.05449310523306122,UNDERDOG,0,True,0.40208172116114294,0.5979182788388571,-0.10530744140043347,0.08811435727022965,0.10530744140043347,UNDERDOG,0,True,0.40456275298306804,0.595437247016932,-0.10282640957850836,0.0856333254483046,0.10282640957850836,UNDERDOG,0,True
2026-01-12,Cleveland,Utah,13.5,-110.0,-110.0,0.5238095238095238,0.5238095238095238,0.0,Home Favorite,0.5924527463112623,0.4075472536887377,0.06864322250173849,-0.11626227012078616,0.11626227012078616,FAVORITE,1,False,0.6295740178035051,0.3704259821964949,0.10576449399398125,-0.15338354161302892,0.15338354161302892,FAVORITE,1,False,0.485130105898075,0.514869894101925,-0.038679417911448855,-0.008939629707598873,0.038679417911448855,UNDERDOG,0,True
2026-01-12,Boston,Indiana,5.5,-106.0,104.0,0.5145631067961165,0.49019607843137253,0.0,Away Favorite,0.5133561624276485,0.4866438375723515,-0.0012069443684680214,-0.0035522408590210053,0.0035522408590210053,FAVORITE,1,False,0.5119560726355434,0.48804392736445656,-0.002607034160573063,-0.002152151066915964,0.002607034160573063,UNDERDOG,1,False,0.3417354268212126,0.6582645731787874,-0.1728276799749039,0.16806849474741486,0.1728276799749039,UNDERDOG,0,True
2026-01-12,Philadelphia,Toronto,3.5,104.0,-108.0,0.49019607843137253,0.5192307692307693,1.0,Away Favorite,0.4124052500077265,0.5875947499922736,-0.07779082842364604,0.0683639807615043,0.07779082842364604,UNDERDOG,0,False,0.3952709683502539,0.6047290316497461,-0.09492511008111865,0.08549826241897684,0.09492511008111865,UNDERDOG,0,False,0.3271670113204188,0.6728329886795812,-0.16302906711095372,0.15360221944881192,0.16302906711095372,UNDERDOG,0,False
2026-01-12,Dallas,Brooklyn,3.5,-113.0,106.0,0.5305164319248826,0.4854368932038835,1.0,Home Favorite,0.4169402843853439,0.5830597156146561,-0.11357614753953871,0.09762282241077258,0.11357614753953871,UNDERDOG,0,False,0.3311382915278662,0.6688617084721338,-0.1993781403970164,0.18342481526825027,0.1993781403970164,UNDERDOG,0,False,0.3260693824275752,0.6739306175724248,-0.2044470494973074,0.18849372436854128,0.2044470494973074,UNDERDOG,0,False
2026-01-12,La Lakers,Sacramento,9.5,-100.0,-105.0,0.5,0.5121951219512195,0.0,Away Favorite,0.3190170221613057,0.6809829778386943,-0.18098297783869433,0.1687878558874748,0.18098297783869433,UNDERDOG,0,True,0.2355073520547907,0.7644926479452093,-0.2644926479452093,0.2522975259939898,0.2644926479452093,UNDERDOG,0,True,0.5175529948511314,0.4824470051488686,0.017552994851131376,-0.0297481168023509,0.0297481168023509,FAVORITE,1,False
2026-01-12,La Clippers,Charlotte,4.5,-109.0,103.0,0.5215311004784688,0.49261083743842365,0.0,Away Favorite,0.6614310152383741,0.3385689847616259,0.13989991475990526,-0.15404185267679776,0.15404185267679776,FAVORITE,1,False,0.8099479423241384,0.19005205767586164,0.2884168418456695,-0.302558779762562,0.302558779762562,FAVORITE,1,False,0.6495984486599411,0.3504015513400589,0.12806734818147225,-0.14220928609836475,0.14220928609836475,FAVORITE,1,False
2026-01-13,Miami,Phoenix,1.5,105.0,-110.0,0.4878048780487805,0.5238095238095238,1.0,Home Favorite,0.4958234824186239,0.5041765175813762,0.008018604369843418,-0.019633006228147676,0.019633006228147676,FAVORITE,0,False,0.6188566271437577,0.38114337285624234,0.1310517490949772,-0.1426661509532815,0.1426661509532815,FAVORITE,1,True,0.4667955601553231,0.5332044398446769,-0.02100931789345739,0.009394916035153078,0.02100931789345739,UNDERDOG,0,False
2026-01-13,Houston,Chicago,12.5,-111.0,104.0,0.5260663507109005,0.49019607843137253,0.0,Home Favorite,0.4620572148018229,0.5379427851981771,-0.06400913590907759,0.047746706766804536,0.06400913590907759,UNDERDOG,0,True,0.4554917598180589,0.5445082401819411,-0.07057459089284157,0.05431216175056858,0.07057459089284157,UNDERDOG,0,True,0.3854460116490391,0.614553988350961,-0.1406203390618614,0.12435790991958845,0.1406203390618614,UNDERDOG,0,True
2026-01-13,Milwaukee,Minnesota,2.5,-111.0,106.0,0.5260663507109005,0.4854368932038835,0.0,Home Favorite,0.5032061282941045,0.4967938717058955,-0.022860222416795972,0.011356978502012005,0.022860222416795972,UNDERDOG,1,False,0.544655700485291,0.455344299514709,0.01858934977439053,-0.030092593689174496,0.030092593689174496,FAVORITE,1,False,0.5183267131603274,0.4816732868396726,-0.007739637550573053,-0.003763606364210914,0.007739637550573053,UNDERDOG,1,False
2026-01-13,Denver,New Orleans,2.5,-110.0,-110.0,0.5238095238095238,0.5238095238095238,1.0,Away Favorite,0.4898473754107763,0.5101526245892237,-0.03396214839874756,-0.013656899220300112,0.03396214839874756,UNDERDOG,0,False,0.4684100374036045,0.5315899625963956,-0.05539948640591935,0.007780438786871735,0.05539948640591935,UNDERDOG,0,False,0.49120417656662463,0.5087958234333754,-0.03260534724289921,-0.015013700376148464,0.03260534724289921,UNDERDOG,0,False
2026-01-13,Okla City,San Antonio,8.5,-107.0,104.0,0.5169082125603864,0.49019607843137253,0.0,Away Favorite,0.5305679898710634,0.46943201012893665,0.013659777310676913,-0.02076406830243588,0.02076406830243588,FAVORITE,1,False,0.5217549131583687,0.47824508684163125,0.004846700597982312,-0.011950991589741278,0.011950991589741278,FAVORITE,1,False,0.5308755577980574,0.4691244422019426,0.013967345237670958,-0.021071636229429924,0.021071636229429924,FAVORITE,1,False
2026-01-13,Golden State,Portland,10.5,-106.0,104.0,0.5145631067961165,0.49019607843137253,0.0,Away Favorite,0.36478350971338447,0.6352164902866155,-0.14977959708273203,0.145020411855243,0.14977959708273203,UNDERDOG,0,True,0.2984008416572438,0.7015991583427562,-0.2161622651388727,0.21140307991138368,0.2161622651388727,UNDERDOG,0,True,0.34754987635714557,0.6524501236428544,-0.16701323043897093,0.16225404521148185,0.16701323043897093,UNDERDOG,0,True
2026-01-13,Atlanta,La Lakers,3.5,104.0,-114.0,0.49019607843137253,0.5327102803738317,0.0,Away Favorite,0.34712905030988905,0.652870949690111,-0.14306702812148347,0.12016066931627922,0.14306702812148347,UNDERDOG,0,True,0.2991604246751325,0.7008395753248675,-0.19103565375624004,0.1681292949510358,0.19103565375624004,UNDERDOG,0,True,0.328255072492986,0.671744927507014,-0.1619410059383865,0.13903464713318225,0.1619410059383865,UNDERDOG,0,True
2026-01-14,Toronto,Indiana,2.5,104.0,-110.0,0.49019607843137253,0.5238095238095238,1.0,Away Favorite,0.4834735226427435,0.5165264773572564,-0.006722555788629014,-0.0072830464522674054,0.0072830464522674054,FAVORITE,0,False,0.49225947413770876,0.5077405258622912,0.002063395706336235,-0.0160689979472326,0.0160689979472326,FAVORITE,0,False,0.47219141229351486,0.5278085877064851,-0.018004666137857672,0.003999063896961252,0.018004666137857672,UNDERDOG,0,False
2026-01-14,Philadelphia,Cleveland,1.5,106.0,-113.0,0.4854368932038835,0.5305164319248826,0.0,Home Favorite,0.5344030477857141,0.4655969522142859,0.04896615458183062,-0.06491947971059675,0.06491947971059675,FAVORITE,1,False,0.5481422125801986,0.4518577874198014,0.06270531937631507,-0.0786586445050812,0.0786586445050812,FAVORITE,1,False,0.4458599803793583,0.5541400196206416,-0.03957691282452519,0.023623587695759007,0.03957691282452519,UNDERDOG,0,True
2026-01-14,Chicago,Utah,3.5,-110.0,-110.0,0.5238095238095238,0.5238095238095238,0.0,Home Favorite,0.44001661440804185,0.5599833855919581,-0.08379290940148199,0.03617386178243431,0.08379290940148199,UNDERDOG,0,True,0.38848166024190445,0.6115183397580956,-0.1353278635676194,0.08770881594857172,0.1353278635676194,UNDERDOG,0,True,0.4267077734539166,0.5732922265460834,-0.09710175035560725,0.049482702736559525,0.09710175035560725,UNDERDOG,0,True
2026-01-14,Brooklyn,New Orleans,1.5,-110.0,-110.0,0.5238095238095238,0.5238095238095238,0.0,Away Favorite,0.6108567994469319,0.38914320055306806,0.0870472756374081,-0.13466632325645578,0.13466632325645578,FAVORITE,1,False,0.7128309511498389,0.28716904885016115,0.18902142734031502,-0.2366404749593627,0.2366404749593627,FAVORITE,1,False,0.47792206423974554,0.5220779357602545,-0.0458874595697783,-0.001731588049269317,0.0458874595697783,UNDERDOG,0,True
2026-01-14,Dallas,Denver,1.5,-110.0,-103.0,0.5238095238095238,0.5073891625615764,0.0,Home Favorite,0.43768649046371694,0.562313509536283,-0.0861230333458069,0.054924346974706606,0.0861230333458069,UNDERDOG,0,True,0.30425627825859114,0.6957437217414089,-0.2195532455509327,0.18835455917983246,0.2195532455509327,UNDERDOG,0,True,0.419012773244014,0.580987226755986,-0.10479675056550986,0.07359806419440962,0.10479675056550986,UNDERDOG,0,True
2026-01-14,New York,Sacramento,10.5,-110.0,-110.0,0.5238095238095238,0.5238095238095238,0.0,Away Favorite,0.6116886723863729,0.3883113276136271,0.08787914857684909,-0.13549819619589676,0.13549819619589676,FAVORITE,1,False,0.6653792218022848,0.3346207781977152,0.14156969799276098,-0.18918874561180865,0.18918874561180865,FAVORITE,1,False,0.6615676615001288,0.3384323384998712,0.13775813769060496,-0.18537718530965264,0.18537718530965264,FAVORITE,1,False
2026-01-14,La Clippers,Washington,12.5,-108.0,101.0,0.5192307692307693,0.4975124378109453,0.0,Away Favorite,0.46834362387804623,0.5316563761219537,-0.05088714535272304,0.034143938311008426,0.05088714535272304,UNDERDOG,0,True,0.49347585167715,0.50652414832285,-0.02575491755361925,0.009011710511904691,0.02575491755361925,UNDERDOG,0,True,0.4093418500297307,0.5906581499702692,-0.10988891920103855,0.09314571215932393,0.10988891920103855,UNDERDOG,0,True
